"STD.USE_CODE","STD.USE_DESC","MUNI.USE_CODE","MUNI.USE_DESC","MUNI.USE_CODE_underlying","muni_name","matched","initial.use_type","char_count","other","mxu.amend.flag","STD.USE_CODE_comp","comparison"
"101","Single Family Residential","1014","IMPUTED - Single Family Residential","single use","Chatham",1,"single",35,FALSE,FALSE,"101",1
"101","Single Family Residential","101V","SINGLE FAM  MDL-00","single use","Chatham",1,"single",18,FALSE,FALSE,"101",1
"102","Residential Condominium","1021","CONDO NL  MDL-05","single use","Chatham",1,"single",16,FALSE,FALSE,"102",1
"102","Residential Condominium","102V","CONDO NL  MDL-00","single use","Chatham",1,"single",16,FALSE,FALSE,"102",1
"104","Two-Family Residential","104M","TWO FAMILY  MDL-03","single use","Chatham",1,"single",18,FALSE,FALSE,"104",1
"106","Accessory Land with Improvement","106V","AC LND IMP MDL-00","single use","Chatham",1,"single",17,FALSE,FALSE,"106",1
"112","Apartments with More than Eight Units","112C","APT OVER 8 M94
","single use","Swansea",1,"single",16,FALSE,FALSE,"112",1
"140","Child Care Facility","140C","CHILD CARE M94","single use","Swansea",1,"single",14,FALSE,FALSE,"140",1
"102","Residential Condominium","1021","Condo NL  MDL-05","single use","Concord",1,"single",16,FALSE,FALSE,"102",1
"102","Residential Condominium","1027","COMMON LN","single use","Concord",1,"single",9,FALSE,FALSE,"996",0
"130","Developable Residential Land","1301","RES ACLNPO","single use","Concord",1,"single",10,FALSE,FALSE,"106",0
"132","Undevelopable Residential Land","1322","RES UD WET","single use","Concord",1,"single",10,FALSE,FALSE,"290",0
"132","Undevelopable Residential Land","1327","RES COMMON","single use","Concord",1,"single",10,FALSE,FALSE,"996",0
"102","Residential Condominium","102U","AFFORDABLE  MDL-05","single use","Concord",1,"single",18,FALSE,FALSE,"114",0
"130","Developable Residential Land","130V","RES ACLNDV  MDL-00","single use","Concord",1,"single",18,FALSE,FALSE,"106",0
"101","Single Family Residential","101V","Residential - Vacant","single use","Concord",1,"single",20,FALSE,FALSE,"106",0
"101","Single Family Residential","1012","Single Family Waterfront","single use","Marion",1,"single",24,FALSE,FALSE,"101",1
"101","Single Family Residential","1013","Single Family Riverfront","single use","Marion",1,"single",24,FALSE,FALSE,"101",1
"101","Single Family Residential","1014","SFR GOLF","single use","Marion",1,"single",8,FALSE,FALSE,"283",0
"109","Multiple Houses on one parcel","1015","SFR/IN LAW","single use","Marion",1,"single",10,FALSE,FALSE,"109",1
"102","Residential Condominium","1021","Residential Condo","single use","Marion",1,"single",17,FALSE,FALSE,"102",1
"102","Residential Condominium","102R","Condo NL  MDL-0","single use","Marion",1,"single",15,FALSE,FALSE,"102",1
"103","Mobile Home (includes mobile home park land)","1031","Trailer","single use","Marion",1,"single",7,FALSE,FALSE,"103",1
"104","Two-Family Residential","1041","TWO FAM","single use","Marion",1,"single",7,FALSE,FALSE,"104",1
"105","Three-Family Residential","1051","THREE FAM","single use","Marion",1,"single",9,FALSE,FALSE,"105",1
"106","Accessory Land with Improvement","106R","AC LND IMP  MDL","single use","Marion",1,"single",15,FALSE,FALSE,"106",1
"102","Residential Condominium","1021","Condo NL  MDL-05","single use","Chelsea",1,"single",16,FALSE,FALSE,"102",1
"102","Residential Condominium","102V","Condo NL  MDL-00","single use","Chelsea",1,"single",16,FALSE,FALSE,"102",1
"112","Apartments with More than Eight Units","112C","APT OVER 8  MDL-94","single use","Chelsea",1,"single",18,FALSE,FALSE,"112",1
"103","Mobile Home (includes mobile home park land)","103V","MOBILE HOME","single use","Orange",1,"single",11,FALSE,FALSE,"103",1
"101","Single Family Residential","101V","Single Family MDL-00","single use","Groton",1,"single",20,FALSE,FALSE,"101",1
"101","Single Family Residential","1013","IMPUTED - Single Family Residential","single use","Groton",1,"single",35,FALSE,FALSE,"101",1
"102","Residential Condominium","102V","IMPUTED - Residential Condominium","single use","Groton",1,"single",33,FALSE,FALSE,"102",1
"102","Residential Condominium","1021","CONDO NL MDL-05","single use","Palmer",1,"single",15,FALSE,FALSE,"102",1
"103","Mobile Home (includes mobile home park land)","103R","MOBILE HOM MDL-01","single use","Palmer",1,"single",17,FALSE,FALSE,"103",1
"106","Accessory Land with Improvement","106C","AC LND IMP MDL-94
","single use","Palmer",1,"single",19,FALSE,FALSE,"106",1
"106","Accessory Land with Improvement","106V","AC LND IMP MDL-00","single use","Palmer",1,"single",17,FALSE,FALSE,"106",1
"104","Two-Family Residential","1041","TWO FAMILY","single use","Palmer",1,"single",10,FALSE,FALSE,"104",1
"104","Two-Family Residential","104R","TWO FAMILY MDL-01","single use","Palmer",1,"single",17,FALSE,FALSE,"104",1
"102","Residential Condominium","102C","IMPUTED - Residential Condominium","single use","Palmer",1,"single",33,FALSE,FALSE,"102",1
"102","Residential Condominium","102V","IMPUTED - Residential Condominium","single use","Palmer",1,"single",33,FALSE,FALSE,"102",1
"103","Mobile Home (includes mobile home park land)","103V","IMPUTED - Mobile Home (includes mobile home park land)","single use","Palmer",1,"single",54,FALSE,FALSE,"103",1
"104","Two-Family Residential","104I","IMPUTED - Two-Family Residential","single use","Palmer",1,"single",32,FALSE,FALSE,"104",1
"101","Single Family Residential","101 ","IMPUTED - Single Family Residential","single use","Danvers",1,"single",35,FALSE,FALSE,"101",1
"102","Residential Condominium","102 ","IMPUTED - Residential Condominium","single use","Danvers",1,"single",33,FALSE,FALSE,"102",1
"103","Mobile Home (includes mobile home park land)","103 ","IMPUTED - Mobile Home (includes mobile home park land)","single use","Danvers",1,"single",54,FALSE,FALSE,"103",1
"104","Two-Family Residential","104 ","IMPUTED - Two-Family Residential","single use","Danvers",1,"single",32,FALSE,FALSE,"104",1
"105","Three-Family Residential","105 ","IMPUTED - Three-Family Residential","single use","Danvers",1,"single",34,FALSE,FALSE,"105",1
"114","Affordable Housing Units (Greater than 50% of the units qualify)","114 ","IMPUTED - Affordable Housing Units (Greater than 50% of the units qualify)","single use","Danvers",1,"single",74,FALSE,FALSE,"101",0
"125","Other Congregate Housing (includes non-transient shared living arrangements)","125 ","IMPUTED - Other Congregate Housing (includes non-transient shared living arrangements)","single use","Danvers",1,"single",86,TRUE,FALSE,"101",0
"131","Potentially Developable Residential Land","131 ","IMPUTED - Potentially Developable Residential Land","single use","Danvers",1,"single",50,FALSE,FALSE,"131",1
"132","Undevelopable Residential Land","132 ","IMPUTED - Undevelopable Residential Land","single use","Danvers",1,"single",40,FALSE,FALSE,"132",1
"140","Child Care Facility","140 ","IMPUTED - Child Care Facility","single use","Danvers",1,"single",29,FALSE,FALSE,"106",0
"101","Single Family Residential","101V","SINGLE FAMILY VACANT","single use","Pelham",1,"single",20,FALSE,FALSE,"101",1
"106","Accessory Land with Improvement","106V","Accessary Lnd w Imp","single use","Pelham",1,"single",19,FALSE,FALSE,"106",1
"101","Single Family Residential","1011","Single Family No Land","single use","Marlborough",1,"single",21,FALSE,FALSE,"101",1
"101","Single Family Residential","1013","Single Family Water","single use","Marlborough",1,"single",19,FALSE,FALSE,"101",1
"102","Residential Condominium","1021","Condominium","single use","Marlborough",1,"single",11,FALSE,FALSE,"102",1
"102","Residential Condominium","1023","Condo Vac","single use","Marlborough",1,"single",9,FALSE,FALSE,"102",1
"103","Mobile Home (includes mobile home park land)","1034","Mobile Hm w/C","single use","Marlborough",1,"single",13,FALSE,FALSE,"103",1
"121","Rooming and Boarding Houses","1212","Boarding House C","single use","Marlborough",1,"single",16,FALSE,FALSE,"121",1
"101","Single Family Residential","101V","SINGLE FAMILY - VAC","single use","Westhampton",1,"single",19,FALSE,FALSE,"101",1
"102","Residential Condominium","1021","Condominium, table 1","single use","Hudson",1,"single",20,FALSE,FALSE,"102",1
"111","Apartments with Four to Eight Units","111C","Apartments, 4 to 8 units, table C","single use","Hudson",1,"single",33,FALSE,FALSE,"361",0
"140","Child Care Facility","140C","Child Care Facility, table C","single use","Hudson",1,"single",28,FALSE,FALSE,"106",0
"102","Residential Condominium","102V","Residential Condominium, table V","single use","Hudson",1,"single",32,FALSE,FALSE,"102",1
"103","Mobile Home (includes mobile home park land)","103V","Mobile Home, table V","single use","Hudson",1,"single",20,FALSE,FALSE,"103",1
"101","Single Family Residential","1013","Single Family, table 3","single use","Hudson",1,"single",22,FALSE,FALSE,"101",1
"101","Single Family Residential","101V","Single Fam MDL-00","single use","Hudson",1,"single",17,FALSE,FALSE,"101",1
"103","Mobile Home (includes mobile home park land)","103R","Mobile Hom MDL-01","single use","Hudson",1,"single",17,FALSE,FALSE,"103",1
"112","Apartments with More than Eight Units","1129","Assisted Living","single use","Hudson",1,"single",15,FALSE,FALSE,"125",0
"101","Single Family Residential","1013","Single Family Residence","single use","Hubbardston",1,"single",23,FALSE,FALSE,"101",1
"101","Single Family Residential","101V","Single Family Residence","single use","Hubbardston",1,"single",23,FALSE,FALSE,"101",1
"102","Residential Condominium","1021","Condo Residence","single use","Hubbardston",1,"single",15,FALSE,FALSE,"102",1
"104","Two-Family Residential","1043","Multi-Unit Residence","single use","Hubbardston",1,"single",20,FALSE,FALSE,"123",0
"132","Undevelopable Residential Land","1323","Undevelopable Land","single use","Hubbardston",1,"single",18,FALSE,FALSE,"132",1
"101","Single Family Residential","101A","Single Fam - Affordable","single use","Duxbury",1,"single",23,FALSE,FALSE,"101",1
"102","Residential Condominium","102A","Condo - Affordable","single use","Duxbury",1,"single",18,FALSE,FALSE,"102",1
"112","Apartments with More than Eight Units","112V","Apt Over 8 - Vac","single use","Duxbury",1,"single",16,FALSE,FALSE,"106",0
"102","Residential Condominium","1021","Condo","single use","Barre",1,"single",5,FALSE,FALSE,"102",1
"104","Two-Family Residential","104M","TWO FAMILY MDL-03","single use","Barre",1,"single",17,FALSE,FALSE,"104",1
"103","Mobile Home (includes mobile home park land)","103R","Mobile Home Park","single use","Barre",1,"single",16,FALSE,FALSE,"103",1
"104","Two-Family Residential","1041","Two-Family Residential","single use","Barre",1,"single",22,FALSE,FALSE,"104",1
"103","Mobile Home (includes mobile home park land)","1034","Mobile Home (includes mobile home park land)","single use","Wareham",1,"single",44,FALSE,FALSE,"103",1
"103","Mobile Home (includes mobile home park land)","103V","Mobile Home (includes mobile home park land)","single use","Wareham",1,"single",44,FALSE,FALSE,"103",1
"111","Apartments with Four to Eight Units","111R","Apartment 4-8 Units","single use","Wareham",1,"single",19,FALSE,FALSE,"361",0
"112","Apartments with More than Eight Units","112R","Apartment over 8 Units","single use","Wareham",1,"single",22,FALSE,FALSE,"112",1
"101","Single Family Residential","1011","Single Family Residential","single use","Wareham",1,"single",25,FALSE,FALSE,"101",1
"102","Residential Condominium","1021","Residential Condominium","single use","Wareham",1,"single",23,FALSE,FALSE,"102",1
"102","Residential Condominium","102V","Residential Condominium","single use","Wareham",1,"single",23,FALSE,FALSE,"102",1
"104","Two-Family Residential","1041","Two-Family Residential","single use","Wareham",1,"single",22,FALSE,FALSE,"104",1
"102","Residential Condominium","102V","Condo-Vacant","single use","Hingham",1,"single",12,FALSE,FALSE,"102",1
"112","Apartments with More than Eight Units","112C","Apt Over 8","single use","Hingham",1,"single",10,FALSE,FALSE,"112",1
"140","Child Care Facility","140C","Child Care","single use","Hingham",1,"single",10,FALSE,FALSE,"140",1
"101","Single Family Residential","1013","Single Family Waterfront","single use","Hingham",1,"single",24,FALSE,FALSE,"101",1
"101","Single Family Residential","101V","Single Family Vacant","single use","Hingham",1,"single",20,FALSE,FALSE,"101",1
"101","Single Family Residential","101R","Single family home","single use","Abington",1,"single",18,FALSE,FALSE,"101",1
"111","Apartments with Four to Eight Units","111C","Aptartment 4-8 units, comm model","single use","Abington",1,"single",32,FALSE,FALSE,"361",0
"111","Apartments with Four to Eight Units","111M","Aptartment 4-8 units, res type","single use","Abington",1,"single",30,FALSE,FALSE,"361",0
"112","Apartments with More than Eight Units","112C","Aptartment over 8 units, comm model","single use","Abington",1,"single",35,FALSE,FALSE,"112",1
"112","Apartments with More than Eight Units","112M","Aptartment over 8 units, res type","single use","Abington",1,"single",33,FALSE,FALSE,"112",1
"131","Potentially Developable Residential Land","131V","Residential vacant land, potentially developable","single use","Abington",1,"single",48,FALSE,FALSE,"106",0
"101","Single Family Residential","1013","SINGLE FAMILY WATERFRONT
","single use","Hadley",1,"single",26,FALSE,FALSE,"101",1
"101","Single Family Residential","101V","IMPUTED - Single Family Residential","single use","Westwood",1,"single",35,FALSE,FALSE,"101",1
"125","Other Congregate Housing (includes non-transient shared living arrangements)","1252","IMPUTED - Other Congregate Housing (includes non-transient shared living arrangements)","single use","Westwood",1,"single",86,TRUE,FALSE,"101",0
"131","Potentially Developable Residential Land","131V","IMPUTED - Potentially Developable Residential Land","single use","Westwood",1,"single",50,FALSE,FALSE,"131",1
"132","Undevelopable Residential Land","132V","IMPUTED - Undevelopable Residential Land","single use","Westwood",1,"single",40,FALSE,FALSE,"132",1
"140","Child Care Facility","140R","IMPUTED - Child Care Facility","single use","Westwood",1,"single",29,FALSE,FALSE,"106",0
"102","Residential Condominium","102V","Condo - Vacant","single use","Shrewsbury",1,"single",14,FALSE,FALSE,"102",1
"103","Mobile Home (includes mobile home park land)","103V","Mobile Home Vac","single use","Shrewsbury",1,"single",15,FALSE,FALSE,"103",1
"112","Apartments with More than Eight Units","112R","Apt Over 8 - Res","single use","Shrewsbury",1,"single",16,FALSE,FALSE,"112",1
"102","Residential Condominium","1021","Condominium","single use","Millis",1,"single",11,FALSE,FALSE,"102",1
"104","Two-Family Residential","104R","Two Family, Rear","single use","Millis",1,"single",16,FALSE,FALSE,"104",1
"111","Apartments with Four to Eight Units","1111","Four to Eight Units","single use","Millis",1,"single",19,FALSE,FALSE,"111",1
"101","Single Family Residential","101I","SINGLE FAM MDL R","single use","Middleborough",1,"single",16,FALSE,FALSE,"101",1
"101","Single Family Residential","101U","SINGLE FAM MDL R","single use","Middleborough",1,"single",16,FALSE,FALSE,"101",1
"101","Single Family Residential","101V","SINGLE FAM MDL R","single use","Middleborough",1,"single",16,FALSE,FALSE,"101",1
"102","Residential Condominium","1021","CONDO NL R","single use","Middleborough",1,"single",10,FALSE,FALSE,"102",1
"102","Residential Condominium","102R","CONDO MDL-01 R","single use","Middleborough",1,"single",14,FALSE,FALSE,"102",1
"102","Residential Condominium","102V","CONDO MDL-00 R","single use","Middleborough",1,"single",14,FALSE,FALSE,"102",1
"104","Two-Family Residential","1041","TWO FAMILY R","single use","Middleborough",1,"single",12,FALSE,FALSE,"104",1
"104","Two-Family Residential","104U","TWO FAMILY MDL R","single use","Middleborough",1,"single",16,FALSE,FALSE,"104",1
"104","Two-Family Residential","104V","TWO FAMILY MDL R","single use","Middleborough",1,"single",16,FALSE,FALSE,"104",1
"105","Three-Family Residential","105C","THREE FAM MDL- R","single use","Middleborough",1,"single",16,FALSE,FALSE,"105",1
"112","Apartments with More than Eight Units","112C","APT OVER 8","single use","Middleborough",1,"single",10,FALSE,FALSE,"112",1
"112","Apartments with More than Eight Units","112I","APT OVER 8","single use","Middleborough",1,"single",10,FALSE,FALSE,"112",1
"112","Apartments with More than Eight Units","112V","APT OVER 8","single use","Middleborough",1,"single",10,FALSE,FALSE,"112",1
"109","Multiple Houses on one parcel","1012","SINGLE FAM / IN-LAW","single use","Middleborough",1,"single",19,FALSE,FALSE,"101",0
"101","Single Family Residential","1013","SINGLE FAM / RETREAT LOT","single use","Middleborough",1,"single",24,FALSE,FALSE,"101",1
"101","Single Family Residential","1014","SINGLE FAM / AFFORDABLE","single use","Middleborough",1,"single",23,FALSE,FALSE,"101",1
"102","Residential Condominium","1023","CONDO AFFORD","single use","Middleborough",1,"single",12,FALSE,FALSE,"102",1
"109","Multiple Houses on one parcel","1042","TWO FAM W/IN-LAW","single use","Middleborough",1,"single",16,FALSE,FALSE,"104",0
"109","Multiple Houses on one parcel","1052","THREE FAM W/IN-LAW","single use","Middleborough",1,"single",18,FALSE,FALSE,"105",0
"106","Accessory Land with Improvement","1061","VACANT LAND W/ IMP RETREAT","single use","Middleborough",1,"single",26,FALSE,FALSE,"106",1
"130","Developable Residential Land","1301","VAC RETREAT LOT","single use","Middleborough",1,"single",15,FALSE,FALSE,"106",0
"101","Single Family Residential","1015","SF Accessory Apt","single use","Middleborough",1,"single",16,FALSE,FALSE,"106",0
"103","Mobile Home (includes mobile home park land)","1032","Mobile Hom MDL-02","single use","Middleborough",1,"single",17,FALSE,FALSE,"103",1
"140","Child Care Facility","1401","CHILD CARE MDL-01","single use","Middleborough",1,"single",17,FALSE,FALSE,"140",1
"101","Single Family Residential","1012","IMPUTED - Single Family Residential","single use","Carver",1,"single",35,FALSE,FALSE,"101",1
"102","Residential Condominium","102V","IMPUTED - Residential Condominium","single use","East Longmeadow",1,"single",33,FALSE,FALSE,"102",1
"112","Apartments with More than Eight Units","112C","APT OVER 8 MDL-94","single use","Worcester",1,"single",17,FALSE,FALSE,"112",1
"101","Single Family Residential","1011","SINGLE FAM (NL)","single use","Newburyport",1,"single",15,FALSE,FALSE,"101",1
"101","Single Family Residential","1014","SFR GOLF","single use","Newburyport",1,"single",8,FALSE,FALSE,"283",0
"101","Single Family Residential","101V","SINGLE FAM  MDL-00","single use","Newburyport",1,"single",18,FALSE,FALSE,"101",1
"102","Residential Condominium","1021","CONDO  MDL-05","single use","Newburyport",1,"single",13,FALSE,FALSE,"102",1
"102","Residential Condominium","102R","CONDO  MDL-01","single use","Newburyport",1,"single",13,FALSE,FALSE,"102",1
"102","Residential Condominium","102V","CONDO SITE","single use","Newburyport",1,"single",10,FALSE,FALSE,"102",1
"103","Mobile Home (includes mobile home park land)","1031","TRAILER","single use","Newburyport",1,"single",7,FALSE,FALSE,"103",1
"104","Two-Family Residential","1041","TWO FAMILY","single use","Newburyport",1,"single",10,FALSE,FALSE,"104",1
"105","Three-Family Residential","1051","THREE FAM","single use","Newburyport",1,"single",9,FALSE,FALSE,"105",1
"132","Undevelopable Residential Land","1323","IMPUTED - Undevelopable Residential Land","single use","Ashburnham",1,"single",40,FALSE,FALSE,"132",1
"102","Residential Condominium","1021","Condo Townhouse","single use","Lowell",1,"single",15,FALSE,FALSE,"102",1
"112","Apartments with More than Eight Units","112C","APT OVER 8  MDL-94","single use","Lowell",1,"single",18,FALSE,FALSE,"112",1
"121","Rooming and Boarding Houses","121C","Boarding House C","single use","Lowell",1,"single",16,FALSE,FALSE,"121",1
"101","Single Family Residential","101V","Single Fam - Vacant","single use","Rehoboth",1,"single",19,FALSE,FALSE,"101",1
"102","Residential Condominium","102V","Condo","single use","Rehoboth",1,"single",5,FALSE,FALSE,"102",1
"102","Residential Condominium","102V","Condo  MDL-00","single use","Easthampton",1,"single",13,FALSE,FALSE,"102",1
"102","Residential Condominium","1023","Other - Condominium","single use","Lowell",1,"single",19,TRUE,FALSE,"102",1
"104","Two-Family Residential","1041","Residences - Two-Family","single use","Lowell",1,"single",23,FALSE,FALSE,"104",1
"112","Apartments with More than Eight Units","112C","APT OVER 8  MDL-94","single use","Easthampton",1,"single",18,FALSE,FALSE,"112",1
"101","Single Family Residential","101A","Single Family","single use","Plympton",1,"single",13,FALSE,FALSE,"101",1
"104","Two-Family Residential","104D","Single Family","single use","Plympton",1,"single",13,FALSE,FALSE,"101",0
"101","Single Family Residential","101V","Single Family Vacant","single use","Plympton",1,"single",20,FALSE,FALSE,"101",1
"101","Single Family Residential","1013","Single Family (WF)","single use","Wrentham",1,"single",18,FALSE,FALSE,"101",1
"130","Developable Residential Land","1303","Vacant Water FRT","single use","Wrentham",1,"single",16,FALSE,FALSE,"106",0
"105","Three-Family Residential","105C","THREE FAM MDL-94","single use","Wrentham",1,"single",16,FALSE,FALSE,"105",1
"112","Apartments with More than Eight Units","112C","APT OVER MDL-94","single use","Wrentham",1,"single",15,FALSE,FALSE,"112",1
"130","Developable Residential Land","1301","VACANT LAND DEV V","single use","Wrentham",1,"single",17,FALSE,FALSE,"106",0
"111","Apartments with Four to Eight Units","1111","Residential class for an apartment building 7+ units","single use","Northbridge",1,"single",52,FALSE,FALSE,"361",0
"112","Apartments with More than Eight Units","112C","APT OVER 8 M94","single use","Northbridge",1,"single",14,FALSE,FALSE,"112",1
"125","Other Congregate Housing (includes non-transient shared living arrangements)","125C","IMPUTED - Other Congregate Housing (includes non-transient shared living arrangements)","single use","Wrentham",1,"single",86,TRUE,FALSE,"101",0
"102","Residential Condominium","102V","Condo M-00","single use","Northbridge",1,"single",10,FALSE,FALSE,"102",1
"102","Residential Condominium","102A","CONDO AFF","single use","Berlin",1,"single",9,FALSE,FALSE,"102",1
"102","Residential Condominium","102V","Condo","single use","Berlin",1,"single",5,FALSE,FALSE,"102",1
"140","Child Care Facility","140C","Child Care","single use","Berlin",1,"single",10,FALSE,FALSE,"140",1
"102","Residential Condominium","1021","Condo Dupl MDL-05","single use","Blackstone",1,"single",17,FALSE,FALSE,"102",1
"102","Residential Condominium","1022","CONDO APT MDL-05","single use","Blackstone",1,"single",16,FALSE,FALSE,"102",1
"102","Residential Condominium","102R","Condo MDL-05","single use","Blackstone",1,"single",12,FALSE,FALSE,"102",1
"106","Accessory Land with Improvement","106V","AC LND IMP MDL-00","single use","Blackstone",1,"single",17,FALSE,FALSE,"106",1
"112","Apartments with More than Eight Units","112C","APT OVER 8 M-94","single use","Blackstone",1,"single",15,FALSE,FALSE,"112",1
"101","Single Family Residential","1012","COM OF MASS-NON RMB","single use","North Attleborough",1,"single",19,FALSE,FALSE,"125",0
"101","Single Family Residential","1014","SFR GOLF","single use","North Attleborough",1,"single",8,FALSE,FALSE,"283",0
"101","Single Family Residential","101I","Single Fam  MDL-96","single use","North Attleborough",1,"single",18,FALSE,FALSE,"101",1
"101","Single Family Residential","101V","Single Fam  MDL-00","single use","North Attleborough",1,"single",18,FALSE,FALSE,"101",1
"102","Residential Condominium","1021","Condo NL  MDL-05","single use","North Attleborough",1,"single",16,FALSE,FALSE,"102",1
"102","Residential Condominium","102R","Condo NL  MDL-01","single use","North Attleborough",1,"single",16,FALSE,FALSE,"102",1
"103","Mobile Home (includes mobile home park land)","103C","MBLHMPKM94","single use","North Attleborough",1,"single",10,FALSE,FALSE,"103",1
"103","Mobile Home (includes mobile home park land)","103I","MBLHMPKM96","single use","North Attleborough",1,"single",10,FALSE,FALSE,"103",1
"104","Two-Family Residential","1041","TWO FAMILY","single use","North Attleborough",1,"single",10,FALSE,FALSE,"104",1
"104","Two-Family Residential","104R","TWO FAMILY  MDL-01","single use","North Attleborough",1,"single",18,FALSE,FALSE,"104",1
"105","Three-Family Residential","1051","THREE FAM","single use","North Attleborough",1,"single",9,FALSE,FALSE,"105",1
"106","Accessory Land with Improvement","106V","AC LND IMP  MDL-00","single use","North Attleborough",1,"single",18,FALSE,FALSE,"106",1
"140","Child Care Facility","140R","DAYC MDL01","single use","North Attleborough",1,"single",10,FALSE,FALSE,"352",0
"101","Single Family Residential","1014","SINGLE FAMILY AF","single use","Canton",1,"single",16,FALSE,FALSE,"101",1
"102","Residential Condominium","1024","CONDOMINIUM AF
CONDOMINIUM AF","single use","Canton",1,"single",30,FALSE,FALSE,"102",1
"101","Single Family Residential","1012","Single Family Ocean","single use","Gloucester",1,"single",19,FALSE,FALSE,"101",1
"101","Single Family Residential","1013","Single Family Waterfront","single use","Gloucester",1,"single",24,FALSE,FALSE,"101",1
"121","Rooming and Boarding Houses","121C","BOARDING HOUSE C","single use","Gloucester",1,"single",16,FALSE,FALSE,"121",1
"140","Child Care Facility","140C","Child Care Model 94 (Commercial)","single use","Gloucester",1,"single",32,FALSE,FALSE,"140",1
"125","Other Congregate Housing (includes non-transient shared living arrangements)","125C","Other Congregate Housing","single use","North Attleborough",1,"single",24,TRUE,FALSE,"101",0
"121","Rooming and Boarding Houses","121V","APT AC LND MDL-00","single use","North Attleborough",1,"single",17,FALSE,FALSE,"106",0
"102","Residential Condominium","1021","condo nl mdl-05","single use","Wenham",1,"single",15,FALSE,FALSE,"102",1
"130","Developable Residential Land","130R","res acclndv mdl-01","single use","Wenham",1,"single",18,FALSE,FALSE,"106",0
"102","Residential Condominium","1021","Condominium","single use","Norwood",1,"single",11,FALSE,FALSE,"102",1
"111","Apartments with Four to Eight Units","111C","Apartment,Modern","single use","Norwood",1,"single",16,FALSE,FALSE,"361",0
"112","Apartments with More than Eight Units","112R","Apartment, Old Style","single use","Norwood",1,"single",20,FALSE,FALSE,"361",0
"103","Mobile Home (includes mobile home park land)","103V","Trailer Park","single use","Wales",1,"single",12,FALSE,FALSE,"103",1
"101","Single Family Residential","1013","Single Family","single use","Southwick",1,"single",13,FALSE,FALSE,"101",1
"101","Single Family Residential","101A","Single Family","single use","Southwick",1,"single",13,FALSE,FALSE,"101",1
"102","Residential Condominium","1021","Condominium","single use","Southwick",1,"single",11,FALSE,FALSE,"102",1
"102","Residential Condominium","102U","Condominium","single use","Southwick",1,"single",11,FALSE,FALSE,"102",1
"101","Single Family Residential","1011","Single Family Residential","single use","Hinsdale",1,"single",25,FALSE,FALSE,"101",1
"106","Accessory Land with Improvement","106V","AC LND IMP  MDL-00","single use","Shutesbury",1,"single",18,FALSE,FALSE,"106",1
"102","Residential Condominium","1021","Condo","single use","Southampton",1,"single",5,FALSE,FALSE,"102",1
"111","Apartments with Four to Eight Units","111I","apartments, 4 to 8 units","single use","Southampton",1,"single",24,FALSE,FALSE,"361",0
"102","Residential Condominium","102V","Residential Condominium","single use","Norwell",1,"single",23,FALSE,FALSE,"102",1
"101","Single Family Residential","101V","SIngle Family Vacant","single use","Norwell",1,"single",20,FALSE,FALSE,"101",1
"101","Single Family Residential","1013","Single Family Residential","single use","Hanover",1,"single",25,FALSE,FALSE,"101",1
"102","Residential Condominium","102V","Residential Condominium","single use","Hanover",1,"single",23,FALSE,FALSE,"102",1
"101","Single Family Residential","1014","SFR GOLF","single use","Hanover",1,"single",8,FALSE,FALSE,"283",0
"101","Single Family Residential","101V","SINGLE FAM-MDL 00","single use","Hanover",1,"single",17,FALSE,FALSE,"101",1
"140","Child Care Facility","140C","IMPUTED - Child Care Facility","single use","Hanover",1,"single",29,FALSE,FALSE,"106",0
"102","Residential Condominium","1021","Residential Condominium","single use","South Hadley",1,"single",23,FALSE,FALSE,"102",1
"102","Residential Condominium","102V","Residential Condominium - Vacant","single use","South Hadley",1,"single",32,FALSE,FALSE,"102",1
"101","Single Family Residential","1012","SFR W ACCESSORY APT","single use","Sutton",1,"single",19,FALSE,FALSE,"106",0
"102","Residential Condominium","1021","CONDO NL M05","single use","Sutton",1,"single",12,FALSE,FALSE,"102",1
"109","Multiple Houses on one parcel","1041","IN-LAW APARTMENT","single use","Westport",1,"single",16,FALSE,FALSE,"109",1
"109","Multiple Houses on one parcel","1012","Single Family w/ In-Law Apartment","single use","Holland",1,"single",33,FALSE,FALSE,"101",0
"101","Single Family Residential","1013","Single Family Water Front","single use","Holland",1,"single",25,FALSE,FALSE,"101",1
"101","Single Family Residential","1013","Single Family Residential","single use","Amesbury",1,"single",25,FALSE,FALSE,"101",1
"102","Residential Condominium","1021","Residential Condominium","single use","Amesbury",1,"single",23,FALSE,FALSE,"102",1
"104","Two-Family Residential","1041","Two-Family Residential","single use","Amesbury",1,"single",22,FALSE,FALSE,"104",1
"102","Residential Condominium","102V","IMPUTED - Residential Condominium","single use","Sutton",1,"single",33,FALSE,FALSE,"102",1
"104","Two-Family Residential","1041","TWO FAMILY","single use","Sutton",1,"single",10,FALSE,FALSE,"104",1
"104","Two-Family Residential","104A","IMPUTED - Two-Family Residential","single use","Salisbury",1,"single",32,FALSE,FALSE,"104",1
"132","Undevelopable Residential Land","1322","Undevelopable Residential Land","single use","Oak Bluffs",1,"single",30,FALSE,FALSE,"132",1
"132","Undevelopable Residential Land","1321","IMPUTED - Undevelopable Residential Land","single use","Chilmark",1,"single",40,FALSE,FALSE,"132",1
"102","Residential Condominium","1021","CONDO - NO LAND","single use","Aquinnah",1,"single",15,FALSE,FALSE,"102",1
"131","Potentially Developable Residential Land","1311","Vacant Land Owned by an Abutter","single use","Aquinnah",1,"single",31,FALSE,FALSE,"106",0
"132","Undevelopable Residential Land","132B","Unbuildable Land - B stands for Beach Parking","single use","Aquinnah",1,"single",45,FALSE,FALSE,"103",0
"102","Residential Condominium","1021","Condominium","single use","Millbury",1,"single",11,FALSE,FALSE,"102",1
"102","Residential Condominium","102V","Condo NL","single use","Millbury",1,"single",8,FALSE,FALSE,"102",1
"106","Accessory Land with Improvement","1061","AC LND IMP","single use","Millbury",1,"single",10,FALSE,FALSE,"106",1
"112","Apartments with More than Eight Units","112C","APT OVER 8","single use","Millbury",1,"single",10,FALSE,FALSE,"112",1
"101","Single Family Residential","101V","SINGLE FAM MDL-00","single use","Easton",1,"single",17,FALSE,FALSE,"101",1
"102","Residential Condominium","1021","CONDO NL MDL-00","single use","Easton",1,"single",15,FALSE,FALSE,"102",1
"102","Residential Condominium","102U","CONDO NL MDL-05","single use","Easton",1,"single",15,FALSE,FALSE,"102",1
"112","Apartments with More than Eight Units","112C","PT OVER 8 MDL-94","single use","Easton",1,"single",16,FALSE,FALSE,"112",1
"106","Accessory Land with Improvement","106C","AC LND IMP MDL-94","single use","Easton",1,"single",17,FALSE,FALSE,"106",1
"112","Apartments with More than Eight Units","112M","APT OVER 8 MDL-03","single use","Easton",1,"single",17,FALSE,FALSE,"112",1
"102","Residential Condominium","1021","Condo","single use","Wilmington",1,"single",5,FALSE,FALSE,"102",1
"101","Single Family Residential","1011","Single Family Residential","single use","Wilmington",1,"single",25,FALSE,FALSE,"101",1
"101","Single Family Residential","1013","Single Family Residential","single use","Wilmington",1,"single",25,FALSE,FALSE,"101",1
"102","Residential Condominium","1023","Condo","single use","Wilmington",1,"single",5,FALSE,FALSE,"102",1
"102","Residential Condominium","1029","Condo","single use","Wilmington",1,"single",5,FALSE,FALSE,"102",1
"101","Single Family Residential","1012","Single Family Residential","single use","Boxford",1,"single",25,FALSE,FALSE,"101",1
"101","Single Family Residential","1013","Single Family Residential","single use","Boxford",1,"single",25,FALSE,FALSE,"101",1
"102","Residential Condominium","1021","Condominium","single use","Boxford",1,"single",11,FALSE,FALSE,"102",1
"102","Residential Condominium","102R","IMPUTED - Residential Condominium","single use","Boxford",1,"single",33,FALSE,FALSE,"102",1
"101","Single Family Residential","1014","SINGLE FAM W/AUXILIARY APT","single use","Cambridge",1,"single",26,FALSE,FALSE,"101",1
"132","Undevelopable Residential Land","1322","RES-UDV-PARK LND","single use","Cambridge",1,"single",16,FALSE,FALSE,"103",0
"101","Single Family Residential","101V","SINGLE FAMILY","single use","Ludlow",1,"single",13,FALSE,FALSE,"101",1
"103","Mobile Home (includes mobile home park land)","103V","MOBILE HOME","single use","Ludlow",1,"single",11,FALSE,FALSE,"103",1
"106","Accessory Land with Improvement","106R","ACC LAND W/IMP","single use","Ludlow",1,"single",14,FALSE,FALSE,"106",1
"109","Multiple Houses on one parcel","1012","SFR Inlaw MDL-0","single use","Otis",1,"single",15,FALSE,FALSE,"109",1
"103","Mobile Home (includes mobile home park land)","1031","Trailer MDL-02","single use","Otis",1,"single",14,FALSE,FALSE,"103",1
"106","Accessory Land with Improvement","106V","AC LND IMP MDL","single use","Otis",1,"single",14,FALSE,FALSE,"106",1
"130","Developable Residential Land","130V","RES ACLNDV MDL","single use","Otis",1,"single",14,FALSE,FALSE,"106",0
"131","Potentially Developable Residential Land","131V","RES ACLNDV MDL","single use","Otis",1,"single",14,FALSE,FALSE,"106",0
"132","Undevelopable Residential Land","132V","RES ACLNDV MDL","single use","Otis",1,"single",14,FALSE,FALSE,"106",0
"103","Mobile Home (includes mobile home park land)","103A","Trailer Mdl-00","single use","Otis",1,"single",14,FALSE,FALSE,"103",1
"103","Mobile Home (includes mobile home park land)","103R","IMPUTED - Mobile Home (includes mobile home park land)","single use","Otis",1,"single",54,FALSE,FALSE,"103",1
"101","Single Family Residential","1012","Single Family Condo","single use","Orleans",1,"single",19,FALSE,FALSE,"101",1
"102","Residential Condominium","1021","SF Condos","single use","Orleans",1,"single",9,FALSE,FALSE,"102",1
"101","Single Family Residential","101C","Single Family Residential","single use","Oxford",1,"single",25,FALSE,FALSE,"101",1
"101","Single Family Residential","101V","Single Family Residential","single use","Oxford",1,"single",25,FALSE,FALSE,"101",1
"103","Mobile Home (includes mobile home park land)","103V","Mobile Home (includes mobile home park land)","single use","Oxford",1,"single",44,FALSE,FALSE,"103",1
"102","Residential Condominium","1021","Condominium","single use","Dartmouth",1,"single",11,FALSE,FALSE,"102",1
"140","Child Care Facility","140I","Child Care Facility","single use","Dartmouth",1,"single",19,FALSE,FALSE,"106",0
"101","Single Family Residential","101V","IMPUTED - Single Family Residential","single use","Dartmouth",1,"single",35,FALSE,FALSE,"101",1
"125","Other Congregate Housing (includes non-transient shared living arrangements)","125C","Other Congregate Housing (includes non-transient shared living arrangements)","single use","Newton",1,"single",76,TRUE,FALSE,"101",0
"140","Child Care Facility","140C","Child Care Facility","single use","Newton",1,"single",19,FALSE,FALSE,"106",0
"102","Residential Condominium","1021","Condominium","single use","Paxton",1,"single",11,FALSE,FALSE,"102",1
"102","Residential Condominium","1021","Condo NL","single use","East Brookfield",1,"single",8,FALSE,FALSE,"102",1
"102","Residential Condominium","1021","Condo NL MDL-0","single use","Acton",1,"single",14,FALSE,FALSE,"102",1
"102","Residential Condominium","102V","Condo NL MDL-0","single use","Acton",1,"single",14,FALSE,FALSE,"102",1
"112","Apartments with More than Eight Units","112C","APT OVER 8 MDL","single use","Acton",1,"single",14,FALSE,FALSE,"112",1
"132","Undevelopable Residential Land","1321","RES ACLNNV","single use","Acton",1,"single",10,FALSE,FALSE,"106",0
"105","Three-Family Residential","1051","Three-Family Residential","single use","Acton",1,"single",24,FALSE,FALSE,"105",1
"102","Residential Condominium","102C","Commercial Condominium","single use","Leominster",1,"single",22,FALSE,FALSE,"102",1
"102","Residential Condominium","102V","Vacant Condominium","single use","Leominster",1,"single",18,FALSE,FALSE,"102",1
"102","Residential Condominium","102R","Residential Condominium","single use","Leominster",1,"single",23,FALSE,FALSE,"102",1
"103","Mobile Home (includes mobile home park land)","103V","Vacant Mobile Home","single use","Leominster",1,"single",18,FALSE,FALSE,"103",1
"105","Three-Family Residential","105C","Three-Family Commercial","single use","Leominster",1,"single",23,FALSE,FALSE,"105",1
"140","Child Care Facility","140C","Child Care Facility Commercial","single use","Leominster",1,"single",30,FALSE,FALSE,"106",0
"140","Child Care Facility","140I","Child Care Facility Industrial","single use","Leominster",1,"single",30,FALSE,FALSE,"106",0
"102","Residential Condominium","1021","condo","single use","Leominster",1,"single",5,FALSE,FALSE,"102",1
"103","Mobile Home (includes mobile home park land)","1032","mobile home","single use","Leominster",1,"single",11,FALSE,FALSE,"103",1
"112","Apartments with More than Eight Units","1129","assisted living","single use","Leominster",1,"single",15,FALSE,FALSE,"125",0
"112","Apartments with More than Eight Units","1121","Apartment >8 C","single use","Leominster",1,"single",14,FALSE,FALSE,"361",0
"121","Rooming and Boarding Houses","1211","Boarding House C","single use","Leominster",1,"single",16,FALSE,FALSE,"121",1
"106","Accessory Land with Improvement","106V","AC LND IMP MDL-00","single use","Westminster",1,"single",17,FALSE,FALSE,"106",1
"102","Residential Condominium","1021","CONDO NL","single use","Westminster",1,"single",8,FALSE,FALSE,"102",1
"140","Child Care Facility","1401","Daycare","single use","Westminster",1,"single",7,FALSE,FALSE,"140",1
"102","Residential Condominium","102R","CONDO MDL -01","single use","Tewksbury",1,"single",13,FALSE,FALSE,"102",1
"109","Multiple Houses on one parcel","1011","SFR INLAW/ RSTR 2ND UNIT","single use","Tewksbury",1,"single",24,FALSE,FALSE,"109",1
"112","Apartments with More than Eight Units","112C","APT OVER 8  MDL-94","single use","West Springfield",1,"single",18,FALSE,FALSE,"112",1
"105","Three-Family Residential","1051","THREE FAM","single use","West Springfield",1,"single",9,FALSE,FALSE,"105",1
"102","Residential Condominium","1021","CONDO NL","single use","West Springfield",1,"single",8,FALSE,FALSE,"102",1
"103","Mobile Home (includes mobile home park land)","103V","MOBILE HME  MDL-00","single use","West Springfield",1,"single",18,FALSE,FALSE,"103",1
"112","Apartments with More than Eight Units","112I","APT OVER 8  MDL-96","single use","West Springfield",1,"single",18,FALSE,FALSE,"112",1
"112","Apartments with More than Eight Units","112R","Residential Apt over 8","single use","Randolph",1,"single",22,FALSE,FALSE,"112",1
"101","Single Family Residential","1014","SFR GOLF","single use","West Springfield",1,"single",8,FALSE,FALSE,"283",0
"101","Single Family Residential","101I","SINGLE FAM MDL R","single use","Chelmsford",1,"single",16,FALSE,FALSE,"101",1
"101","Single Family Residential","101U","SINGLE FAM MDL R","single use","Chelmsford",1,"single",16,FALSE,FALSE,"101",1
"101","Single Family Residential","101V","SINGLE FAM MDL R","single use","Chelmsford",1,"single",16,FALSE,FALSE,"101",1
"102","Residential Condominium","1021","CONDO NL R","single use","Chelmsford",1,"single",10,FALSE,FALSE,"102",1
"102","Residential Condominium","102R","CONDO MDL-01 R","single use","Chelmsford",1,"single",14,FALSE,FALSE,"102",1
"102","Residential Condominium","102V","CONDO MDL-00 R","single use","Chelmsford",1,"single",14,FALSE,FALSE,"102",1
"104","Two-Family Residential","1041","TWO FAMILY R","single use","Chelmsford",1,"single",12,FALSE,FALSE,"104",1
"104","Two-Family Residential","104U","TWO FAMILY MDL R","single use","Chelmsford",1,"single",16,FALSE,FALSE,"104",1
"104","Two-Family Residential","104V","TWO FAMILY MDL R","single use","Chelmsford",1,"single",16,FALSE,FALSE,"104",1
"105","Three-Family Residential","105C","THREE FAM MDL- R","single use","Chelmsford",1,"single",16,FALSE,FALSE,"105",1
"112","Apartments with More than Eight Units","112C","APT OVER 8","single use","Chelmsford",1,"single",10,FALSE,FALSE,"112",1
"112","Apartments with More than Eight Units","112I","APT OVER 8","single use","Chelmsford",1,"single",10,FALSE,FALSE,"112",1
"112","Apartments with More than Eight Units","112V","APT OVER 8","single use","Chelmsford",1,"single",10,FALSE,FALSE,"112",1
"102","Residential Condominium","102U","CONDO NL MDL-05","single use","Chelmsford",1,"single",15,FALSE,FALSE,"102",1
"130","Developable Residential Land","130V","RES ACLNDV MDL-00","single use","Chelmsford",1,"single",17,FALSE,FALSE,"106",0
"140","Child Care Facility","140C","CHILD CARE COMM","single use","Chelmsford",1,"single",15,FALSE,FALSE,"140",1
"104","Two-Family Residential","1043","IMPUTED - Two-Family Residential","single use","Chelmsford",1,"single",32,FALSE,FALSE,"104",1
"102","Residential Condominium","102V","Vacant Condominium","single use","Stow",1,"single",18,FALSE,FALSE,"102",1
"111","Apartments with Four to Eight Units","111C","Apartment, 4 Unit","single use","Stow",1,"single",17,FALSE,FALSE,"361",0
"102","Residential Condominium","1021","Condo NL MDL-05","single use","Attleboro",1,"single",15,FALSE,FALSE,"102",1
"103","Mobile Home (includes mobile home park land)","103C","Mobile Hom MDL-94","single use","Attleboro",1,"single",17,FALSE,FALSE,"103",1
"103","Mobile Home (includes mobile home park land)","103V","Mobile Hom MDL-00","single use","Attleboro",1,"single",17,FALSE,FALSE,"103",1
"112","Apartments with More than Eight Units","1124","APT OVER 8","single use","Attleboro",1,"single",10,FALSE,FALSE,"112",1
"112","Apartments with More than Eight Units","112C","APT OVER 8 MDL-94","single use","Attleboro",1,"single",17,FALSE,FALSE,"112",1
"103","Mobile Home (includes mobile home park land)","103R","IMPUTED - Mobile Home (includes mobile home park land)","single use","Attleboro",1,"single",54,FALSE,FALSE,"103",1
"140","Child Care Facility","140C","IMPUTED - Child Care Facility","single use","Attleboro",1,"single",29,FALSE,FALSE,"106",0
"102","Residential Condominium","1021","Condominium NL MDL-05","single use","Sharon",1,"single",21,FALSE,FALSE,"102",1
"131","Potentially Developable Residential Land","1311","Residential ACLNCD","single use","Sharon",1,"single",18,FALSE,FALSE,"106",0
"102","Residential Condominium","102C","Condominium NL MDL-94","single use","Sharon",1,"single",21,FALSE,FALSE,"102",1
"102","Residential Condominium","102I","Condominium NL MDL-96","single use","Sharon",1,"single",21,FALSE,FALSE,"102",1
"111","Apartments with Four to Eight Units","111C","Apartment 4-UNT MDL-94","single use","Sharon",1,"single",22,FALSE,FALSE,"361",0
"101","Single Family Residential","1015","IMPUTED - Single Family Residential","single use","Sharon",1,"single",35,FALSE,FALSE,"101",1
"102","Residential Condominium","1021","Condo (NL)","single use","Woburn",1,"single",10,FALSE,FALSE,"102",1
"109","Multiple Houses on one parcel","1014","SINGLE FAMILY W/ IN-LAW","single use","Avon",1,"single",23,FALSE,FALSE,"101",0
"102","Residential Condominium","1021","Condo NL","single use","Avon",1,"single",8,FALSE,FALSE,"102",1
"101","Single Family Residential","1011","Single family","single use","Topsfield",1,"single",13,FALSE,FALSE,"101",1
"101","Single Family Residential","101A","IMPUTED - Single Family Residential","single use","Whitman",1,"single",35,FALSE,FALSE,"101",1
"103","Mobile Home (includes mobile home park land)","103R","Mobile Home MDL 01","single use","Agawam",1,"single",18,FALSE,FALSE,"103",1
"104","Two-Family Residential","104R","TWO FAMILY MDL 01","single use","Agawam",1,"single",17,FALSE,FALSE,"104",1
"105","Three-Family Residential","105R","THREE FAMILY MDL 01","single use","Agawam",1,"single",19,FALSE,FALSE,"105",1
"112","Apartments with More than Eight Units","112R","APT OVER 8","single use","Agawam",1,"single",10,FALSE,FALSE,"112",1
"125","Other Congregate Housing (includes non-transient shared living arrangements)","125R","CONGREGATE HOUSING","single use","Agawam",1,"single",18,FALSE,FALSE,"101",0
"140","Child Care Facility","140R","CHILD CARE MDL 01","single use","Agawam",1,"single",17,FALSE,FALSE,"140",1
"101","Single Family Residential","1013","SINGLE FAMILY WATER","single use","Sturbridge",1,"single",19,FALSE,FALSE,"101",1
"102","Residential Condominium","1021","CONDO NL","single use","Sturbridge",1,"single",8,FALSE,FALSE,"102",1
"103","Mobile Home (includes mobile home park land)","1031","MOBILE HOME V","single use","Sturbridge",1,"single",13,FALSE,FALSE,"103",1
"103","Mobile Home (includes mobile home park land)","103C","MOBILE HOME C","single use","Sturbridge",1,"single",13,FALSE,FALSE,"103",1
"111","Apartments with Four to Eight Units","1111","APARTMENT 4 TO 8 UNITS C","single use","Sturbridge",1,"single",24,FALSE,FALSE,"361",0
"132","Undevelopable Residential Land","132C","Undevelopable Residential Land","single use","Barnstable",1,"single",30,FALSE,FALSE,"132",1
"102","Residential Condominium","1021","Boarding House","single use","Rutland",1,"single",14,FALSE,FALSE,"121",0
"112","Apartments with More than Eight Units","1121","Apt Over 8","single use","Rutland",1,"single",10,FALSE,FALSE,"112",1
"112","Apartments with More than Eight Units","112C","Apt Over 8","single use","Rutland",1,"single",10,FALSE,FALSE,"112",1
"130","Developable Residential Land","130R","Res ACLNDV MDL-01 Rear land","single use","Rutland",1,"single",27,FALSE,FALSE,"106",0
"125","Other Congregate Housing (includes non-transient shared living arrangements)","1259","Bed & Breakfasts","single use","Barnstable",1,"single",16,FALSE,FALSE,"326",0
"112","Apartments with More than Eight Units","112C","Apartment over 8 units","single use","Barnstable",1,"single",22,FALSE,FALSE,"112",1
"101","Single Family Residential","101V","Single Fam M-00","single use","Barnstable",1,"single",15,FALSE,FALSE,"101",1
"102","Residential Condominium","102V","Condominium M-00","single use","Barnstable",1,"single",16,FALSE,FALSE,"102",1
"106","Accessory Land with Improvement","106R","Accessory Res Mdl","single use","Barnstable",1,"single",17,FALSE,FALSE,"106",1
"102","Residential Condominium","1021","Condo NL MDL-0","single use","Boylston",1,"single",14,FALSE,FALSE,"102",1
"106","Accessory Land with Improvement","106I","AC LND IMP MDL","single use","Boylston",1,"single",14,FALSE,FALSE,"106",1
"101","Single Family Residential","1013","IMPUTED - Single Family Residential","single use","Southbridge",1,"single",35,FALSE,FALSE,"101",1
"102","Residential Condominium","1021","Condo","single use","Granby",1,"single",5,FALSE,FALSE,"102",1
"106","Accessory Land with Improvement","106V","Accessory land w/improvement - vacant","single use","Granby",1,"single",37,FALSE,FALSE,"106",1
"101","Single Family Residential","1012","Single Fam Ocean Front","single use","Quincy",1,"single",22,FALSE,FALSE,"101",1
"109","Multiple Houses on one parcel","1015","Single Fam in Law","single use","Quincy",1,"single",17,FALSE,FALSE,"101",0
"109","Multiple Houses on one parcel","1016","ONE FAMILY W/DAYCARE","single use","Quincy",1,"single",20,FALSE,FALSE,"109",1
"102","Residential Condominium","1021","Condo","single use","Quincy",1,"single",5,FALSE,FALSE,"102",1
"101","Single Family Residential","1013","Single Family Residential","single use","Edgartown",1,"single",25,FALSE,FALSE,"101",1
"102","Residential Condominium","1021","Residence, Condominium","single use","Edgartown",1,"single",22,FALSE,FALSE,"102",1
"130","Developable Residential Land","130R","Res Aclndv","single use","Lakeville",1,"single",10,FALSE,FALSE,"106",0
"103","Mobile Home (includes mobile home park land)","103V","Mobile Home","single use","Lakeville",1,"single",11,FALSE,FALSE,"103",1
"102","Residential Condominium","1021","Condo NL MDL-05","single use","Dudley",1,"single",15,FALSE,FALSE,"102",1
"131","Potentially Developable Residential Land","131V","RES ACLNPO MDL-00","single use","Rochester",1,"single",17,FALSE,FALSE,"106",0
"102","Residential Condominium","1021","Condo NL MDL-0 R","single use","Wilbraham",1,"single",16,FALSE,FALSE,"102",1
"130","Developable Residential Land","130V","RES ACLND V MDL","single use","Wilbraham",1,"single",15,FALSE,FALSE,"106",0
"101","Single Family Residential","1013","Bungalow","single use","Dracut",1,"single",8,FALSE,FALSE,"918",0
"101","Single Family Residential","1015","Bungalow","single use","Dracut",1,"single",8,FALSE,FALSE,"918",0
"102","Residential Condominium","1021","Condominium","single use","Dracut",1,"single",11,FALSE,FALSE,"102",1
"111","Apartments with Four to Eight Units","1113","Apartments","single use","Dracut",1,"single",10,FALSE,FALSE,"361",0
"101","Single Family Residential","101M","Single Family Residence","single use","Winthrop",1,"single",23,FALSE,FALSE,"101",1
"102","Residential Condominium","1021","Condominium","single use","Winthrop",1,"single",11,FALSE,FALSE,"102",1
"104","Two-Family Residential","104M","Two Family Residence","single use","Winthrop",1,"single",20,FALSE,FALSE,"104",1
"105","Three-Family Residential","105M","Three Family Residence","single use","Winthrop",1,"single",22,FALSE,FALSE,"105",1
"102","Residential Condominium","1021","CONDO SF","single use","Dennis",1,"single",8,FALSE,FALSE,"102",1
"102","Residential Condominium","1023","MOTEL TYPE CONDO","single use","Dennis",1,"single",16,FALSE,FALSE,"102",1
"104","Two-Family Residential","104R","IMPUTED - Two-Family Residential","single use","Russell",1,"single",32,FALSE,FALSE,"104",1
"101","Single Family Residential","101V","IMPUTED - Single Family Residential","single use","Russell",1,"single",35,FALSE,FALSE,"101",1
"125","Other Congregate Housing (includes non-transient shared living arrangements)","125C","Assisted Living Facility","single use","Weston",1,"single",24,FALSE,FALSE,"106",0
"140","Child Care Facility","140C","Child Care Facility","single use","Weston",1,"single",19,FALSE,FALSE,"106",0
"102","Residential Condominium","102V","CONDO MDL-00","single use","Somerville",1,"single",12,FALSE,FALSE,"102",1
"112","Apartments with More than Eight Units","112C","APT OVER 8 MDL-94","single use","Somerville",1,"single",17,FALSE,FALSE,"112",1
"112","Apartments with More than Eight Units","112V","APT OVER 8 MDL-00","single use","Somerville",1,"single",17,FALSE,FALSE,"112",1
"101","Single Family Residential","1012","Single Family Ocean front","single use","Rockport",1,"single",25,FALSE,FALSE,"101",1
"102","Residential Condominium","1021","Condominium","single use","Rockport",1,"single",11,FALSE,FALSE,"102",1
"102","Residential Condominium","1023","Condo vacant land","single use","Rockport",1,"single",17,FALSE,FALSE,"102",1
"101","Single Family Residential","1011","Single Family w/ accessory apartment","single use","Rockport",1,"single",36,FALSE,FALSE,"101",1
"102","Residential Condominium","1021","Condo NL  MDL-05","single use","Holden",1,"single",16,FALSE,FALSE,"102",1
"102","Residential Condominium","102V","Condo NL  MDL-00","single use","Holden",1,"single",16,FALSE,FALSE,"102",1
"140","Child Care Facility","140C","Child Care","single use","Holden",1,"single",10,FALSE,FALSE,"140",1
"102","Residential Condominium","102R","CONDO RES MODEL","single use","Mansfield",1,"single",15,FALSE,FALSE,"102",1
"112","Apartments with More than Eight Units","112V","ACC APT LND","single use","Mansfield",1,"single",11,FALSE,FALSE,"106",0
"106","Accessory Land with Improvement","106V","AC LND IMP  MDL-00","single use","Lexington",1,"single",18,FALSE,FALSE,"106",1
"102","Residential Condominium","102A","AFFORDABLE RES CONDO","single use","Lexington",1,"single",20,FALSE,FALSE,"102",1
"106","Accessory Land with Improvement","106I","AC LND IMP  MDL-96","single use","Lexington",1,"single",18,FALSE,FALSE,"106",1
"112","Apartments with More than Eight Units","112I","APT OVER 8  MDL-96","single use","Lexington",1,"single",18,FALSE,FALSE,"112",1
"102","Residential Condominium","1021","Condo NL MDL-05","single use","Dedham",1,"single",15,FALSE,FALSE,"102",1
"101","Single Family Residential","101V","Single Family - Vacant","single use","Amherst",1,"single",22,FALSE,FALSE,"101",1
"104","Two-Family Residential","104V","TWO FAMILY  MDL-00","single use","Amherst",1,"single",18,FALSE,FALSE,"104",1
"132","Undevelopable Residential Land","1322","Res Conserv Vac","single use","Amherst",1,"single",15,FALSE,FALSE,"106",0
"101","Single Family Residential","1011","Single Family - NL","single use","Amherst",1,"single",18,FALSE,FALSE,"101",1
"102","Residential Condominium","102R","Condo - Res","single use","Amherst",1,"single",11,FALSE,FALSE,"102",1
"102","Residential Condominium","102V","Condo - Vacant","single use","Amherst",1,"single",14,FALSE,FALSE,"102",1
"122","Fraternity and Sorority Houses","122C","Frat/Sorority - Com","single use","Amherst",1,"single",19,FALSE,FALSE,"122",1
"104","Two-Family Residential","1043","TWO FAMILY WTR","single use","Dedham",1,"single",14,FALSE,FALSE,"104",1
"105","Three-Family Residential","1053","THREE FAM WTR","single use","Dedham",1,"single",13,FALSE,FALSE,"105",1
"106","Accessory Land with Improvement","1063","AC IMP WTR","single use","Dedham",1,"single",10,FALSE,FALSE,"106",1
"106","Accessory Land with Improvement","106V","Ac Imp MDL-00","single use","Dedham",1,"single",13,FALSE,FALSE,"106",1
"140","Child Care Facility","140C","CHILD CARE C","single use","Dedham",1,"single",12,FALSE,FALSE,"140",1
"102","Residential Condominium","102C","condo commercial","single use","Lunenburg",1,"single",16,FALSE,FALSE,"102",1
"103","Mobile Home (includes mobile home park land)","103C","mobil home park","single use","Lunenburg",1,"single",15,FALSE,FALSE,"103",1
"112","Apartments with More than Eight Units","112C","Apartment complex","single use","Lunenburg",1,"single",17,FALSE,FALSE,"361",0
"103","Mobile Home (includes mobile home park land)","103V","Mobile home - vacant","single use","Lunenburg",1,"single",20,FALSE,FALSE,"103",1
"101","Single Family Residential","1013","SINGLE FAM MDL R","single use","Clinton",1,"single",16,FALSE,FALSE,"101",1
"102","Residential Condominium","1021","CONDO NL R","single use","Clinton",1,"single",10,FALSE,FALSE,"102",1
"103","Mobile Home (includes mobile home park land)","1031","MOBILE HOME","single use","Clinton",1,"single",11,FALSE,FALSE,"103",1
"101","Single Family Residential","101C","SINGLE FAM C","single use","Clinton",1,"single",12,FALSE,FALSE,"101",1
"102","Residential Condominium","102A","CONDO NL V","single use","Clinton",1,"single",10,FALSE,FALSE,"102",1
"112","Apartments with More than Eight Units","112C","APT OVER 8 MDL-94","single use","Clinton",1,"single",17,FALSE,FALSE,"112",1
"102","Residential Condominium","1022","Condo Apartments","single use","Clinton",1,"single",16,FALSE,FALSE,"102",1
"130","Developable Residential Land","130R","Residential Vacant Land","single use","Clinton",1,"single",23,FALSE,FALSE,"106",0
"102","Residential Condominium","102V","Developable Condominium Lot, Vacant","single use","Clinton",1,"single",35,FALSE,FALSE,"102",1
"102","Residential Condominium","1021","Condo NL","single use","Norfolk",1,"single",8,FALSE,FALSE,"102",1
"111","Apartments with Four to Eight Units","111J","Apartments 8+ Units","single use","Clinton",1,"single",19,FALSE,FALSE,"361",0
"101","Single Family Residential","101V","Single Fam MDL00","single use","Norfolk",1,"single",16,FALSE,FALSE,"101",1
"140","Child Care Facility","1401","Child Care C","single use","Grafton",1,"single",12,FALSE,FALSE,"140",1
"101","Single Family Residential","101V","SINGLE FAMILY - VACANT","single use","Grafton",1,"single",22,FALSE,FALSE,"101",1
"106","Accessory Land with Improvement","106V","IMPUTED - AC LND IMP MDL","single use","West Brookfield",1,"single",24,FALSE,FALSE,"106",1
"103","Mobile Home (includes mobile home park land)","103P","Mobile Home Park","single use","Monson",1,"single",16,FALSE,FALSE,"103",1
"102","Residential Condominium","1021","Condo Conv 2 - 3 Fam","single use","Medford",1,"single",20,FALSE,FALSE,"102",1
"102","Residential Condominium","102P","Outbuildings","single use","Medford",1,"single",12,FALSE,FALSE,"106",0
"106","Accessory Land with Improvement","106V","Outbuildings","single use","Medford",1,"single",12,FALSE,FALSE,"106",1
"112","Apartments with More than Eight Units","1124","Apartments","single use","Medford",1,"single",10,FALSE,FALSE,"361",0
"112","Apartments with More than Eight Units","112C","Apartments","single use","Medford",1,"single",10,FALSE,FALSE,"361",0
"140","Child Care Facility","1401","Office Bldg","single use","Medford",1,"single",11,FALSE,FALSE,"371",0
"102","Residential Condominium","1021","Condo NL MDL-0","single use","Hamilton",1,"single",14,FALSE,FALSE,"102",1
"121","Rooming and Boarding Houses","121C","Room Board House","single use","Millis",1,"single",16,FALSE,FALSE,"918",0
"112","Apartments with More than Eight Units","112R","Apartment, Over 80 Units, MDL01","single use","Millis",1,"single",31,FALSE,FALSE,"112",1
"101","Single Family Residential","1013","Single Family Residential - Water","single use","Mansfield",1,"single",33,FALSE,FALSE,"101",1
"109","Multiple Houses on one parcel","1014","Single Family Residential - In-Law","single use","Mansfield",1,"single",34,FALSE,FALSE,"101",0
"102","Residential Condominium","1021","Condo NL MDL-0","single use","Mansfield",1,"single",14,FALSE,FALSE,"102",1
"112","Apartments with More than Eight Units","112C","Apt over 8 Units","single use","Mansfield",1,"single",16,FALSE,FALSE,"112",1
"112","Apartments with More than Eight Units","112C","Apts Over 8 M-9","single use","Walpole",1,"single",15,FALSE,FALSE,"112",1
"140","Child Care Facility","140C","Child Care M-94","single use","Walpole",1,"single",15,FALSE,FALSE,"140",1
"112","Apartments with More than Eight Units","1121","Apts Over 8 M-9","single use","Walpole",1,"single",15,FALSE,FALSE,"112",1
"125","Other Congregate Housing (includes non-transient shared living arrangements)","1251","Retirement Living","single use","Walpole",1,"single",17,FALSE,FALSE,"125",1
"102","Residential Condominium","1021","Condo NL","single use","Auburn",1,"single",8,FALSE,FALSE,"102",1
"103","Mobile Home (includes mobile home park land)","103R","Mobile Hom","single use","Auburn",1,"single",10,FALSE,FALSE,"103",1
"104","Two-Family Residential","1043","TWO FAM WATE","single use","Auburn",1,"single",12,FALSE,FALSE,"104",1
"102","Residential Condominium","1021","CONDO (87)","single use","Kingston",1,"single",10,FALSE,FALSE,"102",1
"103","Mobile Home (includes mobile home park land)","1032","Two Family","single use","Kingston",1,"single",10,FALSE,FALSE,"104",0
"103","Mobile Home (includes mobile home park land)","103I","Two Family","single use","Kingston",1,"single",10,FALSE,FALSE,"104",0
"112","Apartments with More than Eight Units","112C","APT Over 8 Units","single use","Kingston",1,"single",16,FALSE,FALSE,"112",1
"125","Other Congregate Housing (includes non-transient shared living arrangements)","125C","Other Congregate Housing (includes non-transient shared living arrangements)","single use","Kingston",1,"single",76,TRUE,FALSE,"101",0
"101","Single Family Residential","1013","IMPUTED - Single Family Residential","single use","Kingston",1,"single",35,FALSE,FALSE,"101",1
"101","Single Family Residential","1012","Single Family EXCVIE","single use","Nantucket",1,"single",20,FALSE,FALSE,"101",1
"101","Single Family Residential","1013","Single Family Waterfront","single use","Nantucket",1,"single",24,FALSE,FALSE,"101",1
"101","Single Family Residential","1014","Affordable","single use","Nantucket",1,"single",10,FALSE,FALSE,"114",0
"101","Single Family Residential","1018","Single Family HOST","single use","Nantucket",1,"single",18,FALSE,FALSE,"101",1
"101","Single Family Residential","101B","Single Family 40B","single use","Nantucket",1,"single",17,FALSE,FALSE,"101",1
"101","Single Family Residential","101F","Single Family CR","single use","Nantucket",1,"single",16,FALSE,FALSE,"101",1
"101","Single Family Residential","101H","HFH Single Family","single use","Nantucket",1,"single",17,FALSE,FALSE,"101",1
"102","Residential Condominium","1022","Condo House","single use","Nantucket",1,"single",11,FALSE,FALSE,"102",1
"102","Residential Condominium","1023","Condo Waterfront M05","single use","Nantucket",1,"single",20,FALSE,FALSE,"102",1
"102","Residential Condominium","1024","HNC Condo","single use","Nantucket",1,"single",9,FALSE,FALSE,"102",1
"102","Residential Condominium","102H","HFH Condo","single use","Nantucket",1,"single",9,FALSE,FALSE,"102",1
"104","Two-Family Residential","1041","Acess Apartment","single use","Nantucket",1,"single",15,FALSE,FALSE,"106",0
"106","Accessory Land with Improvement","1063","ACC Waterfront","single use","Nantucket",1,"single",14,FALSE,FALSE,"106",1
"106","Accessory Land with Improvement","106V","AC LND IMP M00","single use","Nantucket",1,"single",14,FALSE,FALSE,"106",1
"112","Apartments with More than Eight Units","112C","Apartment Over 8 M94","single use","Nantucket",1,"single",20,FALSE,FALSE,"112",1
"130","Developable Residential Land","1303","Vacant Waterfront","single use","Nantucket",1,"single",17,FALSE,FALSE,"106",0
"131","Potentially Developable Residential Land","1313","Potentially Buildable Waterfront","single use","Nantucket",1,"single",32,FALSE,FALSE,"131",1
"132","Undevelopable Residential Land","1321","Unbuildable Wetland","single use","Nantucket",1,"single",19,FALSE,FALSE,"132",1
"132","Undevelopable Residential Land","1323","Unbuildable Waterfront","single use","Nantucket",1,"single",22,FALSE,FALSE,"132",1
"132","Undevelopable Residential Land","132R","Unbuildable Land Locked","single use","Nantucket",1,"single",23,FALSE,FALSE,"132",1
"102","Residential Condominium","1021","Condo NL","single use","Nantucket",1,"single",8,FALSE,FALSE,"102",1
"104","Two-Family Residential","1044","Duplex Affordable","single use","Nantucket",1,"single",17,FALSE,FALSE,"114",0
"130","Developable Residential Land","1302","Vacant EXVW","single use","Nantucket",1,"single",11,FALSE,FALSE,"106",0
"101","Single Family Residential","1011","Imputed - Single Family Residence","single use","Tisbury",1,"single",33,FALSE,FALSE,"101",1
"101","Single Family Residential","1013","Imputed - Single Family Residence","single use","Tisbury",1,"single",33,FALSE,FALSE,"101",1
"101","Single Family Residential","1014","Imputed - Single Family Residence","single use","Tisbury",1,"single",33,FALSE,FALSE,"101",1
"102","Residential Condominium","1021","Imputed - Condominium Residence","single use","Tisbury",1,"single",31,FALSE,FALSE,"102",1
"111","Apartments with Four to Eight Units","111C","Imputed - Apartments, Four to Eight Units","single use","Tisbury",1,"single",41,FALSE,FALSE,"111",1
"112","Apartments with More than Eight Units","112C","Imputed - Apartments, More than Eight Units","single use","Tisbury",1,"single",43,FALSE,FALSE,"361",0
"101","Single Family Residential","1013","Single Family Waterfront","single use","Harvard",1,"single",24,FALSE,FALSE,"101",1
"102","Residential Condominium","102V","Condo Vacant Land","single use","Harvard",1,"single",17,FALSE,FALSE,"102",1
"102","Residential Condominium","1021","Residential Condominium","single use","Harvard",1,"single",23,FALSE,FALSE,"102",1
"101","Single Family Residential","1011","IMPUTED - Single Family Residential","single use","Athol",1,"single",35,FALSE,FALSE,"101",1
"101","Single Family Residential","1013","IMPUTED - Single Family Residential","single use","Athol",1,"single",35,FALSE,FALSE,"101",1
"102","Residential Condominium","1021","IMPUTED = Residential Condominium","single use","Athol",1,"single",33,FALSE,FALSE,"102",1
"104","Two-Family Residential","1041","IMPUTED - Two Family Residential","single use","Athol",1,"single",32,FALSE,FALSE,"104",1
"104","Two-Family Residential","104R","IMPUTED - Two Family Residential","single use","Athol",1,"single",32,FALSE,FALSE,"104",1
"105","Three-Family Residential","105R","IMPUTED - Three Family Residential","single use","Athol",1,"single",34,FALSE,FALSE,"105",1
"121","Rooming and Boarding Houses","1211","Boarding House","single use","Athol",1,"single",14,FALSE,FALSE,"121",1
"101","Single Family Residential","1012","Single Family Residential","single use","Templeton",1,"single",25,FALSE,FALSE,"101",1
"101","Single Family Residential","1013","Single Family Residential","single use","Templeton",1,"single",25,FALSE,FALSE,"101",1
"103","Mobile Home (includes mobile home park land)","103M","Mobile Home (includes mobile home park land)","single use","Templeton",1,"single",44,FALSE,FALSE,"103",1
"103","Mobile Home (includes mobile home park land)","1032","Double wide Mobile Home","single use","Templeton",1,"single",23,FALSE,FALSE,"103",1
"103","Mobile Home (includes mobile home park land)","103V","Mobile Home Vacant","single use","Templeton",1,"single",18,FALSE,FALSE,"103",1
"103","Mobile Home (includes mobile home park land)","103C","Mobile Home","single use","Plainville",1,"single",11,FALSE,FALSE,"103",1
"102","Residential Condominium","1021","Condo NL","single use","Plainville",1,"single",8,FALSE,FALSE,"102",1
"101","Single Family Residential","1013","Single Family Residential","single use","Plainville",1,"single",25,FALSE,FALSE,"101",1
"111","Apartments with Four to Eight Units","111R","Apartment","single use","Plainville",1,"single",9,FALSE,FALSE,"361",0
"102","Residential Condominium","102V","Condo-NL MDL-00","single use","Westfield",1,"single",15,FALSE,FALSE,"102",1
"103","Mobile Home (includes mobile home park land)","103R","Bungalow","single use","Westfield",1,"single",8,FALSE,FALSE,"918",0
"101","Single Family Residential","1013","IMPUTED -Single Family Residential","single use","Stockbridge",1,"single",34,FALSE,FALSE,"101",1
"102","Residential Condominium","1021","IMPUTED - Residential Condominium","single use","Stockbridge",1,"single",33,FALSE,FALSE,"102",1
"111","Apartments with Four to Eight Units","111X","APT BLDG CONDO","single use","Taunton",1,"single",14,FALSE,FALSE,"102",0
"102","Residential Condominium","102V","Condo Land","single use","Taunton",1,"single",10,FALSE,FALSE,"102",1
"132","Undevelopable Residential Land","132U","IMPUTED - Undevelopable Residential Land","single use","Taunton",1,"single",40,FALSE,FALSE,"132",1
"112","Apartments with More than Eight Units","112I","APT OVER 8 UNITS","single use","Taunton",1,"single",16,FALSE,FALSE,"112",1
"101","Single Family Residential","1011","Single fam NL","single use","Taunton",1,"single",13,FALSE,FALSE,"101",1
"105","Three-Family Residential","1051","IMPUTED - Three-Family Residential","single use","Taunton",1,"single",34,FALSE,FALSE,"105",1
"101","Single Family Residential","101V","Single Family Residential Vacant","single use","Hampden",1,"single",32,FALSE,FALSE,"101",1
"109","Multiple Houses on one parcel","109R","Bungalow","single use","Westfield",1,"single",8,FALSE,FALSE,"918",0
"111","Apartments with Four to Eight Units","111C","Apartments","single use","Westfield",1,"single",10,FALSE,FALSE,"361",0
"112","Apartments with More than Eight Units","112C","Apartment GD","single use","Westfield",1,"single",12,FALSE,FALSE,"361",0
"103","Mobile Home (includes mobile home park land)","103V","Mobile Hom MDL-00","single use","Westfield",1,"single",17,FALSE,FALSE,"103",1
"111","Apartments with Four to Eight Units","1111","Apartment 8+ Up","single use","Westfield",1,"single",15,FALSE,FALSE,"361",0
"101","Single Family Residential","1013","Single Family Water Front","single use","Gardner",1,"single",25,FALSE,FALSE,"101",1
"102","Residential Condominium","1021","Condominium","single use","Gardner",1,"single",11,FALSE,FALSE,"102",1
"103","Mobile Home (includes mobile home park land)","103V","Single-Family Waterfront Vacant","single use","Gardner",1,"single",31,FALSE,FALSE,"101",0
"112","Apartments with More than Eight Units","112M","More than Eight Units","single use","Lawrence",1,"single",21,FALSE,FALSE,"388",0
"112","Apartments with More than Eight Units","112C","More than Eight Units","single use","Lawrence",1,"single",21,FALSE,FALSE,"388",0
"112","Apartments with More than Eight Units","112A","More than Eight Units","single use","Lawrence",1,"single",21,FALSE,FALSE,"388",0
"111","Apartments with Four to Eight Units","111M","Four to Eight Units","single use","Lawrence",1,"single",19,FALSE,FALSE,"111",1
"111","Apartments with Four to Eight Units","111E","Four to Eight Units","single use","Lawrence",1,"single",19,FALSE,FALSE,"111",1
"111","Apartments with Four to Eight Units","111C","Four to Eight Units","single use","Lawrence",1,"single",19,FALSE,FALSE,"111",1
"105","Three-Family Residential","105M","Three-Family","single use","Lawrence",1,"single",12,FALSE,FALSE,"105",1
"104","Two-Family Residential","104M","Two-Family","single use","Lawrence",1,"single",10,FALSE,FALSE,"104",1
"104","Two-Family Residential","1041","Condo","single use","Lawrence",1,"single",5,FALSE,FALSE,"102",0
"102","Residential Condominium","1021","Condo","single use","Lawrence",1,"single",5,FALSE,FALSE,"102",1
"111","Apartments with Four to Eight Units","111C","Apartment commercial","single use","Foxborough",1,"single",20,FALSE,FALSE,"361",0
"112","Apartments with More than Eight Units","112C","Apartment commercial","single use","Foxborough",1,"single",20,FALSE,FALSE,"361",0
"140","Child Care Facility","140C","Child care/daycare","single use","Foxborough",1,"single",18,FALSE,FALSE,"140",1
"101","Single Family Residential","1013","Single Family","single use","Foxborough",1,"single",13,FALSE,FALSE,"101",1
"101","Single Family Residential","1014","Single Family","single use","Foxborough",1,"single",13,FALSE,FALSE,"101",1
"101","Single Family Residential","101H","Single Family","single use","Foxborough",1,"single",13,FALSE,FALSE,"101",1
"112","Apartments with More than Eight Units","1126","More than eight units apartment bldg","single use","Foxborough",1,"single",36,FALSE,FALSE,"361",0
"101","Single Family Residential","1013","Single family - waterfront","single use","Spencer",1,"single",26,FALSE,FALSE,"101",1
"102","Residential Condominium","1021","Condo","single use","Spencer",1,"single",5,FALSE,FALSE,"102",1
"111","Apartments with Four to Eight Units","1111","8+ apartments","single use","Spencer",1,"single",13,FALSE,FALSE,"361",0
"112","Apartments with More than Eight Units","112C","More than 8 units Apartment(Commercial)","single use","Spencer",1,"single",39,FALSE,FALSE,"361",0
"111","Apartments with Four to Eight Units","111C","More than 8 units Apartment(Commercial)","single use","Spencer",1,"single",39,FALSE,FALSE,"361",0
"101","Single Family Residential","1011","IMPUTED - Single Family Residential","single use","West Tisbury",1,"single",35,FALSE,FALSE,"101",1
"102","Residential Condominium","1021","Condominium-Association","single use","Everett",1,"single",23,FALSE,FALSE,"102",1
"131","Potentially Developable Residential Land","131V","IMPUTED - Potentially Developable Residential Land","single use","Ipswich",1,"single",50,FALSE,FALSE,"131",1
"132","Undevelopable Residential Land","132V","IMPUTED - Undevelopable Residential Land","single use","Ipswich",1,"single",40,FALSE,FALSE,"132",1
"102","Residential Condominium","1021","Residential Condominium","single use","Rowley",1,"single",23,FALSE,FALSE,"102",1
"112","Apartments with More than Eight Units","112C","Apartment Complex","single use","Georgetown",1,"single",17,FALSE,FALSE,"361",0
"101","Single Family Residential","101T","SINGLE FAM M02","single use","Taunton",1,"single",14,FALSE,FALSE,"101",1
"109","Multiple Houses on one parcel","1041","2 FAM W IN LAW APT.","single use","Taunton",1,"single",19,FALSE,FALSE,"109",1
"112","Apartments with More than Eight Units","112C","APT OVER 8 M94","single use","Taunton",1,"single",14,FALSE,FALSE,"112",1
"132","Undevelopable Residential Land","132V","RES ACLNUD M00","single use","Taunton",1,"single",14,FALSE,FALSE,"106",0
"101","Single Family Residential","1011","Single family NL","single use","Phillipston",1,"single",16,FALSE,FALSE,"101",1
"130","Developable Residential Land","1303","Vacant land waterfront","single use","Phillipston",1,"single",22,FALSE,FALSE,"106",0
"111","Apartments with Four to Eight Units","111C","Apartment - 4 Unit","single use","Wayland",1,"single",18,FALSE,FALSE,"361",0
"125","Other Congregate Housing (includes non-transient shared living arrangements)","125C","Other Living F","single use","Wayland",1,"single",14,TRUE,FALSE,"125",1
"101","Single Family Residential","1014","Residential Golf Course","single use","Longmeadow",1,"single",23,FALSE,FALSE,"283",0
"102","Residential Condominium","1021","Residential Condominiums","single use","Longmeadow",1,"single",24,FALSE,FALSE,"102",1
"101","Single Family Residential","1011","IMPUTED - Single Family Residential","single use","Longmeadow",1,"single",35,FALSE,FALSE,"101",1
"101","Single Family Residential","1013","Single family waterfront","single use","Wayland",1,"single",24,FALSE,FALSE,"101",1
"101","Single Family Residential","1017","Single family affordable","single use","Wayland",1,"single",24,FALSE,FALSE,"101",1
"102","Residential Condominium","1027","Residential condo affordable","single use","Wayland",1,"single",28,FALSE,FALSE,"102",1
"101","Single Family Residential","1014","SFR GOLF","single use","Yarmouth",1,"single",8,FALSE,FALSE,"283",0
"109","Multiple Houses on one parcel","101M","SFR W-INLAW","single use","Yarmouth",1,"single",11,FALSE,FALSE,"109",1
"102","Residential Condominium","1021","CONDO NL MDL-0","single use","Yarmouth",1,"single",14,FALSE,FALSE,"102",1
"106","Accessory Land with Improvement","106V","AC LND IMP MDL","single use","Yarmouth",1,"single",14,FALSE,FALSE,"106",1
"104","Two-Family Residential","104I","TWO FAMILY","single use","Yarmouth",1,"single",10,FALSE,FALSE,"104",1
"111","Apartments with Four to Eight Units","111C","APARTMENTS 4-8 UNITS","single use","Yarmouth",1,"single",20,FALSE,FALSE,"361",0
"112","Apartments with More than Eight Units","112C","APARTMENTS > 8 UNITS","single use","Yarmouth",1,"single",20,FALSE,FALSE,"361",0
"104","Two-Family Residential","1041","Two-Family Residential","single use","Yarmouth",1,"single",22,FALSE,FALSE,"104",1
"102","Residential Condominium","1021","IMPUTED - Condo","single use","West Boylston",1,"single",15,FALSE,FALSE,"102",1
"111","Apartments with Four to Eight Units","1111","IMPUTED - Apartment","single use","West Boylston",1,"single",19,FALSE,FALSE,"361",0
"111","Apartments with Four to Eight Units","111C","IMPUTED - Apartment","single use","West Boylston",1,"single",19,FALSE,FALSE,"361",0
"201","Residential Open Land","2013","Open Space Waterfront","single use","Nantucket",1,"single",21,FALSE,FALSE,"106",0
"342","Medical Office Buildings","3421","Prof Condo (Professional condo- effectively a commercial condo)","single use","Chelsea",1,"single",63,FALSE,FALSE,"356",0
"380","Golf Courses (not Ch. 61B)","380I","GOLF CRSE M96","single use","Marion",1,"single",13,FALSE,FALSE,"283",0
"383","Beaches or Outdoor Swimming Pools (not Ch. 61B)","383I","BEACHES M96","single use","Marion",1,"single",11,FALSE,FALSE,"383",1
"384","Marinas - including marine terminals & associated areas primarily for recreational marine craft (not Ch. 61B)","3841","Yacht Club","single use","Marion",1,"single",10,FALSE,FALSE,"106",0
"387","Summer Camps - children's camps (not Ch. 61B)","387R","YTH CAMPS  M01","single use","Marion",1,"single",14,FALSE,FALSE,"387",1
"389","Structures on land classified under Chapter 61B (Recreational Land)","3895","GOLF COURSE","single use","Marion",1,"single",11,FALSE,FALSE,"283",0
"301","Motels","301R","MOTELS MDL-01","single use","Chatham",1,"single",13,FALSE,FALSE,"301",1
"301","Motels","301V","MOTELS MDL-00","single use","Chatham",1,"single",13,FALSE,FALSE,"301",1
"310","Tanks Holding Fuel and Oil Products for Retail Distribution, either Above Ground or Underground","310V","RTL OIL ST MDL-00","single use","Chatham",1,"single",17,FALSE,FALSE,"310",1
"322","Discount Stores, Junior Department Stores, Department Stores","3221","RTL CONDO","single use","Chatham",1,"single",9,FALSE,FALSE,"102",0
"334","Gasoline Service Stations - providing engine repair or maintenance services, and fuel products","334C","GAS ST SRV  MDL-94","single use","Chatham",1,"single",18,FALSE,FALSE,"311",0
"342","Medical Office Buildings","3421","PROF CONDO","single use","Chatham",1,"single",10,FALSE,FALSE,"102",0
"393","Agricultural/Horticultural Land not included in Chapter 61A","393V","AH-NOT 61A MDL-00","single use","Chatham",1,"single",17,FALSE,FALSE,"261",0
"330","Automotive Vehicles Sales and Service","330I","AUTO V S&S M96","single use","Swansea",1,"single",14,FALSE,FALSE,"332",0
"331","Automotive Supplies Sales and Service","331I","AUTO S S&S M96","single use","Swansea",1,"single",14,FALSE,FALSE,"332",0
"340","General Office Buildings","3401","OFFICE CONDO","single use","Swansea",1,"single",12,FALSE,FALSE,"371",0
"334","Gasoline Service Stations - providing engine repair or maintenance services, and fuel products","334I","RETAIL TRADE. GAS STATION/SERVICES","single use","Swansea",1,"single",34,FALSE,FALSE,"311",0
"340","General Office Buildings","340R","GENERAL OFFICE BUILDING","single use","Swansea",1,"single",23,FALSE,FALSE,"340",1
"322","Discount Stores, Junior Department Stores, Department Stores","3222","Department Stores, Discount Store","single use","Swansea",1,"single",33,FALSE,FALSE,"322",1
"332","Auto Repair Facilities","332S","Auto Repair Facility","single use","Swansea",1,"single",20,FALSE,FALSE,"332",1
"340","General Office Buildings","340I","General Office","single use","Swansea",1,"single",14,FALSE,FALSE,"340",1
"317","Farm Buildings - barns, silo, utility shed, etc","317V","FARM BLDGS M00","single use","Swansea",1,"single",14,FALSE,FALSE,"716",0
"322","Discount Stores, Junior Department Stores, Department Stores","3221","RTL CONDO","single use","Swansea",1,"single",9,FALSE,FALSE,"102",0
"330","Automotive Vehicles Sales and Service","330S","AUTO V S&S M95","single use","Swansea",1,"single",14,FALSE,FALSE,"332",0
"322","Discount Stores, Junior Department Stores, Department Stores","3221","RTL CONDO  MDL-06","single use","Concord",1,"single",17,FALSE,FALSE,"102",0
"340","General Office Buildings","3401","OFF CONDO  MDL-06","single use","Concord",1,"single",17,FALSE,FALSE,"102",0
"340","General Office Buildings","3407","COM COMMON","single use","Concord",1,"single",10,FALSE,FALSE,"996",0
"342","Medical Office Buildings","3421","PROF CONDO  MDL-06","single use","Concord",1,"single",18,FALSE,FALSE,"102",0
"310","Tanks Holding Fuel and Oil Products for Retail Distribution, either Above Ground or Underground","310V","RTL OIL ST  MDL-00","single use","Concord",1,"single",18,FALSE,FALSE,"310",1
"322","Discount Stores, Junior Department Stores, Department Stores","3221","Retail Condo","single use","Marion",1,"single",12,FALSE,FALSE,"102",0
"322","Discount Stores, Junior Department Stores, Department Stores","3222","Commercial Building","single use","Marion",1,"single",19,FALSE,FALSE,"813",0
"322","Discount Stores, Junior Department Stores, Department Stores","322C","RTL CONDO M94","single use","Marion",1,"single",13,FALSE,FALSE,"102",0
"340","General Office Buildings","3401","Office Condo","single use","Marion",1,"single",12,FALSE,FALSE,"371",0
"340","General Office Buildings","340C","OFF CONDO M94","single use","Marion",1,"single",13,FALSE,FALSE,"102",0
"340","General Office Buildings","340I","OFFICE BLD M96","single use","Marion",1,"single",14,FALSE,FALSE,"371",0
"340","General Office Buildings","340R","OFFICE BLD M01","single use","Marion",1,"single",14,FALSE,FALSE,"371",0
"342","Medical Office Buildings","3421","PROF CONDO","single use","Marion",1,"single",10,FALSE,FALSE,"102",0
"354","Bus Transportation Facilities and Related Properties","3542","BUS STATN","single use","Marion",1,"single",9,FALSE,FALSE,"354",1
"310","Tanks Holding Fuel and Oil Products for Retail Distribution, either Above Ground or Underground","310I","RTL OIL ST  MDL-96","single use","Chelsea",1,"single",18,FALSE,FALSE,"310",1
"310","Tanks Holding Fuel and Oil Products for Retail Distribution, either Above Ground or Underground","310S","RTL OIL ST  MDL-95","single use","Chelsea",1,"single",18,FALSE,FALSE,"310",1
"310","Tanks Holding Fuel and Oil Products for Retail Distribution, either Above Ground or Underground","310V","RTL OIL ST  MDL-00","single use","Chelsea",1,"single",18,FALSE,FALSE,"310",1
"322","Discount Stores, Junior Department Stores, Department Stores","3221","RTL CONDO","single use","Chelsea",1,"single",9,FALSE,FALSE,"102",0
"325","Small Retail and Services stores (under 10,000 sq. ft.)","325I","CONV FOOD  MDL-96","single use","Chelsea",1,"single",17,FALSE,FALSE,"326",0
"325","Small Retail and Services stores (under 10,000 sq. ft.)","325V","CONV FOOD  MDL-00","single use","Chelsea",1,"single",17,FALSE,FALSE,"326",0
"334","Gasoline Service Stations - providing engine repair or maintenance services, and fuel products","334I","GAS ST SRV  MDL-96","single use","Chelsea",1,"single",18,FALSE,FALSE,"311",0
"334","Gasoline Service Stations - providing engine repair or maintenance services, and fuel products","334S","GAS ST SRV  MDL-95","single use","Chelsea",1,"single",18,FALSE,FALSE,"311",0
"337","Parking Lots - a commercial open parking lot for motor vehicles","337I","PARK LOT  MDL-96","single use","Chelsea",1,"single",16,FALSE,FALSE,"337",1
"340","General Office Buildings","3401","OFF CONDO  MDL-06","single use","Chelsea",1,"single",17,FALSE,FALSE,"102",0
"340","General Office Buildings","340I","OFFICE BLD  MDL-96","single use","Chelsea",1,"single",18,FALSE,FALSE,"371",0
"340","General Office Buildings","340L","OFF CONDO  MDL-96","single use","Chelsea",1,"single",17,FALSE,FALSE,"102",0
"340","General Office Buildings","340V","OFFICE BLD  MDL-00","single use","Chelsea",1,"single",18,FALSE,FALSE,"371",0
"355","Funeral Homes","355V","FUNERAL HM  MDL-00","single use","Chelsea",1,"single",18,FALSE,FALSE,"355",1
"384","Marinas - including marine terminals & associated areas primarily for recreational marine craft (not Ch. 61B)","384V","MARINAS  MDL-00","single use","Chelsea",1,"single",15,FALSE,FALSE,"384",1
"310","Tanks Holding Fuel and Oil Products for Retail Distribution, either Above Ground or Underground","310V","RTL OIL ST MDL 00","single use","Orange",1,"single",17,FALSE,FALSE,"310",1
"354","Bus Transportation Facilities and Related Properties","354V","TRANSPORTATION MDL 00","single use","Orange",1,"single",21,FALSE,FALSE,"354",1
"322","Discount Stores, Junior Department Stores, Department Stores","3222","Commercial Building","single use","Groton",1,"single",19,FALSE,FALSE,"813",0
"340","General Office Buildings","3401","Bank","single use","Groton",1,"single",4,FALSE,FALSE,"341",0
"340","General Office Buildings","340R","Office BDL MDL-96","single use","Groton",1,"single",17,FALSE,FALSE,"371",0
"322","Discount Stores, Junior Department Stores, Department Stores","3222","IMPUTED - Discount Stores, Junior Department Stores, Department Stores","single use","New Salem",1,"single",70,FALSE,FALSE,"322",1
"322","Discount Stores, Junior Department Stores, Department Stores","3221","IMPUTED - Discount Stores, Junior Department Stores, Department Stores","single use","Palmer",1,"single",70,FALSE,FALSE,"322",1
"323","Shopping Centers/Malls","323I","IMPUTED - Shopping Centers/Malls","single use","Palmer",1,"single",32,FALSE,FALSE,"323",1
"340","General Office Buildings","340I","IMPUTED - General Office Buildings","single use","Palmer",1,"single",34,FALSE,FALSE,"340",1
"340","General Office Buildings","340R","IMPUTED - General Office Buildings","single use","Palmer",1,"single",34,FALSE,FALSE,"340",1
"342","Medical Office Buildings","342R","IMPUTED - Medical Office Buildings","single use","Palmer",1,"single",34,FALSE,FALSE,"371",0
"300","Hotels","300 ","IMPUTED - Hotels","single use","Danvers",1,"single",16,FALSE,FALSE,"300",1
"301","Motels","301 ","IMPUTED - Motels","single use","Danvers",1,"single",16,FALSE,FALSE,"301",1
"302","Inns, Resorts, or Tourist Homes","302 ","IMPUTED - Inns, Resorts, or Tourist Homes","single use","Danvers",1,"single",41,FALSE,FALSE,"302",1
"305","Private Hospitals","305 ","IMPUTED - Private Hospitals","single use","Danvers",1,"single",27,FALSE,FALSE,"305",1
"322","Discount Stores, Junior Department Stores, Department Stores","322 ","IMPUTED - Discount Stores, Junior Department Stores, Department Stores","single use","Danvers",1,"single",70,FALSE,FALSE,"322",1
"323","Shopping Centers/Malls","323 ","IMPUTED - Shopping Centers/Malls","single use","Danvers",1,"single",32,FALSE,FALSE,"323",1
"332","Auto Repair Facilities","332 ","IMPUTED - Auto Repair Facilities","single use","Danvers",1,"single",32,FALSE,FALSE,"332",1
"337","Parking Lots - a commercial open parking lot for motor vehicles","337 ","IMPUTED - Parking Lots - a commercial open parking lot for motor vehicles","single use","Danvers",1,"single",73,FALSE,FALSE,"337",1
"340","General Office Buildings","340 ","IMPUTED - General Office Buildings","single use","Danvers",1,"single",34,FALSE,FALSE,"340",1
"341","Bank Buildings","341 ","IMPUTED - Bank Buildings","single use","Danvers",1,"single",24,FALSE,FALSE,"341",1
"342","Medical Office Buildings","342 ","IMPUTED - Medical Office Buildings","single use","Danvers",1,"single",34,FALSE,FALSE,"371",0
"353","Fraternal Organizations","353 ","IMPUTED - Fraternal Organizations","single use","Danvers",1,"single",33,FALSE,FALSE,"353",1
"355","Funeral Homes","355 ","IMPUTED - Funeral Homes","single use","Danvers",1,"single",23,FALSE,FALSE,"355",1
"370","Bowling Alleys","370 ","IMPUTED - Bowling Alleys","single use","Danvers",1,"single",24,FALSE,FALSE,"370",1
"374","Health Spas","374 ","IMPUTED - Health Spas","single use","Danvers",1,"single",21,FALSE,FALSE,"374",1
"377","Archery, Billiards, other indoor facilities","377 ","IMPUTED - Archery, Billiards, other indoor facilities","single use","Danvers",1,"single",53,TRUE,FALSE,"377",1
"382","Riding Stables (not Ch. 61B)","382 ","IMPUTED - Riding Stables (not Ch. 61B)","single use","Danvers",1,"single",38,FALSE,FALSE,"382",1
"388","Other Outdoor facilities - e.g. driving ranges, miniature golf, baseball batting ranges, etc... (not Ch. 61B)","388 ","IMPUTED - Other Outdoor facilities - e.g. driving ranges, miniature golf, baseball batting ranges, etc... (not Ch. 61B)","single use","Danvers",1,"single",119,TRUE,FALSE,"388",1
"390","Developable Commercial Land","390 ","IMPUTED - Developable Commercial Land","single use","Danvers",1,"single",37,FALSE,FALSE,"813",0
"391","Potentially Developable Commercial Land","391 ","IMPUTED - Potentially Developable Commercial Land","single use","Danvers",1,"single",49,FALSE,FALSE,"391",1
"392","Undevelopable Commercial Land","392 ","IMPUTED - Undevelopable Commercial Land","single use","Danvers",1,"single",39,FALSE,FALSE,"392",1
"322","Discount Stores, Junior Department Stores, Department Stores","3222","IMPUTED - Discount Stores, Junior Department Stores, Department Stores","single use","Chicopee",1,"single",70,FALSE,FALSE,"322",1
"310","Tanks Holding Fuel and Oil Products for Retail Distribution, either Above Ground or Underground","3101","Oil Products Retail V","single use","Marlborough",1,"single",21,FALSE,FALSE,"310",1
"322","Discount Stores, Junior Department Stores, Department Stores","3221","Retail Condo","single use","Marlborough",1,"single",12,FALSE,FALSE,"102",0
"340","General Office Buildings","3401","Office Condo","single use","Marlborough",1,"single",12,FALSE,FALSE,"371",0
"342","Medical Office Buildings","3421","Medical Office Condo","single use","Marlborough",1,"single",20,FALSE,FALSE,"371",0
"380","Golf Courses (not Ch. 61B)","3801","Golf Course C","single use","Marlborough",1,"single",13,FALSE,FALSE,"283",0
"385","Fish and Game Clubs (not Ch. 61B)","3852","Fish & Game C","single use","Marlborough",1,"single",13,FALSE,FALSE,"385",1
"316","Other Storage, Warehouse, and Distribution facilities (see also usecode 401)","316V","WAREHOUSE- VAC","single use","Westhampton",1,"single",14,FALSE,FALSE,"316",1
"317","Farm Buildings - barns, silo, utility shed, etc","317C","FARM BLDG - COMM","single use","Westhampton",1,"single",16,FALSE,FALSE,"716",0
"338","Other Motor Vehicles Sales and Services","338V","OTHER VEHICLE SALES - VAC","single use","Westhampton",1,"single",25,TRUE,FALSE,"106",0
"383","Beaches or Outdoor Swimming Pools (not Ch. 61B)","3831","BEACH - VAC","single use","Westhampton",1,"single",11,FALSE,FALSE,"383",1
"386","Camping Facilities - accomodations for tents, campers, or travel trailers (not Ch. 61B)","386V","CAMPGROUND - VAC","single use","Westhampton",1,"single",16,FALSE,FALSE,"310",0
"322","Discount Stores, Junior Department Stores, Department Stores","3221","Department Store, table  1","single use","Hudson",1,"single",26,FALSE,FALSE,"322",1
"322","Discount Stores, Junior Department Stores, Department Stores","3222","Department Store, table  2","single use","Hudson",1,"single",26,FALSE,FALSE,"322",1
"330","Automotive Vehicles Sales and Service","3301","Auto Sales, table 1
Auto Sales, table 1
Auto Sales, table 1","single use","Hudson",1,"single",61,FALSE,FALSE,"332",0
"340","General Office Buildings","3401","General Office, table 1","single use","Hudson",1,"single",23,FALSE,FALSE,"340",1
"310","Tanks Holding Fuel and Oil Products for Retail Distribution, either Above Ground or Underground","310V","RTL OIL ST MDL-00","single use","Hudson",1,"single",17,FALSE,FALSE,"310",1
"384","Marinas - including marine terminals & associated areas primarily for recreational marine craft (not Ch. 61B)","3841","Yacht Club","single use","Duxbury",1,"single",10,FALSE,FALSE,"106",0
"322","Discount Stores, Junior Department Stores, Department Stores","3222","Commercial","single use","Barre",1,"single",10,FALSE,FALSE,"813",0
"313","Lumber Yards","3131","Commercial Lumber Yard","single use","Barre",1,"single",22,FALSE,FALSE,"813",0
"322","Discount Stores, Junior Department Stores, Department Stores","3222","Discount Stores, Junior Department Stores, Department Stores","single use","Wareham",1,"single",60,FALSE,FALSE,"322",1
"322","Discount Stores, Junior Department Stores, Department Stores","322R","Discount Stores, Junior Department Stores, Department Stores","single use","Wareham",1,"single",60,FALSE,FALSE,"322",1
"332","Auto Repair Facilities","332I","Discount Stores, Junior Department Stores, Department Stores","single use","Wareham",1,"single",60,FALSE,FALSE,"322",0
"332","Auto Repair Facilities","332S","Auto Repair Facilities","single use","Wareham",1,"single",22,FALSE,FALSE,"332",1
"316","Other Storage, Warehouse, and Distribution facilities (see also usecode 401)","316R","Other Storage Warehouse & Distribution","single use","Wareham",1,"single",38,TRUE,FALSE,"316",1
"330","Automotive Vehicles Sales and Service","330V","Auto Sales & Service","single use","Wareham",1,"single",20,FALSE,FALSE,"332",0
"302","Inns, Resorts, or Tourist Homes","302R","IMPUTED - Inns, Resorts, or Tourist Homes","single use","Wareham",1,"single",41,FALSE,FALSE,"302",1
"334","Gasoline Service Stations - providing engine repair or maintenance services, and fuel products","334S","gas st/svc/mdl95","single use","Wareham",1,"single",16,FALSE,FALSE,"311",0
"380","Golf Courses (not Ch. 61B)","380V","IMPUTED - Golf Courses (not Ch. 61B)","single use","Wareham",1,"single",36,FALSE,FALSE,"380",1
"322","Discount Stores, Junior Department Stores, Department Stores","322I","Discount Stores, Junior Department Stores, Department Stores","single use","Wareham",1,"single",60,FALSE,FALSE,"322",1
"337","Parking Lots - a commercial open parking lot for motor vehicles","337V","Parking Lots - a commercial open parking lot for motor vehicles","single use","Wareham",1,"single",63,FALSE,FALSE,"337",1
"340","General Office Buildings","3401","General Office Buildings","single use","Wareham",1,"single",24,FALSE,FALSE,"340",1
"340","General Office Buildings","340R","General Office Buildings","single use","Wareham",1,"single",24,FALSE,FALSE,"340",1
"342","Medical Office Buildings","3421","Medical Office Buildings","single use","Wareham",1,"single",24,FALSE,FALSE,"371",0
"326","Eating and Drinking Establishments - restaurants, diners, fast food establishments, bars, nightclubs","326A","Restaurant Condo","single use","Hingham",1,"single",16,FALSE,FALSE,"102",0
"330","Automotive Vehicles Sales and Service","330I","Auto V S&S","single use","Hingham",1,"single",10,FALSE,FALSE,"332",0
"331","Automotive Supplies Sales and Service","331I","Auto S S&S","single use","Hingham",1,"single",10,FALSE,FALSE,"332",0
"332","Auto Repair Facilities","332I","Service Shop","single use","Hingham",1,"single",12,FALSE,FALSE,"371",0
"334","Gasoline Service Stations - providing engine repair or maintenance services, and fuel products","334I","Gas Station Service","single use","Hingham",1,"single",19,FALSE,FALSE,"311",0
"340","General Office Buildings","3401","Office Condo","single use","Hingham",1,"single",12,FALSE,FALSE,"371",0
"340","General Office Buildings","340I","Office Building","single use","Hingham",1,"single",15,FALSE,FALSE,"371",0
"380","Golf Courses (not Ch. 61B)","380T","Golf Course","single use","Hingham",1,"single",11,FALSE,FALSE,"283",0
"384","Marinas - including marine terminals & associated areas primarily for recreational marine craft (not Ch. 61B)","3841","Yacht Club","single use","Hingham",1,"single",10,FALSE,FALSE,"106",0
"384","Marinas - including marine terminals & associated areas primarily for recreational marine craft (not Ch. 61B)","384V","Marinas","single use","Hingham",1,"single",7,FALSE,FALSE,"384",1
"332","Auto Repair Facilities","332J","Job Shops","single use","Hingham",1,"single",9,FALSE,FALSE,"400",0
"332","Auto Repair Facilities","332S","Service Shop","single use","Hingham",1,"single",12,FALSE,FALSE,"371",0
"316","Other Storage, Warehouse, and Distribution facilities (see also usecode 401)","316I","Commercial warehouse","single use","Abington",1,"single",20,FALSE,FALSE,"316",1
"322","Discount Stores, Junior Department Stores, Department Stores","3221","Retail condo, commercial model","single use","Abington",1,"single",30,FALSE,FALSE,"102",0
"322","Discount Stores, Junior Department Stores, Department Stores","3221","RETAIL CONDO
","single use","Hadley",1,"single",14,FALSE,FALSE,"102",0
"340","General Office Buildings","3401","OFFICE CONDO
","single use","Hadley",1,"single",14,FALSE,FALSE,"371",0
"393","Agricultural/Horticultural Land not included in Chapter 61A","393V","COMM AGRI LAND NOT CH 61A
","single use","Hadley",1,"single",27,FALSE,FALSE,"261",0
"316","Other Storage, Warehouse, and Distribution facilities (see also usecode 401)","316V","COMM WAREHOUSE","single use","Hadley",1,"single",14,FALSE,FALSE,"316",1
"317","Farm Buildings - barns, silo, utility shed, etc","317V","Farm Buildings - barns, silo, utility shed, etc","single use","Hadley",1,"single",47,FALSE,FALSE,"317",1
"340","General Office Buildings","340R","Office Bldg - Res","single use","Shrewsbury",1,"single",17,FALSE,FALSE,"371",0
"393","Agricultural/Horticultural Land not included in Chapter 61A","3931","Agriculture/Not CH61  R","single use","Shrewsbury",1,"single",23,FALSE,FALSE,"261",0
"322","Discount Stores, Junior Department Stores, Department Stores","3221","Discount Store","single use","Millis",1,"single",14,FALSE,FALSE,"322",1
"322","Discount Stores, Junior Department Stores, Department Stores","322I","Discount Store","single use","Millis",1,"single",14,FALSE,FALSE,"322",1
"340","General Office Buildings","3401","General Office Building","single use","Millis",1,"single",23,FALSE,FALSE,"340",1
"301","Motels","301V","MOTELS","single use","Middleborough",1,"single",6,FALSE,FALSE,"301",1
"304","Nursing Homes - includes property designed for minimal care with or without medical facilities","304V","NURSING HM","single use","Middleborough",1,"single",10,FALSE,FALSE,"304",1
"317","Farm Buildings - barns, silo, utility shed, etc","317I","FARM BLDGS","single use","Middleborough",1,"single",10,FALSE,FALSE,"716",0
"322","Discount Stores, Junior Department Stores, Department Stores","3221","RTL CONDO","single use","Middleborough",1,"single",9,FALSE,FALSE,"102",0
"322","Discount Stores, Junior Department Stores, Department Stores","322C","RTL CONDO","single use","Middleborough",1,"single",9,FALSE,FALSE,"102",0
"324","Supermarkets (in excess of 10,000 sq. ft.)","324I","SUPERMKT","single use","Middleborough",1,"single",8,FALSE,FALSE,"505",0
"324","Supermarkets (in excess of 10,000 sq. ft.)","324V","SUPERMKT","single use","Middleborough",1,"single",8,FALSE,FALSE,"505",0
"330","Automotive Vehicles Sales and Service","330I","AUTO V S&S","single use","Middleborough",1,"single",10,FALSE,FALSE,"332",0
"332","Auto Repair Facilities","332I","AUTO REPR","single use","Middleborough",1,"single",9,FALSE,FALSE,"332",1
"332","Auto Repair Facilities","332S","AUTO REPR","single use","Middleborough",1,"single",9,FALSE,FALSE,"332",1
"334","Gasoline Service Stations - providing engine repair or maintenance services, and fuel products","334S","GAS ST SRV","single use","Middleborough",1,"single",10,FALSE,FALSE,"311",0
"334","Gasoline Service Stations - providing engine repair or maintenance services, and fuel products","334V","GAS ST SRV","single use","Middleborough",1,"single",10,FALSE,FALSE,"311",0
"340","General Office Buildings","3401","OFF CONDO","single use","Middleborough",1,"single",9,FALSE,FALSE,"102",0
"340","General Office Buildings","340A","OFF CONDO","single use","Middleborough",1,"single",9,FALSE,FALSE,"102",0
"340","General Office Buildings","340C","OFF CONDO","single use","Middleborough",1,"single",9,FALSE,FALSE,"102",0
"340","General Office Buildings","340V","OFFICE BLD","single use","Middleborough",1,"single",10,FALSE,FALSE,"371",0
"342","Medical Office Buildings","3421","PROF CONDO","single use","Middleborough",1,"single",10,FALSE,FALSE,"102",0
"342","Medical Office Buildings","342C","PROF CONDO","single use","Middleborough",1,"single",10,FALSE,FALSE,"102",0
"354","Bus Transportation Facilities and Related Properties","3542","BUS STATN","single use","Middleborough",1,"single",9,FALSE,FALSE,"354",1
"374","Health Spas","374V","HEALTH SPA","single use","Middleborough",1,"single",10,FALSE,FALSE,"374",1
"380","Golf Courses (not Ch. 61B)","380I","GOLF CRSE","single use","Middleborough",1,"single",9,FALSE,FALSE,"283",0
"380","Golf Courses (not Ch. 61B)","380V","GOLF CRSE","single use","Middleborough",1,"single",9,FALSE,FALSE,"283",0
"384","Marinas - including marine terminals & associated areas primarily for recreational marine craft (not Ch. 61B)","3841","YACHT CLUB","single use","Middleborough",1,"single",10,FALSE,FALSE,"106",0
"310","Tanks Holding Fuel and Oil Products for Retail Distribution, either Above Ground or Underground","3101","RTL OIL ST MDL-96","single use","Middleborough",1,"single",17,FALSE,FALSE,"310",1
"325","Small Retail and Services stores (under 10,000 sq. ft.)","3251","CONV FOOD MDL-96","single use","Middleborough",1,"single",16,FALSE,FALSE,"326",0
"330","Automotive Vehicles Sales and Service","3301","AUTO V S&S MDL-96","single use","Middleborough",1,"single",17,FALSE,FALSE,"332",0
"331","Automotive Supplies Sales and Service","3311","AUTO S S&S MDL-96","single use","Middleborough",1,"single",17,FALSE,FALSE,"332",0
"334","Gasoline Service Stations - providing engine repair or maintenance services, and fuel products","3341","GAS ST SRV MDL-96","single use","Middleborough",1,"single",17,FALSE,FALSE,"311",0
"340","General Office Buildings","3402","OFFICE BLD MDL-96","single use","Middleborough",1,"single",17,FALSE,FALSE,"371",0
"340","General Office Buildings","3403","OFFICE BLD MDL-01","single use","Middleborough",1,"single",17,FALSE,FALSE,"371",0
"316","Other Storage, Warehouse, and Distribution facilities (see also usecode 401)","3169","Distribution/warehouse/other storage","single use","Middleborough",1,"single",36,TRUE,FALSE,"316",1
"332","Auto Repair Facilities","3328","Auto Repair","single use","Middleborough",1,"single",11,FALSE,FALSE,"332",1
"313","Lumber Yards","313V","IMPUTED - Lumber Yards","single use","East Longmeadow",1,"single",22,FALSE,FALSE,"313",1
"392","Undevelopable Commercial Land","392V","IMPUTED - Undevelopable Commercial Land","single use","East Longmeadow",1,"single",39,FALSE,FALSE,"392",1
"322","Discount Stores, Junior Department Stores, Department Stores","3221","Rtl Condo","single use","Worcester",1,"single",9,FALSE,FALSE,"102",0
"340","General Office Buildings","340I","OFFICE BLD MDL-96","single use","Worcester",1,"single",17,FALSE,FALSE,"371",0
"342","Medical Office Buildings","3421","Prof Condo","single use","Worcester",1,"single",10,FALSE,FALSE,"102",0
"315","Piers, Wharves, Docks, and related facilities that are used for storage and transit of goods","315I","DOCKYARDS  MDL-96","single use","Newburyport",1,"single",17,FALSE,FALSE,"313",0
"315","Piers, Wharves, Docks, and related facilities that are used for storage and transit of goods","315V","DOCKYARDS  MDL-00","single use","Newburyport",1,"single",17,FALSE,FALSE,"313",0
"322","Discount Stores, Junior Department Stores, Department Stores","3221","RTL CONDO  MDL-06","single use","Newburyport",1,"single",17,FALSE,FALSE,"102",0
"322","Discount Stores, Junior Department Stores, Department Stores","322C","RTL CONDO  MDL-94","single use","Newburyport",1,"single",17,FALSE,FALSE,"102",0
"322","Discount Stores, Junior Department Stores, Department Stores","322I","IMPUTED - Discount Stores, Junior Department Stores, Department Stores","single use","Ashburnham",1,"single",70,FALSE,FALSE,"322",1
"383","Beaches or Outdoor Swimming Pools (not Ch. 61B)","383V","IMPUTED - Beaches or Outdoor Swimming Pools (not Ch. 61B)","single use","Ashburnham",1,"single",57,FALSE,FALSE,"383",1
"334","Gasoline Service Stations - providing engine repair or maintenance services, and fuel products","334C","GAS ST SRV  MDL-94","single use","Newburyport",1,"single",18,FALSE,FALSE,"311",0
"340","General Office Buildings","3401","OFF CONDO  MDL-06","single use","Newburyport",1,"single",17,FALSE,FALSE,"102",0
"340","General Office Buildings","340C","OFF CONDO  MDL-94","single use","Newburyport",1,"single",17,FALSE,FALSE,"102",0
"341","Bank Buildings","341C","BANK CONDO","single use","Newburyport",1,"single",10,FALSE,FALSE,"341",1
"342","Medical Office Buildings","3421","PROF CONDO","single use","Newburyport",1,"single",10,FALSE,FALSE,"102",0
"354","Bus Transportation Facilities and Related Properties","3542","BUS STATN","single use","Newburyport",1,"single",9,FALSE,FALSE,"354",1
"384","Marinas - including marine terminals & associated areas primarily for recreational marine craft (not Ch. 61B)","3841","YACHT CLUB","single use","Newburyport",1,"single",10,FALSE,FALSE,"106",0
"384","Marinas - including marine terminals & associated areas primarily for recreational marine craft (not Ch. 61B)","3842","COMM CONDO  MDL-06","single use","Newburyport",1,"single",18,FALSE,FALSE,"102",0
"384","Marinas - including marine terminals & associated areas primarily for recreational marine craft (not Ch. 61B)","384C","COMM CONDO  MDL-94","single use","Newburyport",1,"single",18,FALSE,FALSE,"102",0
"353","Fraternal Organizations","353C","Fraternal Organization (Veterans)","single use","Newburyport",1,"single",33,FALSE,FALSE,"353",1
"342","Medical Office Buildings","3421","Professional Condo","single use","Mattapoisett",1,"single",18,FALSE,FALSE,"356",0
"340","General Office Buildings","340R","Office Building","single use","Mattapoisett",1,"single",15,FALSE,FALSE,"371",0
"380","Golf Courses (not Ch. 61B)","380V","Golf Course","single use","Mattapoisett",1,"single",11,FALSE,FALSE,"283",0
"383","Beaches or Outdoor Swimming Pools (not Ch. 61B)","383V","Beaches","single use","Mattapoisett",1,"single",7,FALSE,FALSE,"383",1
"310","Tanks Holding Fuel and Oil Products for Retail Distribution, either Above Ground or Underground","310V","RTL OIL ST  V","single use","Lowell",1,"single",13,FALSE,FALSE,"310",1
"311","Bottled Gas and Propane Gas Tanks","311V","Retail Gas Station V","single use","Lowell",1,"single",20,FALSE,FALSE,"311",1
"316","Other Storage, Warehouse, and Distribution facilities (see also usecode 401)","316V","Warehouse V","single use","Lowell",1,"single",11,FALSE,FALSE,"316",1
"322","Discount Stores, Junior Department Stores, Department Stores","3221","Retail Condo","single use","Lowell",1,"single",12,FALSE,FALSE,"102",0
"330","Automotive Vehicles Sales and Service","330V","Car Dealer V","single use","Lowell",1,"single",12,FALSE,FALSE,"335",0
"317","Farm Buildings - barns, silo, utility shed, etc","317V","FARM BLDGS M-00","single use","Rehoboth",1,"single",15,FALSE,FALSE,"716",0
"330","Automotive Vehicles Sales and Service","330I","AUTO V S&S M-96","single use","Rehoboth",1,"single",15,FALSE,FALSE,"332",0
"330","Automotive Vehicles Sales and Service","330S","AUTO V S&S M-95","single use","Rehoboth",1,"single",15,FALSE,FALSE,"332",0
"340","General Office Buildings","340I","OFFICE BLD M96","single use","Rehoboth",1,"single",14,FALSE,FALSE,"371",0
"332","Auto Repair Facilities","332V","Auto Repair V","single use","Lowell",1,"single",13,FALSE,FALSE,"332",1
"333","Fuel Service Areas - providing only fuel products","333V","Fuel Service V","single use","Lowell",1,"single",14,FALSE,FALSE,"371",0
"340","General Office Buildings","3401","Office Condo","single use","Lowell",1,"single",12,FALSE,FALSE,"371",0
"384","Marinas - including marine terminals & associated areas primarily for recreational marine craft (not Ch. 61B)","3841","Yacht Club","single use","Lowell",1,"single",10,FALSE,FALSE,"106",0
"322","Discount Stores, Junior Department Stores, Department Stores","3221","RTL CONDO  MDL-06","single use","Easthampton",1,"single",17,FALSE,FALSE,"102",0
"322","Discount Stores, Junior Department Stores, Department Stores","322L","RTL CONDO  MDL-96","single use","Easthampton",1,"single",17,FALSE,FALSE,"102",0
"340","General Office Buildings","3401","OFF CONDO  MDL-06","single use","Easthampton",1,"single",17,FALSE,FALSE,"102",0
"342","Medical Office Buildings","3421","PROF CONDO  MDL-06","single use","Easthampton",1,"single",18,FALSE,FALSE,"102",0
"342","Medical Office Buildings","3421","Professional Condo","single use","Lowell",1,"single",18,FALSE,FALSE,"356",0
"340","General Office Buildings","340I","Other - Office Building","single use","Lowell",1,"single",23,TRUE,FALSE,"371",0
"342","Medical Office Buildings","342O","Other - Condo Office","single use","Lowell",1,"single",20,TRUE,FALSE,"371",0
"337","Parking Lots - a commercial open parking lot for motor vehicles","337C","Retail Trade - Parking Lots - a commercial open parking lot for motor vehicles","single use","Lowell",1,"single",78,FALSE,FALSE,"337",1
"340","General Office Buildings","340O","Office Building - General Office Buildings","single use","Lowell",1,"single",42,FALSE,FALSE,"340",1
"317","Farm Buildings - barns, silo, utility shed, etc","317V","FARM BLDGS  MDL-00","single use","Easthampton",1,"single",18,FALSE,FALSE,"716",0
"330","Automotive Vehicles Sales and Service","330I","AUTO V S&S  MDL-96","single use","Easthampton",1,"single",18,FALSE,FALSE,"332",0
"330","Automotive Vehicles Sales and Service","330V","AUTO V S&S  MDL-00","single use","Easthampton",1,"single",18,FALSE,FALSE,"332",0
"340","General Office Buildings","340I","OFFICE BLD  MDL-96","single use","Easthampton",1,"single",18,FALSE,FALSE,"371",0
"330","Automotive Vehicles Sales and Service","330I","Auto V S&S","single use","Plympton",1,"single",10,FALSE,FALSE,"332",0
"340","General Office Buildings","340R","OFFICE RES TYPE","single use","Wrentham",1,"single",15,FALSE,FALSE,"371",0
"390","Developable Commercial Land","3901","VACANT LAND DEV V","single use","Wrentham",1,"single",17,FALSE,FALSE,"106",0
"322","Discount Stores, Junior Department Stores, Department Stores","3221","RTL CONDO MDL-06","single use","Northbridge",1,"single",16,FALSE,FALSE,"102",0
"322","Discount Stores, Junior Department Stores, Department Stores","322L","RTL CONDO M96","single use","Northbridge",1,"single",13,FALSE,FALSE,"102",0
"334","Gasoline Service Stations - providing engine repair or maintenance services, and fuel products","334S","GAS ST SRV M95","single use","Northbridge",1,"single",14,FALSE,FALSE,"311",0
"340","General Office Buildings","340R","OFFICE BLD M-01","single use","Northbridge",1,"single",15,FALSE,FALSE,"371",0
"380","Golf Courses (not Ch. 61B)","380V","Golf Course Lnd","single use","Northbridge",1,"single",15,FALSE,FALSE,"283",0
"393","Agricultural/Horticultural Land not included in Chapter 61A","393V","AH-NOT 61A M-00","single use","Northbridge",1,"single",15,FALSE,FALSE,"261",0
"322","Discount Stores, Junior Department Stores, Department Stores","3222","IMPUTED - Discount Stores, Junior Department Stores, Department Stores","single use","Wrentham",1,"single",70,FALSE,FALSE,"322",1
"340","General Office Buildings","340R","Home conversion to office","single use","Petersham",1,"single",25,FALSE,FALSE,"371",0
"322","Discount Stores, Junior Department Stores, Department Stores","3222","Discount, dept store","single use","Berlin",1,"single",20,FALSE,FALSE,"322",1
"340","General Office Buildings","3401","Office building","single use","Berlin",1,"single",15,FALSE,FALSE,"371",0
"337","Parking Lots - a commercial open parking lot for motor vehicles","337V","Parking lot","single use","Berlin",1,"single",11,FALSE,FALSE,"337",1
"301","Motels","301V","MOTELS  MDL-00","single use","North Attleborough",1,"single",14,FALSE,FALSE,"301",1
"317","Farm Buildings - barns, silo, utility shed, etc","317C","FARM MDL96","single use","North Attleborough",1,"single",10,FALSE,FALSE,"716",0
"322","Discount Stores, Junior Department Stores, Department Stores","3221","RTL CONDO M06","single use","North Attleborough",1,"single",13,FALSE,FALSE,"102",0
"322","Discount Stores, Junior Department Stores, Department Stores","322C","RTL CONDO  MDL-94","single use","North Attleborough",1,"single",17,FALSE,FALSE,"102",0
"322","Discount Stores, Junior Department Stores, Department Stores","322L","RTL CONDO  MDL-96","single use","North Attleborough",1,"single",17,FALSE,FALSE,"102",0
"333","Fuel Service Areas - providing only fuel products","333V","SSGAS ML00","single use","North Attleborough",1,"single",10,FALSE,FALSE,"311",0
"340","General Office Buildings","3401","OFF CONDO M06","single use","North Attleborough",1,"single",13,FALSE,FALSE,"102",0
"340","General Office Buildings","340C","OFFICE BLD MDL94","single use","North Attleborough",1,"single",16,FALSE,FALSE,"371",0
"340","General Office Buildings","340I","OFFICE M96","single use","North Attleborough",1,"single",10,FALSE,FALSE,"371",0
"342","Medical Office Buildings","3421","PROF CONDO","single use","North Attleborough",1,"single",10,FALSE,FALSE,"102",0
"354","Bus Transportation Facilities and Related Properties","3542","BUS STATN","single use","North Attleborough",1,"single",9,FALSE,FALSE,"354",1
"384","Marinas - including marine terminals & associated areas primarily for recreational marine craft (not Ch. 61B)","3841","YACHT CLUB","single use","North Attleborough",1,"single",10,FALSE,FALSE,"106",0
"322","Discount Stores, Junior Department Stores, Department Stores","3221","Retail Condo","single use","Gloucester",1,"single",12,FALSE,FALSE,"102",0
"322","Discount Stores, Junior Department Stores, Department Stores","3222","Commercial Building","single use","Gloucester",1,"single",19,FALSE,FALSE,"813",0
"340","General Office Buildings","3401","Office Condo","single use","Gloucester",1,"single",12,FALSE,FALSE,"371",0
"314","Trucking Terminals","314V","TRUCK TERM V","single use","Gloucester",1,"single",12,FALSE,FALSE,"272",0
"342","Medical Office Buildings","3421","Commercial Condominium","single use","Wenham",1,"single",22,FALSE,FALSE,"102",0
"354","Bus Transportation Facilities and Related Properties","3541","Airport Property","single use","Wenham",1,"single",16,FALSE,FALSE,"505",0
"322","Discount Stores, Junior Department Stores, Department Stores","3222","Commercial","single use","Norwood",1,"single",10,FALSE,FALSE,"813",0
"333","Fuel Service Areas - providing only fuel products","3331","Outbuildings","single use","Norwood",1,"single",12,FALSE,FALSE,"106",0
"334","Gasoline Service Stations - providing engine repair or maintenance services, and fuel products","334V","Outbuildings","single use","Norwood",1,"single",12,FALSE,FALSE,"106",0
"322","Discount Stores, Junior Department Stores, Department Stores","322V","Commercial Outbuilding","single use","Norwood",1,"single",22,FALSE,FALSE,"106",0
"340","General Office Buildings","340R","General Office Building, Residential","single use","Norwood",1,"single",36,FALSE,FALSE,"340",1
"322","Discount Stores, Junior Department Stores, Department Stores","3222","Discount Stores, Junior Department Stores, Department Stores","single use","Southwick",1,"single",60,FALSE,FALSE,"322",1
"322","Discount Stores, Junior Department Stores, Department Stores","322I","Discount Stores, Junior Department Stores, Department Stores","single use","Southwick",1,"single",60,FALSE,FALSE,"322",1
"383","Beaches or Outdoor Swimming Pools (not Ch. 61B)","3831","Beaches or Outdoor Swimming Pools (not Ch. 61B)","single use","Hinsdale",1,"single",47,FALSE,FALSE,"383",1
"387","Summer Camps - children's camps (not Ch. 61B)","3871","Summer Camps - children's camps (not Ch. 61B)","single use","Hinsdale",1,"single",45,FALSE,FALSE,"387",1
"387","Summer Camps - children's camps (not Ch. 61B)","3872","Summer Camps - children's camps (not Ch. 61B)","single use","Hinsdale",1,"single",45,FALSE,FALSE,"387",1
"388","Other Outdoor facilities - e.g. driving ranges, miniature golf, baseball batting ranges, etc... (not Ch. 61B)","3881","Other Outdoor facilities - e.g. driving ranges, miniature golf, baseball batting ranges, etc... (not Ch. 61B)","single use","Hinsdale",1,"single",109,TRUE,FALSE,"388",1
"322","Discount Stores, Junior Department Stores, Department Stores","3222","Commercial bldg","single use","Southampton",1,"single",15,FALSE,FALSE,"813",0
"340","General Office Buildings","3401","commercial, office/condo","single use","Southampton",1,"single",24,FALSE,FALSE,"371",0
"322","Discount Stores, Junior Department Stores, Department Stores","3222","Commercial Building","single use","Norwell",1,"single",19,FALSE,FALSE,"813",0
"316","Other Storage, Warehouse, and Distribution facilities (see also usecode 401)","316I","commercial warehouse model 96","single use","Hanover",1,"single",29,FALSE,FALSE,"316",1
"322","Discount Stores, Junior Department Stores, Department Stores","3221","retail condo model 6
retail condo model 6
","single use","Hanover",1,"single",44,FALSE,FALSE,"102",0
"340","General Office Buildings","3401","office condo model 06","single use","Hanover",1,"single",21,FALSE,FALSE,"371",0
"340","General Office Buildings","340I","office condo model 96","single use","Hanover",1,"single",21,FALSE,FALSE,"371",0
"323","Shopping Centers/Malls","323I","Shopping Centers/Malls","single use","Hanover",1,"single",22,FALSE,FALSE,"323",1
"316","Other Storage, Warehouse, and Distribution facilities (see also usecode 401)","316S","Self Storage Commercial","single use","Hanover",1,"single",23,FALSE,FALSE,"813",0
"322","Discount Stores, Junior Department Stores, Department Stores","3222","Commercial Bldg","single use","Hanover",1,"single",15,FALSE,FALSE,"813",0
"332","Auto Repair Facilities","332J","Commercial Job Shop","single use","Hanover",1,"single",19,FALSE,FALSE,"400",0
"340","General Office Buildings","3401","Commercial Condominium","single use","South Hadley",1,"single",22,FALSE,FALSE,"102",0
"322","Discount Stores, Junior Department Stores, Department Stores","322I","Discount Stores, Junior Department Stores, Department Stores - Industrial","single use","South Hadley",1,"single",73,FALSE,FALSE,"322",1
"332","Auto Repair Facilities","332I","Auto Repair Facilities - Industrial","single use","South Hadley",1,"single",35,FALSE,FALSE,"332",1
"332","Auto Repair Facilities","332S","Auto Repair Facilities","single use","South Hadley",1,"single",22,FALSE,FALSE,"332",1
"340","General Office Buildings","340C","General Office Buildings - Commercial","single use","South Hadley",1,"single",37,FALSE,FALSE,"340",1
"310","Tanks Holding Fuel and Oil Products for Retail Distribution, either Above Ground or Underground","3108","APARTMENTS","single use","Westport",1,"single",10,FALSE,FALSE,"361",0
"325","Small Retail and Services stores (under 10,000 sq. ft.)","3255","COMMERCIAL CONDO","single use","Westport",1,"single",16,FALSE,FALSE,"102",0
"313","Lumber Yards","313V","Lumbar Yard - Vacant","single use","Holland",1,"single",20,FALSE,FALSE,"106",0
"322","Discount Stores, Junior Department Stores, Department Stores","3221","Discount Stores, Junior Department Stores, Department Stores","single use","Amesbury",1,"single",60,FALSE,FALSE,"322",1
"322","Discount Stores, Junior Department Stores, Department Stores","3222","Discount Stores, Junior Department Stores, Department Stores","single use","Amesbury",1,"single",60,FALSE,FALSE,"322",1
"340","General Office Buildings","3401","General Office Buildings","single use","Amesbury",1,"single",24,FALSE,FALSE,"340",1
"386","Camping Facilities - accomodations for tents, campers, or travel trailers (not Ch. 61B)","386I","IMPUTED - Camping Facilities - accomodations for tents, campers, or travel trailers (not Ch. 61B)","single use","Sutton",1,"single",97,FALSE,FALSE,"386",1
"386","Camping Facilities - accomodations for tents, campers, or travel trailers (not Ch. 61B)","386R","IMPUTED - Camping Facilities - accomodations for tents, campers, or travel trailers (not Ch. 61B)","single use","Sutton",1,"single",97,FALSE,FALSE,"386",1
"390","Developable Commercial Land","390I","IMPUTED - Developable Commercial Land","single use","Sutton",1,"single",37,FALSE,FALSE,"813",0
"390","Developable Commercial Land","390R","IMPUTED - Developable Commercial Land","single use","Sutton",1,"single",37,FALSE,FALSE,"813",0
"386","Camping Facilities - accomodations for tents, campers, or travel trailers (not Ch. 61B)","386C","IMPUTED - Camping Facilities - accomodations for tents, campers, or travel trailers (not Ch. 61B)","single use","Sutton",1,"single",97,FALSE,FALSE,"386",1
"342","Medical Office Buildings","3422","MEDICAL COMM CONDO","single use","Westport",1,"single",18,FALSE,FALSE,"102",0
"386","Camping Facilities - accomodations for tents, campers, or travel trailers (not Ch. 61B)","3861","Camping Facilities - accomodations for tents, campers, or travel trailers (not Ch. 61B)","single use","Amesbury",1,"single",87,FALSE,FALSE,"386",1
"302","Inns, Resorts, or Tourist Homes","302R","Inns","single use","Aquinnah",1,"single",4,FALSE,FALSE,"302",1
"322","Discount Stores, Junior Department Stores, Department Stores","3221","RTL CONDO","single use","Easton",1,"single",9,FALSE,FALSE,"102",0
"325","Small Retail and Services stores (under 10,000 sq. ft.)","325I","CONV FOOD MDL-96","single use","Easton",1,"single",16,FALSE,FALSE,"326",0
"334","Gasoline Service Stations - providing engine repair or maintenance services, and fuel products","334S","GAS ST SRV MDL-95","single use","Easton",1,"single",17,FALSE,FALSE,"311",0
"380","Golf Courses (not Ch. 61B)","380V","GOLF CRSE MDL-00","single use","Easton",1,"single",16,FALSE,FALSE,"283",0
"330","Automotive Vehicles Sales and Service","330I","AUTO V S&S MDL-96","single use","Easton",1,"single",17,FALSE,FALSE,"332",0
"340","General Office Buildings","340R","OFFICE BLD MDL-01","single use","Easton",1,"single",17,FALSE,FALSE,"371",0
"341","Bank Buildings","341R","BANK BLDG MDL-00","single use","Easton",1,"single",16,FALSE,FALSE,"341",1
"340","General Office Buildings","3401","OFF CONDO","single use","Easton",1,"single",9,FALSE,FALSE,"102",0
"322","Discount Stores, Junior Department Stores, Department Stores","3222","Service Shop","single use","Wilmington",1,"single",12,FALSE,FALSE,"371",0
"322","Discount Stores, Junior Department Stores, Department Stores","3224","Retail Condo","single use","Wilmington",1,"single",12,FALSE,FALSE,"102",0
"334","Gasoline Service Stations - providing engine repair or maintenance services, and fuel products","3345","Gasoline service Stations","single use","Wilmington",1,"single",25,FALSE,FALSE,"311",0
"340","General Office Buildings","3401","Office Condo","single use","Wilmington",1,"single",12,FALSE,FALSE,"371",0
"340","General Office Buildings","3407","General Office building","single use","Wilmington",1,"single",23,FALSE,FALSE,"340",1
"342","Medical Office Buildings","3429","Medical Office Building","single use","Wilmington",1,"single",23,FALSE,FALSE,"371",0
"322","Discount Stores, Junior Department Stores, Department Stores","3221","Discount Stores, Junior Department Stores, Department Stores","single use","Boxford",1,"single",60,FALSE,FALSE,"322",1
"386","Camping Facilities - accomodations for tents, campers, or travel trailers (not Ch. 61B)","386R","CAMPGROUND MDL","single use","Otis",1,"single",14,FALSE,FALSE,"310",0
"386","Camping Facilities - accomodations for tents, campers, or travel trailers (not Ch. 61B)","386V","CAMPGROUND MDL","single use","Otis",1,"single",14,FALSE,FALSE,"310",0
"332","Auto Repair Facilities","332R","Auto Repair Facilities","single use","Oxford",1,"single",22,FALSE,FALSE,"332",1
"337","Parking Lots - a commercial open parking lot for motor vehicles","337V","Parking Lots - a commercial open parking lot for motor vehicles","single use","Oxford",1,"single",63,FALSE,FALSE,"337",1
"340","General Office Buildings","340R","General Office Buildings","single use","Oxford",1,"single",24,FALSE,FALSE,"340",1
"355","Funeral Homes","355R","Funeral Homes","single use","Oxford",1,"single",13,FALSE,FALSE,"355",1
"356","Miscellaneous Public Services - professional membership organizations, business associations, etc","356V","Miscellaneous Public Services - professional membership organizations, business associations, etc","single use","Oxford",1,"single",97,FALSE,FALSE,"354",0
"380","Golf Courses (not Ch. 61B)","380V","Golf Courses (not Ch. 61B)","single use","Oxford",1,"single",26,FALSE,FALSE,"380",1
"322","Discount Stores, Junior Department Stores, Department Stores","322I","Discount Stores, Junior Department Stores, Department Stores","single use","Dartmouth",1,"single",60,FALSE,FALSE,"322",1
"322","Discount Stores, Junior Department Stores, Department Stores","3221","Discount Stores, Junior Department Stores, Department Stores","single use","Dartmouth",1,"single",60,FALSE,FALSE,"322",1
"323","Shopping Centers/Malls","323I","Shopping Centers/Malls","single use","Dartmouth",1,"single",22,FALSE,FALSE,"323",1
"340","General Office Buildings","3401","General Office Buildings","single use","Dartmouth",1,"single",24,FALSE,FALSE,"340",1
"340","General Office Buildings","340I","General Office Buildings","single use","Dartmouth",1,"single",24,FALSE,FALSE,"340",1
"342","Medical Office Buildings","342I","Medical Office Buildings","single use","Dartmouth",1,"single",24,FALSE,FALSE,"371",0
"380","Golf Courses (not Ch. 61B)","380V","Golf Courses (not Ch. 61B)","single use","Dartmouth",1,"single",26,FALSE,FALSE,"380",1
"342","Medical Office Buildings","3421","Medical Office Buildings","single use","Dartmouth",1,"single",24,FALSE,FALSE,"371",0
"332","Auto Repair Facilities","332I","Auto Repair Facilities - Improvement","single use","Dartmouth",1,"single",36,FALSE,FALSE,"332",1
"322","Discount Stores, Junior Department Stores, Department Stores","3221","RTL CONDO","single use","Newton",1,"single",9,FALSE,FALSE,"102",0
"340","General Office Buildings","3401","OFF CONDO","single use","Newton",1,"single",9,FALSE,FALSE,"102",0
"342","Medical Office Buildings","3421","PROF CONDO","single use","Newton",1,"single",10,FALSE,FALSE,"102",0
"384","Marinas - including marine terminals & associated areas primarily for recreational marine craft (not Ch. 61B)","3841","YACHT CLUB","single use","Newton",1,"single",10,FALSE,FALSE,"106",0
"340","General Office Buildings","340R","General Office Buildings","single use","Newton",1,"single",24,FALSE,FALSE,"340",1
"381","Tennis Courts (not Ch. 61B)","381V","Tennis Courts (not Ch. 61B)","single use","Newton",1,"single",27,FALSE,FALSE,"381",1
"332","Auto Repair Facilities","3321","Auto Repair V","single use","Paxton",1,"single",13,FALSE,FALSE,"332",1
"330","Automotive Vehicles Sales and Service","330V","AUTO V S&S MDL","single use","Acton",1,"single",14,FALSE,FALSE,"332",0
"340","General Office Buildings","3401","OFF CONDO MDL","single use","Acton",1,"single",13,FALSE,FALSE,"102",0
"340","General Office Buildings","340C","OFF CONDO MDL","single use","Acton",1,"single",13,FALSE,FALSE,"102",0
"342","Medical Office Buildings","3421","PROF CONDO MDL","single use","Acton",1,"single",14,FALSE,FALSE,"102",0
"322","Discount Stores, Junior Department Stores, Department Stores","3221","RTL CONDO MDL","single use","Acton",1,"single",13,FALSE,FALSE,"102",0
"322","Discount Stores, Junior Department Stores, Department Stores","322C","Discount Stores, Junior Department Stores, Department Stores","single use","Acton",1,"single",60,FALSE,FALSE,"322",1
"322","Discount Stores, Junior Department Stores, Department Stores","3222","Commercial Building","single use","Acton",1,"single",19,FALSE,FALSE,"813",0
"311","Bottled Gas and Propane Gas Tanks","311I","RTL GAS ST MDL","single use","Acton",1,"single",14,FALSE,FALSE,"311",1
"323","Shopping Centers/Malls","323V","Shopping Mall MDL","single use","Acton",1,"single",17,FALSE,FALSE,"323",1
"341","Bank Buildings","341V","Bank Building MDL","single use","Acton",1,"single",17,FALSE,FALSE,"341",1
"355","Funeral Homes","355V","Funeral Home MDL","single use","Acton",1,"single",16,FALSE,FALSE,"355",1
"322","Discount Stores, Junior Department Stores, Department Stores","322I","Discount Stores, Junior Department Stores, Department Stores Industrial","single use","Leominster",1,"single",71,FALSE,FALSE,"322",1
"322","Discount Stores, Junior Department Stores, Department Stores","322R","Discount Stores, Junior Department Stores, Department Stores Residential","single use","Leominster",1,"single",72,FALSE,FALSE,"322",1
"322","Discount Stores, Junior Department Stores, Department Stores","322V","Discount Stores, Junior Department Stores, Department Stores Vacant","single use","Leominster",1,"single",67,FALSE,FALSE,"322",1
"323","Shopping Centers/Malls","323V","Shopping Centers/Malls Vacant","single use","Leominster",1,"single",29,FALSE,FALSE,"323",1
"332","Auto Repair Facilities","332I","Auto Repair Facilities Industrial","single use","Leominster",1,"single",33,FALSE,FALSE,"332",1
"332","Auto Repair Facilities","332V","Auto Repair Facilities Vacant","single use","Leominster",1,"single",29,FALSE,FALSE,"332",1
"340","General Office Buildings","340I","General Office Buildings Industrial","single use","Leominster",1,"single",35,FALSE,FALSE,"340",1
"340","General Office Buildings","340R","General Office Buildings Residential","single use","Leominster",1,"single",36,FALSE,FALSE,"340",1
"342","Medical Office Buildings","342R","Medical Office Buildings Residential","single use","Leominster",1,"single",36,FALSE,FALSE,"371",0
"342","Medical Office Buildings","342V","Medical Office Buildings Vacant","single use","Leominster",1,"single",31,FALSE,FALSE,"371",0
"353","Fraternal Organizations","353V","Fraternal Organizations Vacant","single use","Leominster",1,"single",30,FALSE,FALSE,"353",1
"322","Discount Stores, Junior Department Stores, Department Stores","3221","retail condo","single use","Leominster",1,"single",12,FALSE,FALSE,"102",0
"322","Discount Stores, Junior Department Stores, Department Stores","3222","commercial building","single use","Leominster",1,"single",19,FALSE,FALSE,"813",0
"322","Discount Stores, Junior Department Stores, Department Stores","322Z","commercial building","single use","Leominster",1,"single",19,FALSE,FALSE,"813",0
"340","General Office Buildings","3401","office condo","single use","Leominster",1,"single",12,FALSE,FALSE,"371",0
"342","Medical Office Buildings","3421","professional condo","single use","Leominster",1,"single",18,FALSE,FALSE,"356",0
"331","Automotive Supplies Sales and Service","331I","AUTO S S&S MDL-96","single use","Leominster",1,"single",17,FALSE,FALSE,"332",0
"385","Fish and Game Clubs (not Ch. 61B)","385R","Fish & Game Recreation","single use","Westminster",1,"single",22,FALSE,FALSE,"385",1
"322","Discount Stores, Junior Department Stores, Department Stores","3221","Retail Condo","single use","Tewksbury",1,"single",12,FALSE,FALSE,"102",0
"342","Medical Office Buildings","3421","Professional Condo","single use","Tewksbury",1,"single",18,FALSE,FALSE,"356",0
"322","Discount Stores, Junior Department Stores, Department Stores","322C","RTL CONDO MDL-94","single use","Tewksbury",1,"single",16,FALSE,FALSE,"102",0
"340","General Office Buildings","3401","Office Condo","single use","Tewksbury",1,"single",12,FALSE,FALSE,"371",0
"342","Medical Office Buildings","342C","PROF CONDO MDL-94","single use","Tewksbury",1,"single",17,FALSE,FALSE,"102",0
"380","Golf Courses (not Ch. 61B)","380U","GOLF CRSE MDL-06","single use","Tewksbury",1,"single",16,FALSE,FALSE,"283",0
"331","Automotive Supplies Sales and Service","331I","AUTO S S&S  MDL-96","single use","West Springfield",1,"single",18,FALSE,FALSE,"332",0
"341","Bank Buildings","341I","BANK BLDG  MDL-96","single use","West Springfield",1,"single",17,FALSE,FALSE,"341",1
"325","Small Retail and Services stores (under 10,000 sq. ft.)","325I","CONV FOOD","single use","West Springfield",1,"single",9,FALSE,FALSE,"326",0
"330","Automotive Vehicles Sales and Service","330I","AUTO V S&S  MDL-96","single use","West Springfield",1,"single",18,FALSE,FALSE,"332",0
"335","Car Wash Facilities","335I","CAR WASH  MDL-96","single use","West Springfield",1,"single",16,FALSE,FALSE,"335",1
"380","Golf Courses (not Ch. 61B)","380I","GOLF CRSE  MDL-96","single use","West Springfield",1,"single",17,FALSE,FALSE,"283",0
"341","Bank Buildings","341S","BANK BLDG  MDL-95","single use","West Springfield",1,"single",17,FALSE,FALSE,"341",1
"300","Hotels","300I","MOTELS  MDL-94","single use","West Springfield",1,"single",14,FALSE,FALSE,"301",0
"334","Gasoline Service Stations - providing engine repair or maintenance services, and fuel products","334I","GAS ST SRV  MDL-96","single use","West Springfield",1,"single",18,FALSE,FALSE,"311",0
"340","General Office Buildings","3401","OFF CONDO","single use","West Springfield",1,"single",9,FALSE,FALSE,"102",0
"322","Discount Stores, Junior Department Stores, Department Stores","3222","commercial bld","single use","Randolph",1,"single",14,FALSE,FALSE,"813",0
"301","Motels","301V","MOTELS","single use","Chelmsford",1,"single",6,FALSE,FALSE,"301",1
"304","Nursing Homes - includes property designed for minimal care with or without medical facilities","304V","NURSING HM","single use","Chelmsford",1,"single",10,FALSE,FALSE,"304",1
"317","Farm Buildings - barns, silo, utility shed, etc","317I","FARM BLDGS","single use","Chelmsford",1,"single",10,FALSE,FALSE,"716",0
"322","Discount Stores, Junior Department Stores, Department Stores","3221","RTL CONDO","single use","Chelmsford",1,"single",9,FALSE,FALSE,"102",0
"322","Discount Stores, Junior Department Stores, Department Stores","322C","RTL CONDO","single use","Chelmsford",1,"single",9,FALSE,FALSE,"102",0
"324","Supermarkets (in excess of 10,000 sq. ft.)","324I","SUPERMKT","single use","Chelmsford",1,"single",8,FALSE,FALSE,"505",0
"324","Supermarkets (in excess of 10,000 sq. ft.)","324V","SUPERMKT","single use","Chelmsford",1,"single",8,FALSE,FALSE,"505",0
"330","Automotive Vehicles Sales and Service","330I","AUTO V S&S","single use","Chelmsford",1,"single",10,FALSE,FALSE,"332",0
"332","Auto Repair Facilities","332I","AUTO REPR","single use","Chelmsford",1,"single",9,FALSE,FALSE,"332",1
"332","Auto Repair Facilities","332S","AUTO REPR","single use","Chelmsford",1,"single",9,FALSE,FALSE,"332",1
"334","Gasoline Service Stations - providing engine repair or maintenance services, and fuel products","334S","GAS ST SRV","single use","Chelmsford",1,"single",10,FALSE,FALSE,"311",0
"334","Gasoline Service Stations - providing engine repair or maintenance services, and fuel products","334V","GAS ST SRV","single use","Chelmsford",1,"single",10,FALSE,FALSE,"311",0
"340","General Office Buildings","3401","OFF CONDO","single use","Chelmsford",1,"single",9,FALSE,FALSE,"102",0
"340","General Office Buildings","340A","OFF CONDO","single use","Chelmsford",1,"single",9,FALSE,FALSE,"102",0
"340","General Office Buildings","340C","OFF CONDO","single use","Chelmsford",1,"single",9,FALSE,FALSE,"102",0
"340","General Office Buildings","340V","OFFICE BLD","single use","Chelmsford",1,"single",10,FALSE,FALSE,"371",0
"342","Medical Office Buildings","3421","PROF CONDO","single use","Chelmsford",1,"single",10,FALSE,FALSE,"102",0
"342","Medical Office Buildings","342C","PROF CONDO","single use","Chelmsford",1,"single",10,FALSE,FALSE,"102",0
"354","Bus Transportation Facilities and Related Properties","3542","BUS STATN","single use","Chelmsford",1,"single",9,FALSE,FALSE,"354",1
"374","Health Spas","374V","HEALTH SPA","single use","Chelmsford",1,"single",10,FALSE,FALSE,"374",1
"380","Golf Courses (not Ch. 61B)","380I","GOLF CRSE","single use","Chelmsford",1,"single",9,FALSE,FALSE,"283",0
"380","Golf Courses (not Ch. 61B)","380V","GOLF CRSE","single use","Chelmsford",1,"single",9,FALSE,FALSE,"283",0
"384","Marinas - including marine terminals & associated areas primarily for recreational marine craft (not Ch. 61B)","3841","YACHT CLUB","single use","Chelmsford",1,"single",10,FALSE,FALSE,"106",0
"340","General Office Buildings","340R","OFFICE BLD MDL-01","single use","Chelmsford",1,"single",17,FALSE,FALSE,"371",0
"316","Other Storage, Warehouse, and Distribution facilities (see also usecode 401)","316V","Commercial Warehouse","single use","Stow",1,"single",20,FALSE,FALSE,"316",1
"318","Commercial Greenhouses","318V","Commercial Greenhouse","single use","Stow",1,"single",21,FALSE,FALSE,"813",0
"340","General Office Buildings","3401","Office Condominium","single use","Stow",1,"single",18,FALSE,FALSE,"371",0
"322","Discount Stores, Junior Department Stores, Department Stores","3221","RTL CONDO MDL-06","single use","Attleboro",1,"single",16,FALSE,FALSE,"102",0
"330","Automotive Vehicles Sales and Service","330I","AUTO V S&S MDL-96","single use","Attleboro",1,"single",17,FALSE,FALSE,"332",0
"340","General Office Buildings","3401","OFF CONDO MDL-06","single use","Attleboro",1,"single",16,FALSE,FALSE,"102",0
"340","General Office Buildings","340I","OFFICE BLD MDL-96","single use","Attleboro",1,"single",17,FALSE,FALSE,"371",0
"340","General Office Buildings","340R","OFFICE BLD MDL-01","single use","Attleboro",1,"single",17,FALSE,FALSE,"371",0
"334","Gasoline Service Stations - providing engine repair or maintenance services, and fuel products","334I","GAS ST SRV MDL_95","single use","Attleboro",1,"single",17,FALSE,FALSE,"311",0
"334","Gasoline Service Stations - providing engine repair or maintenance services, and fuel products","334V","GAS SELFSERVE","single use","Attleboro",1,"single",13,FALSE,FALSE,"311",0
"342","Medical Office Buildings","342R","IMPUTED - Medical Office Buildings","single use","Attleboro",1,"single",34,FALSE,FALSE,"371",0
"340","General Office Buildings","3401","Office Condominium MDL-06","single use","Sharon",1,"single",25,FALSE,FALSE,"371",0
"316","Other Storage, Warehouse, and Distribution facilities (see also usecode 401)","316I","Commercial Warehouse MDL-96","single use","Sharon",1,"single",27,FALSE,FALSE,"316",1
"325","Small Retail and Services stores (under 10,000 sq. ft.)","325C","Convenience Food MDL-94","single use","Sharon",1,"single",23,FALSE,FALSE,"326",0
"340","General Office Buildings","340I","Office Building MDL-96","single use","Sharon",1,"single",22,FALSE,FALSE,"371",0
"340","General Office Buildings","340R","Office Building MDL-01","single use","Sharon",1,"single",22,FALSE,FALSE,"371",0
"387","Summer Camps - children's camps (not Ch. 61B)","387R","Youth Camps","single use","Sharon",1,"single",11,FALSE,FALSE,"387",1
"304","Nursing Homes - includes property designed for minimal care with or without medical facilities","3041","Assisted Living","single use","Sharon",1,"single",15,FALSE,FALSE,"125",0
"301","Motels","301R","MOTELS  MDL-01","single use","Sharon",1,"single",14,FALSE,FALSE,"301",1
"322","Discount Stores, Junior Department Stores, Department Stores","3222","IMPUTED - Discount Stores, Junior Department Stores, Department Stores","single use","Sharon",1,"single",70,FALSE,FALSE,"322",1
"322","Discount Stores, Junior Department Stores, Department Stores","3221","RTL Condo","single use","Woburn",1,"single",9,FALSE,FALSE,"102",0
"340","General Office Buildings","3401","Off Condo","single use","Woburn",1,"single",9,FALSE,FALSE,"102",0
"337","Parking Lots - a commercial open parking lot for motor vehicles","337I","Parking Lot Model 96","single use","Woburn",1,"single",20,FALSE,FALSE,"337",1
"322","Discount Stores, Junior Department Stores, Department Stores","3221","RTL CONDO M96","single use","Avon",1,"single",13,FALSE,FALSE,"102",0
"340","General Office Buildings","340R","OFFICE RES TYP","single use","Avon",1,"single",14,FALSE,FALSE,"371",0
"340","General Office Buildings","3401","Office condo","single use","Topsfield",1,"single",12,FALSE,FALSE,"371",0
"316","Other Storage, Warehouse, and Distribution facilities (see also usecode 401)","316V","OTHER STORAGE-WAREHOUSE DIST","single use","Agawam",1,"single",28,TRUE,FALSE,"316",1
"325","Small Retail and Services stores (under 10,000 sq. ft.)","325I","SMALL RETAIL  MDL 96","single use","Agawam",1,"single",20,FALSE,FALSE,"325",1
"334","Gasoline Service Stations - providing engine repair or maintenance services, and fuel products","334C","GAS ST SRV  MDL-94","single use","Agawam",1,"single",18,FALSE,FALSE,"311",0
"334","Gasoline Service Stations - providing engine repair or maintenance services, and fuel products","334I","GAS ST SRV  MDL-96","single use","Agawam",1,"single",18,FALSE,FALSE,"311",0
"335","Car Wash Facilities","335I","CAR WASH MDL 96","single use","Agawam",1,"single",15,FALSE,FALSE,"335",1
"337","Parking Lots - a commercial open parking lot for motor vehicles","337V","PARKING LOTS","single use","Agawam",1,"single",12,FALSE,FALSE,"337",1
"340","General Office Buildings","340I","OFFICE BLD MDL 96","single use","Agawam",1,"single",17,FALSE,FALSE,"371",0
"368","Fairgrounds and Amusement Parks","368V","AMUSE PARK MDL 00","single use","Agawam",1,"single",17,FALSE,FALSE,"103",0
"382","Riding Stables (not Ch. 61B)","382I","RIDING STABLE MDL 96","single use","Agawam",1,"single",20,FALSE,FALSE,"382",1
"384","Marinas - including marine terminals & associated areas primarily for recreational marine craft (not Ch. 61B)","384R","MARINAS MDL 01","single use","Agawam",1,"single",14,FALSE,FALSE,"384",1
"322","Discount Stores, Junior Department Stores, Department Stores","3221","RETAIL CONDO","single use","Sturbridge",1,"single",12,FALSE,FALSE,"102",0
"322","Discount Stores, Junior Department Stores, Department Stores","3222","COMMERCIAL BLDG","single use","Sturbridge",1,"single",15,FALSE,FALSE,"813",0
"340","General Office Buildings","3401","OFFICE CONDO","single use","Sturbridge",1,"single",12,FALSE,FALSE,"371",0
"384","Marinas - including marine terminals & associated areas primarily for recreational marine craft (not Ch. 61B)","3841","YACHT CLUB  MDL-96","single use","Barnstable",1,"single",18,FALSE,FALSE,"106",0
"322","Discount Stores, Junior Department Stores, Department Stores","322O","Discount Stores, Junior Department Stores, Department Stores","single use","Barnstable",1,"single",60,FALSE,FALSE,"322",1
"322","Discount Stores, Junior Department Stores, Department Stores","322I","Discount Stores, Junior Department Stores, Department Stores","single use","Barnstable",1,"single",60,FALSE,FALSE,"322",1
"322","Discount Stores, Junior Department Stores, Department Stores","3221","Retail Condo","single use","Rutland",1,"single",12,FALSE,FALSE,"102",0
"322","Discount Stores, Junior Department Stores, Department Stores","3222","Commercial Bldg","single use","Rutland",1,"single",15,FALSE,FALSE,"813",0
"340","General Office Buildings","3401","Office Condo","single use","Rutland",1,"single",12,FALSE,FALSE,"371",0
"316","Other Storage, Warehouse, and Distribution facilities (see also usecode 401)","3161","Self-Storage","single use","Rutland",1,"single",12,FALSE,FALSE,"952",0
"334","Gasoline Service Stations - providing engine repair or maintenance services, and fuel products","334I","Gas Station/Service","single use","Barnstable",1,"single",19,FALSE,FALSE,"311",0
"340","General Office Buildings","340R","OFFICE BLD M-01","single use","Barnstable",1,"single",15,FALSE,FALSE,"371",0
"340","General Office Buildings","340I","OFFICE BLD M96","single use","Barnstable",1,"single",14,FALSE,FALSE,"371",0
"384","Marinas - including marine terminals & associated areas primarily for recreational marine craft (not Ch. 61B)","384I","MARINAS","single use","Barnstable",1,"single",7,FALSE,FALSE,"384",1
"332","Auto Repair Facilities","332J","JOB SHOP(S)","single use","Barnstable",1,"single",11,FALSE,FALSE,"400",0
"330","Automotive Vehicles Sales and Service","330I","AUTO V S&S M96","single use","Barnstable",1,"single",14,FALSE,FALSE,"332",0
"384","Marinas - including marine terminals & associated areas primarily for recreational marine craft (not Ch. 61B)","384L","YACHT CLUB  M96","single use","Barnstable",1,"single",15,FALSE,FALSE,"106",0
"316","Other Storage, Warehouse, and Distribution facilities (see also usecode 401)","316S","SELF STORAGE","single use","Barnstable",1,"single",12,FALSE,FALSE,"952",0
"332","Auto Repair Facilities","332I","AUTO RPR/JS LG","single use","Barnstable",1,"single",14,FALSE,FALSE,"332",1
"304","Nursing Homes - includes property designed for minimal care with or without medical facilities","3041","REST HOME","single use","Barnstable",1,"single",9,FALSE,FALSE,"103",0
"315","Piers, Wharves, Docks, and related facilities that are used for storage and transit of goods","315V","DOCKYARDS M-00","single use","Barnstable",1,"single",14,FALSE,FALSE,"313",0
"331","Automotive Supplies Sales and Service","331I","AUTO S S&S M96","single use","Barnstable",1,"single",14,FALSE,FALSE,"332",0
"384","Marinas - including marine terminals & associated areas primarily for recreational marine craft (not Ch. 61B)","384V","MARINAS M-00","single use","Barnstable",1,"single",12,FALSE,FALSE,"384",1
"330","Automotive Vehicles Sales and Service","330I","AUTO V S&S MDL","single use","Boylston",1,"single",14,FALSE,FALSE,"332",0
"330","Automotive Vehicles Sales and Service","330V","AUTO V S&S MDL","single use","Boylston",1,"single",14,FALSE,FALSE,"332",0
"340","General Office Buildings","340R","OFFICE BLD MDL","single use","Boylston",1,"single",14,FALSE,FALSE,"371",0
"316","Other Storage, Warehouse, and Distribution facilities (see also usecode 401)","316M","Commercial Class (Mini Storage Facility)","single use","Southbridge",1,"single",40,FALSE,FALSE,"106",0
"322","Discount Stores, Junior Department Stores, Department Stores","3222","Commercial Building","single use","Boylston",1,"single",19,FALSE,FALSE,"813",0
"311","Bottled Gas and Propane Gas Tanks","311I","Retail Gas Station - Improved","single use","Granby",1,"single",29,FALSE,FALSE,"311",1
"322","Discount Stores, Junior Department Stores, Department Stores","3222","IMPUTED - Discount Stores, Junior Department Stores, Department Stores","single use","Granby",1,"single",70,FALSE,FALSE,"322",1
"322","Discount Stores, Junior Department Stores, Department Stores","3221","RTL CONDO","single use","Quincy",1,"single",9,FALSE,FALSE,"102",0
"340","General Office Buildings","3401","OFF CONDO  MDL-06","single use","Quincy",1,"single",17,FALSE,FALSE,"102",0
"340","General Office Buildings","3402","OFFICE BLDG","single use","Quincy",1,"single",11,FALSE,FALSE,"371",0
"300","Hotels","300R","Hotels","single use","Edgartown",1,"single",6,FALSE,FALSE,"300",1
"302","Inns, Resorts, or Tourist Homes","302R","Inns, Resorts, or Tourist Homes","single use","Edgartown",1,"single",31,FALSE,FALSE,"302",1
"318","Commercial Greenhouses","318V","Commercial Greenhouses","single use","Edgartown",1,"single",22,FALSE,FALSE,"318",1
"322","Discount Stores, Junior Department Stores, Department Stores","3221","Discount Stores, Junior Department Stores, Department Stores","single use","Edgartown",1,"single",60,FALSE,FALSE,"322",1
"340","General Office Buildings","3401","General Office Buildings","single use","Edgartown",1,"single",24,FALSE,FALSE,"340",1
"351","Educational Properties","351R","Educational Properties","single use","Edgartown",1,"single",22,FALSE,FALSE,"351",1
"380","Golf Courses (not Ch. 61B)","380V","Golf Courses (not Ch. 61B)","single use","Edgartown",1,"single",26,FALSE,FALSE,"380",1
"340","General Office Buildings","340I","Bank Buildings","single use","Edgartown",1,"single",14,FALSE,FALSE,"341",0
"109","Multiple Houses on one parcel","300C","Hotel (main bldg of a hotel whose six other buildings contain multiple condo units)","single use","Edgartown",1,"single",83,TRUE,FALSE,"102",0
"342","Medical Office Buildings","3421","Professional office condo","single use","Edgartown",1,"single",25,FALSE,FALSE,"356",0
"383","Beaches or Outdoor Swimming Pools (not Ch. 61B)","383C","Beaches or Outdoor Swimming Pools (not Ch. 61B)","single use","Edgartown",1,"single",47,FALSE,FALSE,"383",1
"322","Discount Stores, Junior Department Stores, Department Stores","3221","Rtl Condo","single use","Lakeville",1,"single",9,FALSE,FALSE,"102",0
"322","Discount Stores, Junior Department Stores, Department Stores","3223","COM/IND CONDO","single use","Lakeville",1,"single",13,FALSE,FALSE,"102",0
"322","Discount Stores, Junior Department Stores, Department Stores","3222","IMPUTED - Discount Stores, Junior Department Stores, Department Stores","single use","Edgartown",1,"single",70,FALSE,FALSE,"322",1
"322","Discount Stores, Junior Department Stores, Department Stores","322I","IMPUTED - Discount Stores, Junior Department Stores, Department Stores","single use","Edgartown",1,"single",70,FALSE,FALSE,"322",1
"332","Auto Repair Facilities","332G","IMPUTED - Auto Repair Facilities","single use","Edgartown",1,"single",32,FALSE,FALSE,"332",1
"332","Auto Repair Facilities","332J","IMPUTED - Auto Repair Facilities","single use","Edgartown",1,"single",32,FALSE,FALSE,"332",1
"383","Beaches or Outdoor Swimming Pools (not Ch. 61B)","383V","BEACHES","single use","Rochester",1,"single",7,FALSE,FALSE,"383",1
"393","Agricultural/Horticultural Land not included in Chapter 61A","393N","BOG NON-PROD","single use","Rochester",1,"single",12,FALSE,FALSE,"125",0
"301","Motels","301R","Motels","single use","Wilbraham",1,"single",6,FALSE,FALSE,"301",1
"322","Discount Stores, Junior Department Stores, Department Stores","322I","Discount Stores, Junior Department Stores, Department Stores","single use","Wilbraham",1,"single",60,FALSE,FALSE,"322",1
"322","Discount Stores, Junior Department Stores, Department Stores","322O","Discount Stores, Junior Department Stores, Department Stores","single use","Wilbraham",1,"single",60,FALSE,FALSE,"322",1
"316","Other Storage, Warehouse, and Distribution facilities (see also usecode 401)","316I","Commercial Warehouse, Improved (as opposed to vacant)","single use","Rochester",1,"single",53,FALSE,FALSE,"316",1
"316","Other Storage, Warehouse, and Distribution facilities (see also usecode 401)","316C","Comm Condo","single use","Dracut",1,"single",10,FALSE,FALSE,"102",0
"316","Other Storage, Warehouse, and Distribution facilities (see also usecode 401)","316I","Pre-Eng Warehs","single use","Dracut",1,"single",14,FALSE,FALSE,"388",0
"322","Discount Stores, Junior Department Stores, Department Stores","3221","Retail Condo","single use","Dracut",1,"single",12,FALSE,FALSE,"102",0
"322","Discount Stores, Junior Department Stores, Department Stores","322I","Service Shop","single use","Dracut",1,"single",12,FALSE,FALSE,"371",0
"340","General Office Buildings","3401","Condo Office","single use","Dracut",1,"single",12,FALSE,FALSE,"371",0
"342","Medical Office Buildings","3421","Condo Office","single use","Dracut",1,"single",12,FALSE,FALSE,"371",0
"322","Discount Stores, Junior Department Stores, Department Stores","3222","Commercial","single use","Dracut",1,"single",10,FALSE,FALSE,"813",0
"340","General Office Buildings","3401","General Office Buildings","single use","Winthrop",1,"single",24,FALSE,FALSE,"340",1
"322","Discount Stores, Junior Department Stores, Department Stores","3222","Commercial Building","single use","Winthrop",1,"single",19,FALSE,FALSE,"813",0
"340","General Office Buildings","3401","OFF CONDO MDL-06","single use","Weston",1,"single",16,FALSE,FALSE,"102",0
"330","Automotive Vehicles Sales and Service","330V","AUTO V S&S MDL-00","single use","Somerville",1,"single",17,FALSE,FALSE,"332",0
"340","General Office Buildings","3401","OFF CONDO MDL-06","single use","Somerville",1,"single",16,FALSE,FALSE,"102",0
"340","General Office Buildings","340I","OFFICE BLD MDL-96","single use","Somerville",1,"single",17,FALSE,FALSE,"371",0
"384","Marinas - including marine terminals & associated areas primarily for recreational marine craft (not Ch. 61B)","3841","YACHT CLUB","single use","Somerville",1,"single",10,FALSE,FALSE,"106",0
"316","Other Storage, Warehouse, and Distribution facilities (see also usecode 401)","316V","Outbuildings","single use","Somerville",1,"single",12,FALSE,FALSE,"106",0
"322","Discount Stores, Junior Department Stores, Department Stores","3221","IMPUTED - Discount Stores, Junior Department Stores, Department Stores","single use","Somerville",1,"single",70,FALSE,FALSE,"322",1
"322","Discount Stores, Junior Department Stores, Department Stores","3221","Commercial Condo","single use","Rockport",1,"single",16,FALSE,FALSE,"102",0
"322","Discount Stores, Junior Department Stores, Department Stores","3222","Commercial Building","single use","Rockport",1,"single",19,FALSE,FALSE,"813",0
"322","Discount Stores, Junior Department Stores, Department Stores","3225","Inn/Condo","single use","Rockport",1,"single",9,FALSE,FALSE,"302",0
"332","Auto Repair Facilities","3326","Auto Repair","single use","Rockport",1,"single",11,FALSE,FALSE,"332",1
"322","Discount Stores, Junior Department Stores, Department Stores","3221","RTL CONDO","single use","Holden",1,"single",9,FALSE,FALSE,"102",0
"340","General Office Buildings","3401","OFF CONDO","single use","Holden",1,"single",9,FALSE,FALSE,"102",0
"380","Golf Courses (not Ch. 61B)","380I","GOLF CRSE  MDL-96","single use","Holden",1,"single",17,FALSE,FALSE,"283",0
"322","Discount Stores, Junior Department Stores, Department Stores","322K","Commercial Building","single use","Holden",1,"single",19,FALSE,FALSE,"813",0
"334","Gasoline Service Stations - providing engine repair or maintenance services, and fuel products","334S","GAS ST SRV  M-95","single use","Mansfield",1,"single",16,FALSE,FALSE,"311",0
"340","General Office Buildings","3401","OFF CONDO  MDL-06","single use","Lexington",1,"single",17,FALSE,FALSE,"102",0
"330","Automotive Vehicles Sales and Service","330I","AUTO V S&S  MDL-96","single use","Lexington",1,"single",18,FALSE,FALSE,"332",0
"310","Tanks Holding Fuel and Oil Products for Retail Distribution, either Above Ground or Underground","310V","RTL OIL ST  MDL-00","single use","Lexington",1,"single",18,FALSE,FALSE,"310",1
"322","Discount Stores, Junior Department Stores, Department Stores","3221","Retail Condo","single use","Amherst",1,"single",12,FALSE,FALSE,"102",0
"342","Medical Office Buildings","3421","Prof Condo","single use","Amherst",1,"single",10,FALSE,FALSE,"102",0
"301","Motels","301V","MOTELS  MDL-00","single use","Amherst",1,"single",14,FALSE,FALSE,"301",1
"340","General Office Buildings","3401","Office Condo","single use","Amherst",1,"single",12,FALSE,FALSE,"371",0
"304","Nursing Homes - includes property designed for minimal care with or without medical facilities","304V","NURSING HM","single use","Amherst",1,"single",10,FALSE,FALSE,"304",1
"326","Eating and Drinking Establishments - restaurants, diners, fast food establishments, bars, nightclubs","326V","Rest/Clubs - Vac","single use","Amherst",1,"single",16,FALSE,FALSE,"106",0
"316","Other Storage, Warehouse, and Distribution facilities (see also usecode 401)","316V","Comm Whse - Vac","single use","Amherst",1,"single",15,FALSE,FALSE,"106",0
"324","Supermarkets (in excess of 10,000 sq. ft.)","324I","Supermarket - Ind","single use","Amherst",1,"single",17,FALSE,FALSE,"505",0
"334","Gasoline Service Stations - providing engine repair or maintenance services, and fuel products","334S","Gas St Srv - Srv","single use","Amherst",1,"single",16,FALSE,FALSE,"311",0
"334","Gasoline Service Stations - providing engine repair or maintenance services, and fuel products","334V","Gas St Srv - Vac","single use","Amherst",1,"single",16,FALSE,FALSE,"311",0
"322","Discount Stores, Junior Department Stores, Department Stores","3221","RTL CONDO MDL-06","single use","Dedham",1,"single",16,FALSE,FALSE,"102",0
"340","General Office Buildings","3401","OFF CONDO MDL-06","single use","Dedham",1,"single",16,FALSE,FALSE,"102",0
"342","Medical Office Buildings","3421","PROF CONDO MDL-06","single use","Dedham",1,"single",17,FALSE,FALSE,"102",0
"300","Hotels","3005","HOTEL CONDO","single use","Dedham",1,"single",11,FALSE,FALSE,"102",0
"316","Other Storage, Warehouse, and Distribution facilities (see also usecode 401)","316V","comm storage","single use","Lunenburg",1,"single",12,FALSE,FALSE,"952",0
"330","Automotive Vehicles Sales and Service","330R","comm retail auto","single use","Lunenburg",1,"single",16,FALSE,FALSE,"332",0
"352","Day Care Centers, Adult (see also Code 140)","352R","comm service","single use","Lunenburg",1,"single",12,FALSE,FALSE,"371",0
"355","Funeral Homes","355R","comm service","single use","Lunenburg",1,"single",12,FALSE,FALSE,"371",0
"380","Golf Courses (not Ch. 61B)","380V","Comm Vacant","single use","Lunenburg",1,"single",11,FALSE,FALSE,"106",0
"390","Developable Commercial Land","390V","Comm Vacant","single use","Lunenburg",1,"single",11,FALSE,FALSE,"106",0
"322","Discount Stores, Junior Department Stores, Department Stores","3222","Commercial bldg.","single use","Lunenburg",1,"single",16,FALSE,FALSE,"813",0
"388","Other Outdoor facilities - e.g. driving ranges, miniature golf, baseball batting ranges, etc... (not Ch. 61B)","3881","Outdoor rec -vacant","single use","Lunenburg",1,"single",19,FALSE,FALSE,"106",0
"322","Discount Stores, Junior Department Stores, Department Stores","322I","IMPUTED - Discount Stores, Junior Department Stores, Department Stores","single use","Lunenburg",1,"single",70,FALSE,FALSE,"322",1
"322","Discount Stores, Junior Department Stores, Department Stores","3221","RTL CONDO","single use","Clinton",1,"single",9,FALSE,FALSE,"102",0
"340","General Office Buildings","3401","Office Condo","single use","Clinton",1,"single",12,FALSE,FALSE,"371",0
"337","Parking Lots - a commercial open parking lot for motor vehicles","3371","Parking Lov V","single use","Princeton",1,"single",13,FALSE,FALSE,"103",0
"322","Discount Stores, Junior Department Stores, Department Stores","3221","RTL CONDO","single use","Norfolk",1,"single",9,FALSE,FALSE,"102",0
"332","Auto Repair Facilities","332G","IMPUTED - Auto Repair Facilities","single use","Norfolk",1,"single",32,FALSE,FALSE,"332",1
"322","Discount Stores, Junior Department Stores, Department Stores","3222","Commercial Bldg","single use","Grafton",1,"single",15,FALSE,FALSE,"813",0
"340","General Office Buildings","3402","Office R","single use","Grafton",1,"single",8,FALSE,FALSE,"371",0
"351","Educational Properties","3511","Educational Bldg V","single use","Grafton",1,"single",18,FALSE,FALSE,"351",1
"385","Fish and Game Clubs (not Ch. 61B)","3851","Fish & Game V","single use","Grafton",1,"single",13,FALSE,FALSE,"385",1
"390","Developable Commercial Land","390V","Vacant Land Dev","single use","Grafton",1,"single",15,FALSE,FALSE,"106",0
"340","General Office Buildings","340R","General Office Building - Residential","single use","Monson",1,"single",37,FALSE,FALSE,"340",1
"322","Discount Stores, Junior Department Stores, Department Stores","3221","Condo Office","single use","Medford",1,"single",12,FALSE,FALSE,"371",0
"322","Discount Stores, Junior Department Stores, Department Stores","3222","Light Indust","single use","Medford",1,"single",12,FALSE,FALSE,"971",0
"340","General Office Buildings","3401","Condo Office","single use","Medford",1,"single",12,FALSE,FALSE,"371",0
"340","General Office Buildings","340V","Outbuildings","single use","Medford",1,"single",12,FALSE,FALSE,"106",0
"314","Trucking Terminals","314V","IMPUTED - Trucking Terminals","single use","North Brookfield",1,"single",28,FALSE,FALSE,"314",1
"356","Miscellaneous Public Services - professional membership organizations, business associations, etc","356C","IMPUTED - Miscellaneous Public Services - professional membership organizations, business associations, etc","single use","North Brookfield",1,"single",107,FALSE,FALSE,"354",0
"340","General Office Buildings","3401","Off Condo MDL","single use","Hamilton",1,"single",13,FALSE,FALSE,"102",0
"342","Medical Office Buildings","3421","Prof Condo MDL","single use","Hamilton",1,"single",14,FALSE,FALSE,"102",0
"332","Auto Repair Facilities","332I","Auto Repar","single use","Millis",1,"single",10,FALSE,FALSE,"332",1
"316","Other Storage, Warehouse, and Distribution facilities (see also usecode 401)","316I","Storage, Warehouse","single use","Millis",1,"single",18,FALSE,FALSE,"316",1
"380","Golf Courses (not Ch. 61B)","380V","Golf Course Vacant","single use","Millis",1,"single",18,FALSE,FALSE,"106",0
"316","Other Storage, Warehouse, and Distribution facilities (see also usecode 401)","316S","Mini Self Storage","single use","Millis",1,"single",17,FALSE,FALSE,"952",0
"322","Discount Stores, Junior Department Stores, Department Stores","3222","Commercial","single use","Millis",1,"single",10,FALSE,FALSE,"813",0
"334","Gasoline Service Stations - providing engine repair or maintenance services, and fuel products","3344","Gas Mart","single use","Millis",1,"single",8,FALSE,FALSE,"311",0
"340","General Office Buildings","340R","Resid Type Office","single use","Millis",1,"single",17,FALSE,FALSE,"371",0
"332","Auto Repair Facilities","332J","IMPUTED - Auto Repair Facilities","single use","Millis",1,"single",32,FALSE,FALSE,"332",1
"322","Discount Stores, Junior Department Stores, Department Stores","3221","Retail Condo","single use","Mansfield",1,"single",12,FALSE,FALSE,"102",0
"330","Automotive Vehicles Sales and Service","330C","Auto V S&S","single use","Mansfield",1,"single",10,FALSE,FALSE,"332",0
"334","Gasoline Service Stations - providing engine repair or maintenance services, and fuel products","334C","Gas Station Service MDL","single use","Mansfield",1,"single",23,FALSE,FALSE,"311",0
"340","General Office Buildings","3401","Office Condo MDL","single use","Mansfield",1,"single",16,FALSE,FALSE,"371",0
"340","General Office Buildings","340R","Office MDL 01","single use","Mansfield",1,"single",13,FALSE,FALSE,"371",0
"354","Bus Transportation Facilities and Related Properties","354U","Airport Condo","single use","Mansfield",1,"single",13,FALSE,FALSE,"102",0
"380","Golf Courses (not Ch. 61B)","380V","Golf Course MDL","single use","Mansfield",1,"single",15,FALSE,FALSE,"283",0
"322","Discount Stores, Junior Department Stores, Department Stores","3221","RTL CONDO M-06","single use","Walpole",1,"single",14,FALSE,FALSE,"102",0
"334","Gasoline Service Stations - providing engine repair or maintenance services, and fuel products","334I","GAS ST SRV M-96","single use","Walpole",1,"single",15,FALSE,FALSE,"311",0
"340","General Office Buildings","3401","OFF CONDO M-06","single use","Walpole",1,"single",14,FALSE,FALSE,"102",0
"332","Auto Repair Facilities","332J","Auto Repair","single use","Walpole",1,"single",11,FALSE,FALSE,"332",1
"322","Discount Stores, Junior Department Stores, Department Stores","3222","Commercial Building","single use","Walpole",1,"single",19,FALSE,FALSE,"813",0
"340","General Office Buildings","3401","OFF CONDO","single use","Auburn",1,"single",9,FALSE,FALSE,"102",0
"334","Gasoline Service Stations - providing engine repair or maintenance services, and fuel products","334C","GAS ST SRV  MDL-94","single use","Auburn",1,"single",18,FALSE,FALSE,"311",0
"330","Automotive Vehicles Sales and Service","330I","AUTO V S&S  MDL-96","single use","Auburn",1,"single",18,FALSE,FALSE,"332",0
"301","Motels","301R","Motels","single use","Kingston",1,"single",6,FALSE,FALSE,"301",1
"340","General Office Buildings","3401","Office Condo","single use","Kingston",1,"single",12,FALSE,FALSE,"371",0
"322","Discount Stores, Junior Department Stores, Department Stores","3222","Commercial Building","single use","Kingston",1,"single",19,FALSE,FALSE,"813",0
"322","Discount Stores, Junior Department Stores, Department Stores","322V","Commercial/Retail","single use","Kingston",1,"single",17,FALSE,FALSE,"813",0
"332","Auto Repair Facilities","332J","Commercial/Retail","single use","Kingston",1,"single",17,FALSE,FALSE,"813",0
"300","Hotels","300R","Hotels M01","single use","Nantucket",1,"single",10,FALSE,FALSE,"300",1
"301","Motels","301O","Motel Condo M06","single use","Nantucket",1,"single",15,FALSE,FALSE,"102",0
"316","Other Storage, Warehouse, and Distribution facilities (see also usecode 401)","316I","Commercial Warehouse M96","single use","Nantucket",1,"single",24,FALSE,FALSE,"316",1
"316","Other Storage, Warehouse, and Distribution facilities (see also usecode 401)","316V","Commercial Warehouse M00","single use","Nantucket",1,"single",24,FALSE,FALSE,"316",1
"318","Commercial Greenhouses","318C","Commercial Greenhouse M94","single use","Nantucket",1,"single",25,FALSE,FALSE,"813",0
"322","Discount Stores, Junior Department Stores, Department Stores","3221","RET Condo M06","single use","Nantucket",1,"single",13,FALSE,FALSE,"102",0
"322","Discount Stores, Junior Department Stores, Department Stores","3223","RET/Office Condo M06","single use","Nantucket",1,"single",20,FALSE,FALSE,"371",0
"322","Discount Stores, Junior Department Stores, Department Stores","322O","RET Condo M06","single use","Nantucket",1,"single",13,FALSE,FALSE,"102",0
"324","Supermarkets (in excess of 10,000 sq. ft.)","324I","Supermarket M96","single use","Nantucket",1,"single",15,FALSE,FALSE,"505",0
"326","Eating and Drinking Establishments - restaurants, diners, fast food establishments, bars, nightclubs","326A","Condo Restaurant","single use","Nantucket",1,"single",16,FALSE,FALSE,"102",0
"334","Gasoline Service Stations - providing engine repair or maintenance services, and fuel products","334I","Gas Station SRV M96","single use","Nantucket",1,"single",19,FALSE,FALSE,"311",0
"337","Parking Lots - a commercial open parking lot for motor vehicles","337V","Parking Lot M00","single use","Nantucket",1,"single",15,FALSE,FALSE,"337",1
"340","General Office Buildings","340I","Office Building M96","single use","Nantucket",1,"single",19,FALSE,FALSE,"371",0
"384","Marinas - including marine terminals & associated areas primarily for recreational marine craft (not Ch. 61B)","3841","Yacht Cub","single use","Nantucket",1,"single",9,FALSE,FALSE,"106",0
"384","Marinas - including marine terminals & associated areas primarily for recreational marine craft (not Ch. 61B)","3842","Yacht Club M94","single use","Nantucket",1,"single",14,FALSE,FALSE,"106",0
"340","General Office Buildings","3401","Office Condo M06","single use","Nantucket",1,"single",16,FALSE,FALSE,"371",0
"322","Discount Stores, Junior Department Stores, Department Stores","3221","Imputed - Discount Stores","single use","Tisbury",1,"single",25,FALSE,FALSE,"322",1
"322","Discount Stores, Junior Department Stores, Department Stores","322I","Imputed - Discount Stores","single use","Tisbury",1,"single",25,FALSE,FALSE,"322",1
"340","General Office Buildings","3401","Imputed - General Office Buildings","single use","Tisbury",1,"single",34,FALSE,FALSE,"340",1
"381","Tennis Courts (not Ch. 61B)","381V","Imputed - Tennis Courts","single use","Tisbury",1,"single",23,FALSE,FALSE,"381",1
"384","Marinas - including marine terminals & associated areas primarily for recreational marine craft (not Ch. 61B)","3841","Imputed - Marinas","single use","Tisbury",1,"single",17,FALSE,FALSE,"384",1
"316","Other Storage, Warehouse, and Distribution facilities (see also usecode 401)","316A","Commercial Storage Unit","single use","Tisbury",1,"single",23,FALSE,FALSE,"813",0
"322","Discount Stores, Junior Department Stores, Department Stores","3222","Imputed - Discount Stores","single use","Tisbury",1,"single",25,FALSE,FALSE,"322",1
"322","Discount Stores, Junior Department Stores, Department Stores","322A","IMPUTED - Discount Stores, Junior Department Stores, Department Stores","single use","Tisbury",1,"single",70,FALSE,FALSE,"322",1
"340","General Office Buildings","3401","Office Condo","single use","Harvard",1,"single",12,FALSE,FALSE,"371",0
"342","Medical Office Buildings","3421","Prof Condo","single use","Harvard",1,"single",10,FALSE,FALSE,"102",0
"322","Discount Stores, Junior Department Stores, Department Stores","3222","COMMERCIAL BLDG","single use","Athol",1,"single",15,FALSE,FALSE,"813",0
"353","Fraternal Organizations","353I","IMPUTED - Fraternal Organizations","single use","Athol",1,"single",33,FALSE,FALSE,"353",1
"322","Discount Stores, Junior Department Stores, Department Stores","3222","Discount Stores, Junior Department Stores, Department Stores","single use","Templeton",1,"single",60,FALSE,FALSE,"322",1
"322","Discount Stores, Junior Department Stores, Department Stores","322C","Discount Stores, Junior Department Stores, Department Stores","single use","Templeton",1,"single",60,FALSE,FALSE,"322",1
"322","Discount Stores, Junior Department Stores, Department Stores","322I","Discount Stores, Junior Department Stores, Department Stores","single use","Templeton",1,"single",60,FALSE,FALSE,"322",1
"332","Auto Repair Facilities","332C","Auto Repair Facilities","single use","Templeton",1,"single",22,FALSE,FALSE,"332",1
"332","Auto Repair Facilities","332V","Auto Repair Facilities","single use","Templeton",1,"single",22,FALSE,FALSE,"332",1
"385","Fish and Game Clubs (not Ch. 61B)","3852","Commercial Outdoor Recreation (F & G Club Doublewide Mobile Home)","single use","Templeton",1,"single",65,FALSE,FALSE,"103",0
"310","Tanks Holding Fuel and Oil Products for Retail Distribution, either Above Ground or Underground","310L","Fuel & Oil Tank","single use","Plainville",1,"single",15,FALSE,FALSE,"310",1
"322","Discount Stores, Junior Department Stores, Department Stores","3222","Discount & Department Store","single use","Plainville",1,"single",27,FALSE,FALSE,"322",1
"322","Discount Stores, Junior Department Stores, Department Stores","322R","Discount & Department Store","single use","Plainville",1,"single",27,FALSE,FALSE,"322",1
"323","Shopping Centers/Malls","323C","Shopping Center/Mall","single use","Plainville",1,"single",20,FALSE,FALSE,"323",1
"340","General Office Buildings","3401","General Office Building","single use","Plainville",1,"single",23,FALSE,FALSE,"340",1
"340","General Office Buildings","340C","General Office Building","single use","Plainville",1,"single",23,FALSE,FALSE,"340",1
"342","Medical Office Buildings","3421","edical Office Building","single use","Plainville",1,"single",22,FALSE,FALSE,"371",0
"380","Golf Courses (not Ch. 61B)","380V","Golf Course","single use","Plainville",1,"single",11,FALSE,FALSE,"283",0
"322","Discount Stores, Junior Department Stores, Department Stores","322I","AUTO REPR","single use","Plainville",1,"single",9,FALSE,FALSE,"332",0
"340","General Office Buildings","340I","OFF CONDO","single use","Plainville",1,"single",9,FALSE,FALSE,"102",0
"316","Other Storage, Warehouse, and Distribution facilities (see also usecode 401)","316I","Commercial Warehouse","single use","Plainville",1,"single",20,FALSE,FALSE,"316",1
"340","General Office Buildings","340R","Office Building","single use","Plainville",1,"single",15,FALSE,FALSE,"371",0
"340","General Office Buildings","3401","Condo Office","single use","Westfield",1,"single",12,FALSE,FALSE,"371",0
"377","Archery, Billiards, other indoor facilities","377O","FUNCTION HALL CONDO","single use","Taunton",1,"single",19,FALSE,FALSE,"102",0
"332","Auto Repair Facilities","332J","COMM JOB SHOP","single use","Taunton",1,"single",13,FALSE,FALSE,"400",0
"334","Gasoline Service Stations - providing engine repair or maintenance services, and fuel products","334C","GAS STATION/SERVICE","single use","Taunton",1,"single",19,FALSE,FALSE,"311",0
"340","General Office Buildings","340R","Office Bldg","single use","Taunton",1,"single",11,FALSE,FALSE,"371",0
"390","Developable Commercial Land","390C","Developable Commercial Land Commercial","single use","Hampden",1,"single",38,FALSE,FALSE,"813",0
"392","Undevelopable Commercial Land","392V","Undevelopable Commercial Land Vacant","single use","Hampden",1,"single",36,FALSE,FALSE,"392",1
"313","Lumber Yards","313C","Light Indust","single use","Westfield",1,"single",12,FALSE,FALSE,"971",0
"314","Trucking Terminals","314C","Warehouse","single use","Westfield",1,"single",9,FALSE,FALSE,"316",0
"321","Facilities providing building materials, hardware and farm equip, heating, hardware, plumbing, lumber supplies and equip","321I","Service Shop","single use","Westfield",1,"single",12,FALSE,FALSE,"371",0
"322","Discount Stores, Junior Department Stores, Department Stores","322I","Department Str","single use","Westfield",1,"single",14,FALSE,FALSE,"322",1
"322","Discount Stores, Junior Department Stores, Department Stores","322L","Service Shop","single use","Westfield",1,"single",12,FALSE,FALSE,"371",0
"330","Automotive Vehicles Sales and Service","330I","Auto Sales Rpr","single use","Westfield",1,"single",14,FALSE,FALSE,"332",0
"332","Auto Repair Facilities","332A","AUTO TIFF MDL-00","single use","Westfield",1,"single",16,FALSE,FALSE,"332",1
"332","Auto Repair Facilities","332I","Auto Sales Rpr","single use","Westfield",1,"single",14,FALSE,FALSE,"332",1
"334","Gasoline Service Stations - providing engine repair or maintenance services, and fuel products","334I","Petroleum/Gas","single use","Westfield",1,"single",13,FALSE,FALSE,"311",0
"334","Gasoline Service Stations - providing engine repair or maintenance services, and fuel products","334V","GAS ST SRV MDL-00","single use","Westfield",1,"single",17,FALSE,FALSE,"311",0
"337","Parking Lots - a commercial open parking lot for motor vehicles","337T","Mobile Home","single use","Westfield",1,"single",11,FALSE,FALSE,"103",0
"337","Parking Lots - a commercial open parking lot for motor vehicles","337V","PARK LOT MDL-00","single use","Westfield",1,"single",15,FALSE,FALSE,"337",1
"340","General Office Buildings","340C","Office Bldg","single use","Westfield",1,"single",11,FALSE,FALSE,"371",0
"340","General Office Buildings","340L","Office/Warehs","single use","Westfield",1,"single",13,FALSE,FALSE,"371",0
"340","General Office Buildings","340V","OFFICE BLD MDL-00","single use","Westfield",1,"single",17,FALSE,FALSE,"371",0
"341","Bank Buildings","341V","BANK BLDG MDL-00","single use","Westfield",1,"single",16,FALSE,FALSE,"341",1
"314","Trucking Terminals","314V","Trucking Terminals Vacant","single use","Gardner",1,"single",25,FALSE,FALSE,"314",1
"322","Discount Stores, Junior Department Stores, Department Stores","3222","Commercial Building - No Defined Business","single use","Gardner",1,"single",41,FALSE,FALSE,"354",0
"322","Discount Stores, Junior Department Stores, Department Stores","322A","commercial vacant","single use","Gardner",1,"single",17,FALSE,FALSE,"106",0
"322","Discount Stores, Junior Department Stores, Department Stores","322V","Discount Stores, Junior Department Stores, Department Stores Vacant","single use","Gardner",1,"single",67,FALSE,FALSE,"322",1
"340","General Office Buildings","3401","office condo","single use","Gardner",1,"single",12,FALSE,FALSE,"371",0
"340","General Office Buildings","340I","General Office Buildings","single use","Lawrence",1,"single",24,FALSE,FALSE,"340",1
"340","General Office Buildings","340C","General Office Buildings","single use","Lawrence",1,"single",24,FALSE,FALSE,"340",1
"322","Discount Stores, Junior Department Stores, Department Stores","3221","Store Condo","single use","Lawrence",1,"single",11,FALSE,FALSE,"102",0
"316","Other Storage, Warehouse, and Distribution facilities (see also usecode 401)","316I","Warehouse","single use","Lawrence",1,"single",9,FALSE,FALSE,"316",1
"109","Multiple Houses on one parcel","314C","Truck Terminal (none in town)","single use","Foxborough",1,"single",29,FALSE,FALSE,"109",1
"325","Small Retail and Services stores (under 10,000 sq. ft.)","325I","Small retail store","single use","Foxborough",1,"single",18,FALSE,FALSE,"325",1
"337","Parking Lots - a commercial open parking lot for motor vehicles","337V","Commercial parking lot","single use","Foxborough",1,"single",22,FALSE,FALSE,"337",1
"340","General Office Buildings","3401","Office condo","single use","Foxborough",1,"single",12,FALSE,FALSE,"371",0
"386","Camping Facilities - accomodations for tents, campers, or travel trailers (not Ch. 61B)","386R","Campground","single use","Foxborough",1,"single",10,FALSE,FALSE,"310",0
"386","Camping Facilities - accomodations for tents, campers, or travel trailers (not Ch. 61B)","386V","Campground vacant","single use","Foxborough",1,"single",17,FALSE,FALSE,"310",0
"109","Multiple Houses on one parcel","390R","none","single use","Foxborough",1,"single",4,FALSE,FALSE,"109",1
"316","Other Storage, Warehouse, and Distribution facilities (see also usecode 401)","316S","Commercial","single use","Foxborough",1,"single",10,FALSE,FALSE,"813",0
"334","Gasoline Service Stations - providing engine repair or maintenance services, and fuel products","334C","Commercial","single use","Foxborough",1,"single",10,FALSE,FALSE,"813",0
"340","General Office Buildings","340I","Commercial","single use","Foxborough",1,"single",10,FALSE,FALSE,"813",0
"322","Discount Stores, Junior Department Stores, Department Stores","3222","Discount Stores, Junior Department Stores, Department Stores","single use","Foxborough",1,"single",60,FALSE,FALSE,"322",1
"322","Discount Stores, Junior Department Stores, Department Stores","3222","Commercial building","single use","Spencer",1,"single",19,FALSE,FALSE,"813",0
"340","General Office Buildings","340R","General Office Building (Residential)","single use","Spencer",1,"single",37,FALSE,FALSE,"340",1
"302","Inns, Resorts, or Tourist Homes","302C","IMPUTED - Inns, Resorts, or Tourist Homes","single use","Ipswich",1,"single",41,FALSE,FALSE,"302",1
"313","Lumber Yards","313C","IMPUTED - Lumber Yards","single use","Ipswich",1,"single",22,FALSE,FALSE,"313",1
"313","Lumber Yards","313I","IMPUTED - Lumber Yards","single use","Ipswich",1,"single",22,FALSE,FALSE,"313",1
"318","Commercial Greenhouses","318C","IMPUTED - Commercial Greenhouses","single use","Ipswich",1,"single",32,FALSE,FALSE,"318",1
"322","Discount Stores, Junior Department Stores, Department Stores","3221","IMPUTED - Discount Stores, Junior Department Stores, Department Stores","single use","Ipswich",1,"single",70,FALSE,FALSE,"322",1
"323","Shopping Centers/Malls","323C","IMPUTED - Shopping Centers/Malls","single use","Ipswich",1,"single",32,FALSE,FALSE,"323",1
"332","Auto Repair Facilities","332C","IMPUTED - Auto Repair Facilities","single use","Ipswich",1,"single",32,FALSE,FALSE,"332",1
"332","Auto Repair Facilities","332I","IMPUTED - Auto Repair Facilities","single use","Ipswich",1,"single",32,FALSE,FALSE,"332",1
"322","Discount Stores, Junior Department Stores, Department Stores","3221","Discount Stores, Junior Department Stores, Department Stores","single use","Rowley",1,"single",60,FALSE,FALSE,"322",1
"322","Discount Stores, Junior Department Stores, Department Stores","3222","Discount Stores, Junior Department Stores, Department Stores","single use","Rowley",1,"single",60,FALSE,FALSE,"322",1
"337","Parking Lots - a commercial open parking lot for motor vehicles","337V","IMPUTED - Parking Lots - a commercial open parking lot for motor vehicles","single use","Ipswich",1,"single",73,FALSE,FALSE,"337",1
"340","General Office Buildings","3401","IMPUTED - General Office Buildings","single use","Ipswich",1,"single",34,FALSE,FALSE,"340",1
"341","Bank Buildings","341C","IMPUTED - Bank Buildings","single use","Ipswich",1,"single",24,FALSE,FALSE,"341",1
"342","Medical Office Buildings","342C","IMPUTED - Medical Office Buildings","single use","Ipswich",1,"single",34,FALSE,FALSE,"371",0
"353","Fraternal Organizations","353C","IMPUTED - Fraternal Organizations","single use","Ipswich",1,"single",33,FALSE,FALSE,"353",1
"380","Golf Courses (not Ch. 61B)","380C","IMPUTED - Golf Courses (not Ch. 61B)","single use","Ipswich",1,"single",36,FALSE,FALSE,"380",1
"388","Other Outdoor facilities - e.g. driving ranges, miniature golf, baseball batting ranges, etc... (not Ch. 61B)","388C","IMPUTED - Other Outdoor facilities - e.g. driving ranges, miniature golf, baseball batting ranges, etc... (not Ch. 61B)","single use","Ipswich",1,"single",119,TRUE,FALSE,"388",1
"388","Other Outdoor facilities - e.g. driving ranges, miniature golf, baseball batting ranges, etc... (not Ch. 61B)","388V","IMPUTED - Other Outdoor facilities - e.g. driving ranges, miniature golf, baseball batting ranges, etc... (not Ch. 61B)","single use","Ipswich",1,"single",119,TRUE,FALSE,"388",1
"392","Undevelopable Commercial Land","392V","IMPUTED - Undevelopable Commercial Land","single use","Ipswich",1,"single",39,FALSE,FALSE,"392",1
"380","Golf Courses (not Ch. 61B)","380V","Vacant Land, Other","single use","Georgetown",1,"single",18,TRUE,FALSE,"106",0
"340","General Office Buildings","3401","IMPUTED - General Office Buildings","single use","Georgetown",1,"single",34,FALSE,FALSE,"340",1
"322","Discount Stores, Junior Department Stores, Department Stores","3221","RTL CONDO M06","single use","Taunton",1,"single",13,FALSE,FALSE,"102",0
"322","Discount Stores, Junior Department Stores, Department Stores","322C","RTL CONDO M94","single use","Taunton",1,"single",13,FALSE,FALSE,"102",0
"322","Discount Stores, Junior Department Stores, Department Stores","322I","SINGLE FAM M01","single use","Taunton",1,"single",14,FALSE,FALSE,"101",0
"330","Automotive Vehicles Sales and Service","330I","AUTO V S&S M96","single use","Taunton",1,"single",14,FALSE,FALSE,"332",0
"333","Fuel Service Areas - providing only fuel products","333I","GAS MART M96","single use","Taunton",1,"single",12,FALSE,FALSE,"311",0
"333","Fuel Service Areas - providing only fuel products","333V","GAS MART M00","single use","Taunton",1,"single",12,FALSE,FALSE,"311",0
"340","General Office Buildings","340I","OFFICE BLD M96","single use","Taunton",1,"single",14,FALSE,FALSE,"371",0
"380","Golf Courses (not Ch. 61B)","380V","GOLF CRSE M00","single use","Taunton",1,"single",13,FALSE,FALSE,"283",0
"335","Car Wash Facilities","335V","Car Wash","single use","Wayland",1,"single",8,FALSE,FALSE,"335",1
"337","Parking Lots - a commercial open parking lot for motor vehicles","337V","Parking Lot","single use","Wayland",1,"single",11,FALSE,FALSE,"337",1
"323","Shopping Centers/Malls","323I","Retail Shopping Center","single use","Longmeadow",1,"single",22,FALSE,FALSE,"323",1
"384","Marinas - including marine terminals & associated areas primarily for recreational marine craft (not Ch. 61B)","3841","Outdoor Recreational Yacht Club","single use","Longmeadow",1,"single",31,FALSE,FALSE,"106",0
"388","Other Outdoor facilities - e.g. driving ranges, miniature golf, baseball batting ranges, etc... (not Ch. 61B)","388I","Outdoor Recreational Other","single use","Longmeadow",1,"single",26,TRUE,FALSE,"282",0
"322","Discount Stores, Junior Department Stores, Department Stores","3222","Commercial property flagged for future conveyance to town for COA center","single use","Wayland",1,"single",72,FALSE,FALSE,"505",0
"340","General Office Buildings","3401","Commercial property condo","single use","Wayland",1,"single",25,FALSE,FALSE,"102",0
"301","Motels","3011","MOTL CONDO M05","single use","Yarmouth",1,"single",14,FALSE,FALSE,"102",0
"322","Discount Stores, Junior Department Stores, Department Stores","3221","RTL CONDO MO6","single use","Yarmouth",1,"single",13,FALSE,FALSE,"102",0
"340","General Office Buildings","3401","OFF CONDO M06","single use","Yarmouth",1,"single",13,FALSE,FALSE,"102",0
"342","Medical Office Buildings","3421","PROF CONDO M06","single use","Yarmouth",1,"single",14,FALSE,FALSE,"102",0
"383","Beaches or Outdoor Swimming Pools (not Ch. 61B)","383V","BEACHES MOO","single use","Yarmouth",1,"single",11,FALSE,FALSE,"383",1
"384","Marinas - including marine terminals & associated areas primarily for recreational marine craft (not Ch. 61B)","3841","YACHT CLUB","single use","Yarmouth",1,"single",10,FALSE,FALSE,"106",0
"322","Discount Stores, Junior Department Stores, Department Stores","3222","IMPUTED - Commercial Building","single use","West Boylston",1,"single",29,FALSE,FALSE,"813",0
"402","Office Building - part of manufacturing operation","4022","Industria/Manufacturing","single use","Chelsea",1,"single",23,FALSE,FALSE,"106",0
"402","Office Building - part of manufacturing operation","4021","office building that is part of a manufacturing operation","single use","Chelsea",1,"single",57,FALSE,FALSE,"402",1
"402","Office Building - part of manufacturing operation","4021","IND CONDO","single use","Marion",1,"single",9,FALSE,FALSE,"102",0
"404","Research and Development facilities","404C","R-D FACIL M94","single use","Marion",1,"single",13,FALSE,FALSE,"106",0
"404","Research and Development facilities","404V","R-D FACIL M00","single use","Marion",1,"single",13,FALSE,FALSE,"106",0
"400","Buildings for manufacturing operations","400C","FACTORY  MDL-94","single use","Chatham",1,"single",15,FALSE,FALSE,"106",0
"402","Office Building - part of manufacturing operation","4021","IND CONDO","single use","Chatham",1,"single",9,FALSE,FALSE,"102",0
"410","Sand and Gravel Mining/Quarry","410V","SAND&GRAVL  MDL-00","single use","Chatham",1,"single",18,FALSE,FALSE,"410",1
"425","Gas Production Plants","425V","GAS PLANT MDL-00","single use","Chatham",1,"single",16,FALSE,FALSE,"422",0
"402","Office Building - part of manufacturing operation","4021","IND CONDO
","single use","Swansea",1,"single",11,FALSE,FALSE,"102",0
"400","Buildings for manufacturing operations","400V","FACTORY  MDL-00","single use","Chelsea",1,"single",15,FALSE,FALSE,"106",0
"402","Office Building - part of manufacturing operation","402I","IND CONDO  MDL-96","single use","Chelsea",1,"single",17,FALSE,FALSE,"102",0
"424","Electricity Regulating Substations","424V","ELECSUBSTA  MDL-00","single use","Chelsea",1,"single",18,FALSE,FALSE,"424",1
"4510","Electric Generation Plants, Transition Value","451V","ELEC GEN PLANTS, TRANS VALUE","single use","Orange",1,"single",28,FALSE,FALSE,"422",0
"4420","Undevelopable Industrial Land","442V","Industrial Vacant Unbuildable","single use","Groton",1,"single",29,FALSE,FALSE,"106",0
"109","Multiple Houses on one parcel","4311","IMPUTED - Telephone Relay Towers","single use","Groton",1,"single",32,FALSE,FALSE,"431",0
"410","Sand and Gravel Mining/Quarry","410V","SAND&GRAVL MDL-00","single use","Palmer",1,"single",17,FALSE,FALSE,"410",1
"403","Land - integral part of manufacturing operation","403V","ACCLND MFG MDL","single use","Palmer",1,"single",14,FALSE,FALSE,"106",0
"400","Buildings for manufacturing operations","400C","IMPUTED - Buildings for manufacturing operations","single use","Palmer",1,"single",48,FALSE,FALSE,"400",1
"400","Buildings for manufacturing operations","400V","IMPUTED - Buildings for manufacturing operations","single use","Palmer",1,"single",48,FALSE,FALSE,"400",1
"401","Warehouses for storage of manufactured products","401I","IMPUTED - Warehouses for storage of manufactured products","single use","Palmer",1,"single",57,FALSE,FALSE,"401",1
"401","Warehouses for storage of manufactured products","401V","IMPUTED - Warehouses for storage of manufactured products","single use","Palmer",1,"single",57,FALSE,FALSE,"401",1
"424","Electricity Regulating Substations","424V","IMPUTED - Electricity Regulating Substations","single use","Palmer",1,"single",44,FALSE,FALSE,"424",1
"400","Buildings for manufacturing operations","400 ","IMPUTED - Buildings for manufacturing operations","single use","Danvers",1,"single",48,FALSE,FALSE,"400",1
"401","Warehouses for storage of manufactured products","401 ","IMPUTED - Warehouses for storage of manufactured products","single use","Danvers",1,"single",57,FALSE,FALSE,"401",1
"402","Office Building - part of manufacturing operation","402 ","IMPUTED - Office Building - part of manufacturing operation","single use","Danvers",1,"single",59,FALSE,FALSE,"402",1
"403","Land - integral part of manufacturing operation","403 ","IMPUTED - Land - integral part of manufacturing operation","single use","Danvers",1,"single",57,FALSE,FALSE,"403",1
"423","Electric Transmission Right-of-Way","423 ","IMPUTED - Electric Transmission Right-of-Way","single use","Danvers",1,"single",44,FALSE,FALSE,"306",0
"425","Gas Production Plants","425 ","IMPUTED - Gas Production Plants","single use","Danvers",1,"single",31,FALSE,FALSE,"422",0
"428","Gas Pressure Control Stations","428 ","IMPUTED - Gas Pressure Control Stations","single use","Danvers",1,"single",39,FALSE,FALSE,"428",1
"109","Multiple Houses on one parcel","430 ","IMPUTED - Telephone Exchange Stations","single use","Danvers",1,"single",37,FALSE,FALSE,"430",0
"4410","Potentially Developable Industrial Land","441 ","IMPUTED - Potentially Developable Industrial Land","single use","Danvers",1,"single",49,FALSE,FALSE,"441",0
"4420","Undevelopable Industrial Land","442 ","IMPUTED - Undevelopable Industrial Land","single use","Danvers",1,"single",39,FALSE,FALSE,"442",0
"422","Electrical Plant","4221","IMPUTED - Electrical Plant","single use","Chicopee",1,"single",26,FALSE,FALSE,"422",1
"402","Office Building - part of manufacturing operation","4021","Industrial Condo","single use","Marlborough",1,"single",16,FALSE,FALSE,"102",0
"424","Electricity Regulating Substations","4241","Electric Substation V","single use","Marlborough",1,"single",21,FALSE,FALSE,"971",0
"109","Multiple Houses on one parcel","430V","TELEPHONE EXCHANGE - VAC","single use","Westhampton",1,"single",24,FALSE,FALSE,"430",0
"402","Office Building - part of manufacturing operation","4021","Office manufacturing, table 1","single use","Hudson",1,"single",29,FALSE,FALSE,"402",1
"402","Office Building - part of manufacturing operation","4022","Office manufacturing, table 2","single use","Hudson",1,"single",29,FALSE,FALSE,"402",1
"109","Multiple Houses on one parcel","431V","Telephone tower, table 1
Telephone tower, table 1","single use","Hudson",1,"single",50,FALSE,FALSE,"109",1
"402","Office Building - part of manufacturing operation","402I","IND CONDO MDL-96","single use","Hudson",1,"single",16,FALSE,FALSE,"102",0
"4330","Radio, Television Transmission Facilities","433V","RAD/TV TR MDL-00","single use","Hudson",1,"single",16,FALSE,FALSE,"432",0
"410","Sand and Gravel Mining/Quarry","410V","SAND&GRAVEL MDL-00","single use","Barre",1,"single",18,FALSE,FALSE,"410",1
"400","Buildings for manufacturing operations","400C","Bldg. for manufacturing operations","single use","Wareham",1,"single",34,FALSE,FALSE,"400",1
"424","Electricity Regulating Substations","424V","elecsubsta  MDL-00","single use","Wareham",1,"single",18,FALSE,FALSE,"424",1
"402","Office Building - part of manufacturing operation","4021","Office Building - part of manufacturing operation","single use","Wareham",1,"single",49,FALSE,FALSE,"402",1
"402","Office Building - part of manufacturing operation","4021","Ind Condo","single use","Hingham",1,"single",9,FALSE,FALSE,"102",0
"412","Rock Mining/Quarry","412V","Rock Mine","single use","Hingham",1,"single",9,FALSE,FALSE,"412",1
"424","Electricity Regulating Substations","424V","Electrical substation","single use","Abington",1,"single",21,FALSE,FALSE,"422",0
"404","Research and Development facilities","404R","R-D Facil - Res","single use","Shrewsbury",1,"single",15,FALSE,FALSE,"106",0
"410","Sand and Gravel Mining/Quarry","410V","Sand+Gravl Vac","single use","Shrewsbury",1,"single",14,FALSE,FALSE,"410",1
"424","Electricity Regulating Substations","424V","Elecsubsta","single use","Shrewsbury",1,"single",10,FALSE,FALSE,"424",1
"4310","Telephone Relay Towers; Cell Towers","431V","Tel Rel Tw Vac","single use","Shrewsbury",1,"single",14,FALSE,FALSE,"106",0
"402","Office Building - part of manufacturing operation","4021","IND CONDO","single use","Middleborough",1,"single",9,FALSE,FALSE,"102",0
"412","Rock Mining/Quarry","412V","ROCK MINE","single use","Middleborough",1,"single",9,FALSE,FALSE,"412",1
"424","Electricity Regulating Substations","424C","ELECSUBSTA","single use","Middleborough",1,"single",10,FALSE,FALSE,"424",1
"427","Natural or Manufactured Gas Storage","4273","GAS STG MDL-94","single use","Middleborough",1,"single",14,FALSE,FALSE,"311",0
"4330","Radio, Television Transmission Facilities","4331","RAD/TV TR MDL-94","single use","Middleborough",1,"single",16,FALSE,FALSE,"432",0
"4330","Radio, Television Transmission Facilities","4332","RAD/TV TR MDL-00","single use","Middleborough",1,"single",16,FALSE,FALSE,"432",0
"109","Multiple Houses on one parcel","431V","IMPUTED - Telephone Relay Towers; Cell Towers","single use","East Longmeadow",1,"single",45,FALSE,FALSE,"431",0
"402","Office Building - part of manufacturing operation","4021","IND CONDO  MDL-06","single use","Newburyport",1,"single",17,FALSE,FALSE,"102",0
"402","Office Building - part of manufacturing operation","402I","IND CONDO  MDL-96","single use","Newburyport",1,"single",17,FALSE,FALSE,"102",0
"422","Electrical Plant","422V","ELEC PLANT  MDL-00","single use","Newburyport",1,"single",18,FALSE,FALSE,"422",1
"424","Electricity Regulating Substations","424V","ELECSUBSTA MDL-00","single use","Worcester",1,"single",17,FALSE,FALSE,"424",1
"402","Office Building - part of manufacturing operation","4021","Industrial condo","single use","Worcester",1,"single",16,FALSE,FALSE,"102",0
"402","Office Building - part of manufacturing operation","4021","Industrial Condo","single use","Mattapoisett",1,"single",16,FALSE,FALSE,"102",0
"400","Buildings for manufacturing operations","400V","Factory  V","single use","Lowell",1,"single",10,FALSE,FALSE,"106",0
"402","Office Building - part of manufacturing operation","4021","IND CONDO  MDL-06","single use","Lowell",1,"single",17,FALSE,FALSE,"102",0
"427","Natural or Manufactured Gas Storage","427V","Gas Storage V","single use","Lowell",1,"single",13,FALSE,FALSE,"311",0
"400","Buildings for manufacturing operations","400V","FACTORY  MDL-00","single use","Easthampton",1,"single",15,FALSE,FALSE,"106",0
"410","Sand and Gravel Mining/Quarry","410V","SAND&GRAVL  MDL-00","single use","Easthampton",1,"single",18,FALSE,FALSE,"410",1
"402","Office Building - part of manufacturing operation","4021","IMPUTED - Office Building - part of manufacturing operation","single use","Easthampton",1,"single",59,FALSE,FALSE,"402",1
"4520","Electric Generation Plants, Agreement Value","452V","IMPUTED - Electric Generation Plants, Agreement Value","single use","Easthampton",1,"single",53,FALSE,FALSE,"422",0
"410","Sand and Gravel Mining/Quarry","410I","SAND & GRAVL MDL-96","single use","Wrentham",1,"single",19,FALSE,FALSE,"410",1
"402","Office Building - part of manufacturing operation","4021","IND CONDO","single use","Northbridge",1,"single",9,FALSE,FALSE,"102",0
"4420","Undevelopable Industrial Land","442V","Industrial associated land/undevelopable","single use","Berlin",1,"single",40,FALSE,FALSE,"442",0
"4410","Potentially Developable Industrial Land","441V","Industrial associated land/potentially devbl","single use","Berlin",1,"single",44,FALSE,FALSE,"441",0
"423","Electric Transmission Right-of-Way","423V","Electric transmission ROW","single use","Berlin",1,"single",25,FALSE,FALSE,"504",0
"412","Rock Mining/Quarry","412V","Dock/quarrying lot","single use","Berlin",1,"single",18,FALSE,FALSE,"337",0
"410","Sand and Gravel Mining/Quarry","410V","Sand/gravel quarrying lot","single use","Berlin",1,"single",25,FALSE,FALSE,"410",1
"402","Office Building - part of manufacturing operation","4021","IND CONDO","single use","North Attleborough",1,"single",9,FALSE,FALSE,"102",0
"428","Gas Pressure Control Stations","428V","GAS SUBSTA  MDL-00","single use","North Attleborough",1,"single",18,FALSE,FALSE,"311",0
"4330","Radio, Television Transmission Facilities","433A","RAD/TV TR  MDL-00","single use","North Attleborough",1,"single",17,FALSE,FALSE,"432",0
"4330","Radio, Television Transmission Facilities","433V","RAD/TVM00","single use","North Attleborough",1,"single",9,FALSE,FALSE,"432",0
"402","Office Building - part of manufacturing operation","4021","Office Condo - Industrial","single use","Gloucester",1,"single",25,FALSE,FALSE,"402",1
"4320","Cable TV Transmitting Facilities","432V","Cable TV Land","single use","Wales",1,"single",13,FALSE,FALSE,"432",0
"402","Office Building - part of manufacturing operation","4021","industrial condo model 6","single use","Hanover",1,"single",24,FALSE,FALSE,"102",0
"400","Buildings for manufacturing operations","400J","Industrial Job Shop","single use","Hanover",1,"single",19,FALSE,FALSE,"400",1
"410","Sand and Gravel Mining/Quarry","4101","sand & gravel","single use","Oakham",1,"single",13,FALSE,FALSE,"410",1
"109","Multiple Houses on one parcel","4311","telephone relay- cell tower","single use","Oakham",1,"single",27,FALSE,FALSE,"431",0
"400","Buildings for manufacturing operations","400C","Buildings for manufacturing operations - Commercial","single use","South Hadley",1,"single",51,FALSE,FALSE,"400",1
"403","Land - integral part of manufacturing operation","403V","IMPUTED - Land - integral part of manufacturing operation","single use","Sutton",1,"single",57,FALSE,FALSE,"403",1
"420","Utility Tanks","420V","IMPUTED - Utility Tanks","single use","Sutton",1,"single",23,FALSE,FALSE,"420",1
"420","Utility Tanks","420I","IMPUTED - Utility Tanks","single use","Sutton",1,"single",23,FALSE,FALSE,"420",1
"402","Office Building - part of manufacturing operation","4022","IMPUTED - Office Building - part of manufacturing operation","single use","Sutton",1,"single",59,FALSE,FALSE,"402",1
"402","Office Building - part of manufacturing operation","4022","Office Building - part of manufacturing operation","single use","Amesbury",1,"single",49,FALSE,FALSE,"402",1
"424","Electricity Regulating Substations","4241","Electricity Regulating Substations","single use","Amesbury",1,"single",34,FALSE,FALSE,"424",1
"109","Multiple Houses on one parcel","4311","Telephone Relay Towers","single use","Amesbury",1,"single",22,FALSE,FALSE,"431",0
"410","Sand and Gravel Mining/Quarry","410V","SAND&GRAVL M00","single use","Millbury",1,"single",14,FALSE,FALSE,"410",1
"402","Office Building - part of manufacturing operation","4021","IND CONDO","single use","Easton",1,"single",9,FALSE,FALSE,"102",0
"402","Office Building - part of manufacturing operation","4021","Industrial Condo","single use","Wilmington",1,"single",16,FALSE,FALSE,"102",0
"402","Office Building - part of manufacturing operation","4022","Service Shop","single use","Wilmington",1,"single",12,FALSE,FALSE,"371",0
"402","Office Building - part of manufacturing operation","4027","Office Building - part of manufacturing operation","single use","Wilmington",1,"single",49,FALSE,FALSE,"402",1
"410","Sand and Gravel Mining/Quarry","4104","Office Building","single use","Wilmington",1,"single",15,FALSE,FALSE,"402",0
"410","Sand and Gravel Mining/Quarry","4106","Warehouse","single use","Wilmington",1,"single",9,FALSE,FALSE,"316",0
"410","Sand and Gravel Mining/Quarry","410V","SAND & GRAVEL","single use","Ludlow",1,"single",13,FALSE,FALSE,"410",1
"109","Multiple Houses on one parcel","430C","TELEPHONE EXCHANGE","single use","Ludlow",1,"single",18,FALSE,FALSE,"430",0
"109","Multiple Houses on one parcel","431C","TELEPHONE TOWER","single use","Ludlow",1,"single",15,FALSE,FALSE,"109",1
"400","Buildings for manufacturing operations","400V","Buildings for manufacturing operations","single use","Oxford",1,"single",38,FALSE,FALSE,"400",1
"401","Warehouses for storage of manufactured products","401R","Warehouses for storage of manufactured products","single use","Oxford",1,"single",47,FALSE,FALSE,"401",1
"420","Utility Tanks","420V","Utility Tanks","single use","Oxford",1,"single",13,FALSE,FALSE,"420",1
"423","Electric Transmission Right-of-Way","423V","Electric Transmission Right-of-Way","single use","Oxford",1,"single",34,FALSE,FALSE,"306",0
"4510","Electric Generation Plants, Transition Value","451V","Electric Generation Plants, Transition Value","single use","Oxford",1,"single",44,FALSE,FALSE,"422",0
"402","Office Building - part of manufacturing operation","4021","Office Building - part of manufacturing operation","single use","Oxford",1,"single",49,FALSE,FALSE,"402",1
"402","Office Building - part of manufacturing operation","4022","IMPUTED - Office Building - part of manufacturing operation","single use","Oxford",1,"single",59,FALSE,FALSE,"402",1
"4500","Electric Generation Plants","450V","Electric Generation (solar farm)","single use","Dartmouth",1,"single",32,FALSE,FALSE,"716",0
"402","Office Building - part of manufacturing operation","4022","IMPUTED - Office Building - part of manufacturing operation","single use","Orange",1,"single",59,FALSE,FALSE,"402",1
"403","Land - integral part of manufacturing operation","403V","Land - integral part of manufacturing operation","single use","Newton",1,"single",47,FALSE,FALSE,"403",1
"424","Electricity Regulating Substations","424V","Electricity Regulating Substations","single use","Newton",1,"single",34,FALSE,FALSE,"424",1
"109","Multiple Houses on one parcel","431V","Telephone Relay Towers; Cell Towers","single use","Newton",1,"single",35,FALSE,FALSE,"431",0
"4310","Telephone Relay Towers; Cell Towers","4311","Tel Relay Tower V","single use","Paxton",1,"single",17,FALSE,FALSE,"431",0
"4330","Radio, Television Transmission Facilities","4331","Radio/TV Tower V","single use","Paxton",1,"single",16,FALSE,FALSE,"432",0
"402","Office Building - part of manufacturing operation","4021","IND CONDO MDL","single use","Acton",1,"single",13,FALSE,FALSE,"102",0
"402","Office Building - part of manufacturing operation","402I","IND CONDO MDL","single use","Acton",1,"single",13,FALSE,FALSE,"102",0
"404","Research and Development facilities","404C","R-D FACIL MDL","single use","Acton",1,"single",13,FALSE,FALSE,"106",0
"402","Office Building - part of manufacturing operation","402V","IND Condo MDL","single use","Acton",1,"single",13,FALSE,FALSE,"102",0
"410","Sand and Gravel Mining/Quarry","410V","Sand & Gravel MDL","single use","Acton",1,"single",17,FALSE,FALSE,"410",1
"424","Electricity Regulating Substations","424V","Electricity Regulating Substations Vacant","single use","Leominster",1,"single",41,FALSE,FALSE,"424",1
"428","Gas Pressure Control Stations","428V","Gas Pressure Control Stations Vacant","single use","Leominster",1,"single",36,FALSE,FALSE,"428",1
"109","Multiple Houses on one parcel","431V","Telephone Relay Towers Vacant","single use","Leominster",1,"single",29,FALSE,FALSE,"431",0
"402","Office Building - part of manufacturing operation","4021","Industrial Condo","single use","Leominster",1,"single",16,FALSE,FALSE,"102",0
"400","Buildings for manufacturing operations","400V","Factory Vacant","single use","Westminster",1,"single",14,FALSE,FALSE,"106",0
"428","Gas Pressure Control Stations","428V","Gas Substation Vacant","single use","Westminster",1,"single",21,FALSE,FALSE,"106",0
"402","Office Building - part of manufacturing operation","4021","Industrial Condo","single use","Tewksbury",1,"single",16,FALSE,FALSE,"102",0
"422","Electrical Plant","422V","ELEC PLANT MDL-00","single use","Tewksbury",1,"single",17,FALSE,FALSE,"422",1
"403","Land - integral part of manufacturing operation","403V","ACCLND MFG  MDL-00","single use","West Springfield",1,"single",18,FALSE,FALSE,"106",0
"402","Office Building - part of manufacturing operation","402C","IND CONDO","single use","West Springfield",1,"single",9,FALSE,FALSE,"102",0
"402","Office Building - part of manufacturing operation","4021","IND CONDO","single use","Chelmsford",1,"single",9,FALSE,FALSE,"102",0
"412","Rock Mining/Quarry","412V","ROCK MINE","single use","Chelmsford",1,"single",9,FALSE,FALSE,"412",1
"424","Electricity Regulating Substations","424C","ELECSUBSTA","single use","Chelmsford",1,"single",10,FALSE,FALSE,"424",1
"4300","Telephone Exchange Stations","430V","Telecom Exchange Station","single use","Stow",1,"single",24,FALSE,FALSE,"430",0
"402","Office Building - part of manufacturing operation","4021","IND CONDO","single use","Attleboro",1,"single",9,FALSE,FALSE,"102",0
"402","Office Building - part of manufacturing operation","4021","IND CONDO M96","single use","Avon",1,"single",13,FALSE,FALSE,"102",0
"402","Office Building - part of manufacturing operation","4021","IND condo","single use","Topsfield",1,"single",9,FALSE,FALSE,"102",0
"402","Office Building - part of manufacturing operation","402C","IND OFFICE  MDL-94","single use","Agawam",1,"single",18,FALSE,FALSE,"402",1
"422","Electrical Plant","422V","ELEC PLANT MDL 00","single use","Agawam",1,"single",17,FALSE,FALSE,"422",1
"423","Electric Transmission Right-of-Way","423V","ELECTRIC TRANS RIGHT-OF-WAY","single use","Agawam",1,"single",27,FALSE,FALSE,"306",0
"424","Electricity Regulating Substations","424C","ELECSUBSTA MDL 94","single use","Agawam",1,"single",17,FALSE,FALSE,"424",1
"424","Electricity Regulating Substations","424V","ELECSUBSTA MDL 00","single use","Agawam",1,"single",17,FALSE,FALSE,"424",1
"425","Gas Production Plants","425C","GAS PLANT MDL 94","single use","Agawam",1,"single",16,FALSE,FALSE,"422",0
"428","Gas Pressure Control Stations","428C","GAS SUBSTA MDL 94","single use","Agawam",1,"single",17,FALSE,FALSE,"311",0
"4330","Radio, Television Transmission Facilities","433C","RAD/TV TR MDL 94","single use","Agawam",1,"single",16,FALSE,FALSE,"432",0
"4330","Radio, Television Transmission Facilities","433V","RAD/TV TR MDL 00","single use","Agawam",1,"single",16,FALSE,FALSE,"432",0
"4510","Electric Generation Plants, Transition Value","451V","ELEC GEN PLANTS, TRANS VALUE MDL 00","single use","Agawam",1,"single",35,FALSE,FALSE,"422",0
"402","Office Building - part of manufacturing operation","4021","industrial condo","single use","Agawam",1,"single",16,FALSE,FALSE,"102",0
"4410","Potentially Developable Industrial Land","441V","Potentially Developable Industrial Land","single use","Barnstable",1,"single",39,FALSE,FALSE,"441",0
"109","Multiple Houses on one parcel","4311","Telephone Code","single use","Rutland",1,"single",14,FALSE,FALSE,"109",1
"402","Office Building - part of manufacturing operation","4021","IND CONDO","single use","Barnstable",1,"single",9,FALSE,FALSE,"102",0
"410","Sand and Gravel Mining/Quarry","410C","SAND&GRAVL M94","single use","Barnstable",1,"single",14,FALSE,FALSE,"410",1
"424","Electricity Regulating Substations","424V","ELECSUBSTA M-00","single use","Barnstable",1,"single",15,FALSE,FALSE,"424",1
"423","Electric Transmission Right-of-Way","423V","ELEC ROW MDL-0","single use","Boylston",1,"single",14,FALSE,FALSE,"423",1
"403","Land - integral part of manufacturing operation","403V","ACCLND MFG","single use","Southbridge",1,"single",10,FALSE,FALSE,"106",0
"4410","Potentially Developable Industrial Land","441V","Industrial Land - Vacant","single use","Granby",1,"single",24,FALSE,FALSE,"106",0
"402","Office Building - part of manufacturing operation","4021","IND CONDO  MDL-06","single use","Quincy",1,"single",17,FALSE,FALSE,"102",0
"402","Office Building - part of manufacturing operation","4021","Office Building - part of manufacturing operation","single use","Edgartown",1,"single",49,FALSE,FALSE,"402",1
"4330","Radio, Television Transmission Facilities","433V","Rad/Tv Tr","single use","Lakeville",1,"single",9,FALSE,FALSE,"432",0
"4500","Electric Generation Plants","4501","Electric Generation Plant","single use","Dudley",1,"single",25,FALSE,FALSE,"422",0
"424","Electricity Regulating Substations","424V","ELECSUBSTA MDL-00","single use","Rochester",1,"single",17,FALSE,FALSE,"424",1
"401","Warehouses for storage of manufactured products","401C","Warehouses for storage of manufactured products","single use","Wilbraham",1,"single",47,FALSE,FALSE,"401",1
"424","Electricity Regulating Substations","424V","Electricity Regulating Substations","single use","Wilbraham",1,"single",34,FALSE,FALSE,"424",1
"410","Sand and Gravel Mining/Quarry","410C","Sand & Gravel","single use","Wilbraham",1,"single",13,FALSE,FALSE,"410",1
"4500","Electric Generation Plants","450S","Solar Electric Generating Plant","single use","Wilbraham",1,"single",31,FALSE,FALSE,"422",0
"426","Gas Pipeline Right-of-Way","426V","IMPUTED - Gas Pipeline Right-of-Way","single use","Wilbraham",1,"single",35,FALSE,FALSE,"426",1
"402","Office Building - part of manufacturing operation","4022","Office/Warehs","single use","Dracut",1,"single",13,FALSE,FALSE,"402",1
"410","Sand and Gravel Mining/Quarry","4101","Office Bldg","single use","Dracut",1,"single",11,FALSE,FALSE,"402",0
"410","Sand and Gravel Mining/Quarry","4102","Pre-Eng Warehs","single use","Dracut",1,"single",14,FALSE,FALSE,"388",0
"109","Multiple Houses on one parcel","431C","Telephone Relay Towers","single use","Winthrop",1,"single",22,FALSE,FALSE,"431",0
"109","Multiple Houses on one parcel","431V","Telephone Relay Towers","single use","Winthrop",1,"single",22,FALSE,FALSE,"431",0
"4500","Electric Generation Plants","450V","IMPUTED - Electric Generation Plants","single use","Russell",1,"single",36,FALSE,FALSE,"422",0
"400","Buildings for manufacturing operations","400C","FACTORY MDL-94","single use","Somerville",1,"single",14,FALSE,FALSE,"106",0
"402","Office Building - part of manufacturing operation","402C","IND OFFICE MDL-94","single use","Somerville",1,"single",17,FALSE,FALSE,"402",1
"402","Office Building - part of manufacturing operation","4021","Industrial Condo","single use","Rockport",1,"single",16,FALSE,FALSE,"102",0
"410","Sand and Gravel Mining/Quarry","410V","SAND&GRAVL  MDL-00","single use","Holden",1,"single",18,FALSE,FALSE,"410",1
"4310","Telephone Relay Towers; Cell Towers","431V","Industrial Land vacant","single use","Sterling",1,"single",22,FALSE,FALSE,"106",0
"424","Electricity Regulating Substations","424V","ELECSUBSTA  MDL-00","single use","Lexington",1,"single",18,FALSE,FALSE,"424",1
"424","Electricity Regulating Substations","424C","Elecsubsta - Com","single use","Amherst",1,"single",16,FALSE,FALSE,"424",1
"412","Rock Mining/Quarry","412V","Rock Mine - Vac","single use","Amherst",1,"single",15,FALSE,FALSE,"412",1
"402","Office Building - part of manufacturing operation","4021","IND CONDO MDL-06","single use","Dedham",1,"single",16,FALSE,FALSE,"102",0
"410","Sand and Gravel Mining/Quarry","410V","SAND & GRAVEL MDL-00","single use","Dedham",1,"single",20,FALSE,FALSE,"410",1
"424","Electricity Regulating Substations","4241","Electrical substation - vacant","single use","Lunenburg",1,"single",30,FALSE,FALSE,"422",0
"402","Office Building - part of manufacturing operation","4021","IMPUTED - Office Building - part of manufacturing operation","single use","Lunenburg",1,"single",59,FALSE,FALSE,"402",1
"426","Gas Pipeline Right-of-Way","426V","GAS ROW V","single use","Clinton",1,"single",9,FALSE,FALSE,"311",0
"4500","Electric Generation Plants","4501","Electric Generation Plants","single use","Norfolk",1,"single",26,FALSE,FALSE,"422",0
"4310","Telephone Relay Towers; Cell Towers","4311","Tel Relay Tower V","single use","Princeton",1,"single",17,FALSE,FALSE,"431",0
"4330","Radio, Television Transmission Facilities","433V","RAD/TV TR M00","single use","Norfolk",1,"single",13,FALSE,FALSE,"432",0
"403","Land - integral part of manufacturing operation","4031","Accessory Land V","single use","Grafton",1,"single",16,FALSE,FALSE,"106",0
"410","Sand and Gravel Mining/Quarry","410I","Sand & Gravel C","single use","Grafton",1,"single",15,FALSE,FALSE,"410",1
"424","Electricity Regulating Substations","4241","Electric Substation V","single use","Grafton",1,"single",21,FALSE,FALSE,"971",0
"426","Gas Pipeline Right-of-Way","4261","Gas ROW V","single use","Grafton",1,"single",9,FALSE,FALSE,"311",0
"400","Buildings for manufacturing operations","400V","Manufacturing Operations - Vacant","single use","Monson",1,"single",33,FALSE,FALSE,"400",1
"109","Multiple Houses on one parcel","431V","Telephone Relay Towers - Vacant","single use","Monson",1,"single",31,FALSE,FALSE,"431",0
"402","Office Building - part of manufacturing operation","4021","Indust Condo","single use","Medford",1,"single",12,FALSE,FALSE,"102",0
"4330","Radio, Television Transmission Facilities","433V","Outbuildings","single use","Medford",1,"single",12,FALSE,FALSE,"106",0
"400","Buildings for manufacturing operations","400V","IMPUTED - Buildings for manufacturing operations","single use","North Brookfield",1,"single",48,FALSE,FALSE,"400",1
"402","Office Building - part of manufacturing operation","4022","IMPUTED - Office Building - part of manufacturing operation","single use","North Brookfield",1,"single",59,FALSE,FALSE,"402",1
"424","Electricity Regulating Substations","424V","IMPUTED - Electricity Regulating Substations","single use","North Brookfield",1,"single",44,FALSE,FALSE,"424",1
"4330","Radio, Television Transmission Facilities","433V","IMPUTED - Radio, Television Transmission Facilities","single use","North Brookfield",1,"single",51,FALSE,FALSE,"433",0
"4500","Electric Generation Plants","450V","IMPUTED - Electric Generation Plants","single use","North Brookfield",1,"single",36,FALSE,FALSE,"422",0
"4510","Electric Generation Plants, Transition Value","451V","IMPUTED - Electric Generation Plants, Transition Value","single use","North Brookfield",1,"single",54,FALSE,FALSE,"422",0
"402","Office Building - part of manufacturing operation","4021","Industrial Condo MDL","single use","Mansfield",1,"single",20,FALSE,FALSE,"102",0
"402","Office Building - part of manufacturing operation","402C","Industrial Office MDL","single use","Mansfield",1,"single",21,FALSE,FALSE,"402",1
"400","Buildings for manufacturing operations","400C","FACTORY M-L94","single use","Walpole",1,"single",13,FALSE,FALSE,"106",0
"402","Office Building - part of manufacturing operation","4021","IND CONDO M-06","single use","Walpole",1,"single",14,FALSE,FALSE,"102",0
"410","Sand and Gravel Mining/Quarry","410C","SAND&GRAVL M-94","single use","Walpole",1,"single",15,FALSE,FALSE,"410",1
"410","Sand and Gravel Mining/Quarry","410V","SAND&GRAVL M-00","single use","Walpole",1,"single",15,FALSE,FALSE,"410",1
"400","Buildings for manufacturing operations","400J","Buildings for manufacturing operations","single use","Walpole",1,"single",38,FALSE,FALSE,"400",1
"402","Office Building - part of manufacturing operation","4021","IMPUTED - Office Building - part of manufacturing operation","single use","Kingston",1,"single",59,FALSE,FALSE,"402",1
"402","Office Building - part of manufacturing operation","4021","IND Condo M06","single use","Nantucket",1,"single",13,FALSE,FALSE,"102",0
"109","Multiple Houses on one parcel","431V","Imputed - Telephone Relay Towers","single use","Tisbury",1,"single",32,FALSE,FALSE,"431",0
"4330","Radio, Television Transmission Facilities","433C","Imputed - Television  Transmitting Facilities","single use","Tisbury",1,"single",45,FALSE,FALSE,"432",0
"423","Electric Transmission Right-of-Way","423V","Electric ROW Vacant","single use","Harvard",1,"single",19,FALSE,FALSE,"106",0
"402","Office Building - part of manufacturing operation","4022","Industrial Office Building","single use","Harvard",1,"single",26,FALSE,FALSE,"402",1
"410","Sand and Gravel Mining/Quarry","4101","SAND&GRAVEL V","single use","Athol",1,"single",13,FALSE,FALSE,"410",1
"402","Office Building - part of manufacturing operation","4021","IMPUTED - Office Building - part of manufacturing operation","single use","Athol",1,"single",59,FALSE,FALSE,"402",1
"400","Buildings for manufacturing operations","400V","Buildings for manufacturing operations","single use","Templeton",1,"single",38,FALSE,FALSE,"400",1
"402","Office Building - part of manufacturing operation","4022","Office Building - part of manufacturing operation","single use","Templeton",1,"single",49,FALSE,FALSE,"402",1
"401","Warehouses for storage of manufactured products","4015","Warehouses for storage of manufactured products","single use","Plainville",1,"single",47,FALSE,FALSE,"401",1
"402","Office Building - part of manufacturing operation","4021","Office building - part of manufacturing operation","single use","Plainville",1,"single",49,FALSE,FALSE,"402",1
"428","Gas Pressure Control Stations","428V","Gas Pressure Control Station","single use","Plainville",1,"single",28,FALSE,FALSE,"428",1
"402","Office Building - part of manufacturing operation","4021","Indust Condo","single use","Westfield",1,"single",12,FALSE,FALSE,"102",0
"400","Buildings for manufacturing operations","400V","FACTORY MDL-00","single use","Westfield",1,"single",14,FALSE,FALSE,"106",0
"401","Warehouses for storage of manufactured products","401C","Office Bldg","single use","Westfield",1,"single",11,FALSE,FALSE,"402",0
"403","Land - integral part of manufacturing operation","403V","ACCLND MFG MDL-00","single use","Westfield",1,"single",17,FALSE,FALSE,"106",0
"410","Sand and Gravel Mining/Quarry","410C","Office Bldg","single use","Westfield",1,"single",11,FALSE,FALSE,"402",0
"410","Sand and Gravel Mining/Quarry","410V","SAND&GRAVL MDL-00","single use","Westfield",1,"single",17,FALSE,FALSE,"410",1
"412","Rock Mining/Quarry","412C","Office Bldg","single use","Westfield",1,"single",11,FALSE,FALSE,"402",0
"402","Office Building - part of manufacturing operation","4022","Electric Plant","single use","Westfield",1,"single",14,FALSE,FALSE,"422",0
"423","Electric Transmission Right-of-Way","423V","Electric Transmission Right-of-Way Vacant","single use","Hampden",1,"single",41,FALSE,FALSE,"106",0
"424","Electricity Regulating Substations","424V","Electricity Regulating Substations Vacant","single use","Hampden",1,"single",41,FALSE,FALSE,"424",1
"109","Multiple Houses on one parcel","430V","Telephone Exchange Stations Vacant","single use","Hampden",1,"single",34,FALSE,FALSE,"430",0
"400","Buildings for manufacturing operations","400V","industrial vacant","single use","Gardner",1,"single",17,FALSE,FALSE,"106",0
"402","Office Building - part of manufacturing operation","4021","Condo","single use","Lawrence",1,"single",5,FALSE,FALSE,"102",0
"4330","Radio, Television Transmission Facilities","433V","Radio TV Tower, Vacant","single use","Gardner",1,"single",22,FALSE,FALSE,"432",0
"4310","Telephone Relay Towers; Cell Towers","431V","Cell Tower, Vacant","single use","Gardner",1,"single",18,FALSE,FALSE,"431",0
"402","Office Building - part of manufacturing operation","4021","Industrial condo","single use","Foxborough",1,"single",16,FALSE,FALSE,"102",0
"4310","Telephone Relay Towers; Cell Towers","431V","Cell Tower vacant","single use","Foxborough",1,"single",17,FALSE,FALSE,"431",0
"410","Sand and Gravel Mining/Quarry","410V","Sand & Gravel (Vacant)","single use","Spencer",1,"single",22,FALSE,FALSE,"410",1
"428","Gas Pressure Control Stations","428C","Gas Pressure Control Station","single use","Spencer",1,"single",28,FALSE,FALSE,"428",1
"109","Multiple Houses on one parcel","430V","Telephone Exchange Station","single use","Spencer",1,"single",26,FALSE,FALSE,"430",0
"424","Electricity Regulating Substations","4241","Other - Utility","single use","Everett",1,"single",15,TRUE,FALSE,"420",0
"4400","Developable Industrial Land","4401","Other - Utility","single use","Everett",1,"single",15,TRUE,FALSE,"420",0
"4500","Electric Generation Plants","4509","Electric Generation Plants","single use","Everett",1,"single",26,FALSE,FALSE,"422",0
"402","Office Building - part of manufacturing operation","4021","Office Building - part of manufacturing operation","single use","Rowley",1,"single",49,FALSE,FALSE,"402",1
"400","Buildings for manufacturing operations","400I","IMPUTED - Buildings for manufacturing operations","single use","Ipswich",1,"single",48,FALSE,FALSE,"400",1
"401","Warehouses for storage of manufactured products","401C","IMPUTED - Warehouses for storage of manufactured products","single use","Ipswich",1,"single",57,FALSE,FALSE,"401",1
"401","Warehouses for storage of manufactured products","401I","IMPUTED - Warehouses for storage of manufactured products","single use","Ipswich",1,"single",57,FALSE,FALSE,"401",1
"401","Warehouses for storage of manufactured products","401V","IMPUTED - Warehouses for storage of manufactured products","single use","Ipswich",1,"single",57,FALSE,FALSE,"401",1
"402","Office Building - part of manufacturing operation","4021","IMPUTED - Office Building - part of manufacturing operation","single use","Ipswich",1,"single",59,FALSE,FALSE,"402",1
"402","Office Building - part of manufacturing operation","402C","IMPUTED - Office Building - part of manufacturing operation","single use","Ipswich",1,"single",59,FALSE,FALSE,"402",1
"403","Land - integral part of manufacturing operation","403V","IMPUTED - Land - integral part of manufacturing operation","single use","Ipswich",1,"single",57,FALSE,FALSE,"403",1
"423","Electric Transmission Right-of-Way","423V","IMPUTED - Electric Transmission Right-of-Way","single use","Ipswich",1,"single",44,FALSE,FALSE,"306",0
"109","Multiple Houses on one parcel","430C","IMPUTED - Telephone Exchange Stations","single use","Ipswich",1,"single",37,FALSE,FALSE,"430",0
"109","Multiple Houses on one parcel","431C","IMPUTED - Telephone Relay Towers; Cell Towers","single use","Ipswich",1,"single",45,FALSE,FALSE,"431",0
"4410","Potentially Developable Industrial Land","441V","IMPUTED - Potentially Developable Industrial Land","single use","Ipswich",1,"single",49,FALSE,FALSE,"441",0
"4420","Undevelopable Industrial Land","442V","IMPUTED - Undevelopable Industrial Land","single use","Ipswich",1,"single",39,FALSE,FALSE,"442",0
"400","Buildings for manufacturing operations","400C","FACTORY M94","single use","Taunton",1,"single",11,FALSE,FALSE,"106",0
"402","Office Building - part of manufacturing operation","4021","IND CONDO M06","single use","Taunton",1,"single",13,FALSE,FALSE,"102",0
"404","Research and Development facilities","404C","R-D FACIL M94","single use","Taunton",1,"single",13,FALSE,FALSE,"106",0
"423","Electric Transmission Right-of-Way","423V","Electric ROW","single use","Wayland",1,"single",12,FALSE,FALSE,"971",0
"426","Gas Pipeline Right-of-Way","426V","Gas ROW","single use","Wayland",1,"single",7,FALSE,FALSE,"311",0
"424","Electricity Regulating Substations","424V","Utility Substation","single use","Longmeadow",1,"single",18,FALSE,FALSE,"420",0
"402","Office Building - part of manufacturing operation","4021","Office Building - part of manufacturing operation","single use","Yarmouth",1,"single",49,FALSE,FALSE,"402",1
"109","Multiple Houses on one parcel","431V","TELEPHONE RELAY TOWERS","single use","Yarmouth",1,"single",22,FALSE,FALSE,"431",0
"402","Office Building - part of manufacturing operation","402I","Office Building - part of manufacturing operation","single use","Yarmouth",1,"single",49,FALSE,FALSE,"402",1
"5010","Individuals, Partnerships, Associations and Trusts","5013","SECOND HOME","single use","Dennis",1,"single",11,FALSE,FALSE,"103",0
"6010","All land designated under Chapter 61 (not classified as Open Space)","601V","C61 TEN YR MDL-00","single use","Palmer",1,"single",17,FALSE,FALSE,"261",0
"6010","All land designated under Chapter 61 (not classified as Open Space)","6011","CHAPTER 61","single use","Middleborough",1,"single",10,FALSE,FALSE,"261",0
"6010","All land designated under Chapter 61 (not classified as Open Space)","6012","CHAPTER 61","single use","Middleborough",1,"single",10,FALSE,FALSE,"261",0
"6010","All land designated under Chapter 61 (not classified as Open Space)","601V","IMPUTED - All land designated under Chapter 61 (not classified as Open Space)","single use","East Longmeadow",1,"single",77,FALSE,FALSE,"601",0
"6010","All land designated under Chapter 61 (not classified as Open Space)","601A","All land designated under Chapter 61 (not classified as Open Space) - West side of River","single use","Northfield",1,"single",88,FALSE,FALSE,"601",0
"6010","All land designated under Chapter 61 (not classified as Open Space)","601B","All land designated under Chapter 61 (not classified as Open Space) - East side of River","single use","Northfield",1,"single",88,FALSE,FALSE,"601",0
"6010","All land designated under Chapter 61 (not classified as Open Space)","601V","Chapter 61 Land","single use","Shutesbury",1,"single",15,FALSE,FALSE,"261",0
"6010","All land designated under Chapter 61 (not classified as Open Space)","601R","All land designated under Chapter 61 (not classified as Open Space) Residential","single use","Leominster",1,"single",79,FALSE,FALSE,"601",0
"6010","All land designated under Chapter 61 (not classified as Open Space)","601P","C61 TEN YR PRIME","single use","Rochester",1,"single",16,FALSE,FALSE,"261",0
"6010","All land designated under Chapter 61 (not classified as Open Space)","601U","C61 TEN YR UNDEV","single use","Rochester",1,"single",16,FALSE,FALSE,"261",0
"6010","All land designated under Chapter 61 (not classified as Open Space)","601V","IMPUTED - All land designated under Chapter 61 (not classified as Open Space)","single use","Ipswich",1,"single",77,FALSE,FALSE,"601",0
"7130","Field Crops - hay, wheat, tillable forage, cropland, etc... (Ch. 61A, not classified as Open Space)","713V","FIELD CRPS  MDL-00","single use","Concord",1,"single",18,FALSE,FALSE,"713",0
"7180","Pasture (Ch. 61A, not classified as Open Space)","718V","PASTURE  MDL-00","single use","Concord",1,"single",15,FALSE,FALSE,"718",0
"7140","Orchards - pears, apples, grape vineyards, etc... (Ch. 61A, not classified as Open Space)","714C","Orchards MDL-94","single use","Groton",1,"single",15,FALSE,FALSE,"714",0
"7130","Field Crops - hay, wheat, tillable forage, cropland, etc... (Ch. 61A, not classified as Open Space)","713V","FIELD CRPS MDL-00","single use","Palmer",1,"single",17,FALSE,FALSE,"713",0
"7120","Truck Crops - vegetables (Ch. 61A, not classified as Open Space)","712 ","IMPUTED - Truck Crops - vegetables (Ch. 61A, not classified as Open Space)","single use","Danvers",1,"single",74,FALSE,FALSE,"712",0
"7160","Necessary related land-farm roads, ponds, land under farm buildings (Ch. 61A, not classified as Open Space)","7161","Tillable R","single use","Marlborough",1,"single",10,FALSE,FALSE,"713",0
"7180","Pasture (Ch. 61A, not classified as Open Space)","718R","Pasture - Res","single use","Duxbury",1,"single",13,FALSE,FALSE,"718",0
"7110","Tobacco, Sod (Ch. 61A, not classified as Open Space)","711V","TOBACCO
","single use","Hadley",1,"single",9,FALSE,FALSE,"711",0
"7160","Necessary related land-farm roads, ponds, land under farm buildings (Ch. 61A, not classified as Open Space)","716C","PASTURE","single use","Middleborough",1,"single",7,FALSE,FALSE,"718",0
"7100","Cranberry Bog (Ch. 61A, not classified as Open Space)","7103","CHAPTER 61A","single use","Middleborough",1,"single",11,FALSE,FALSE,"261",0
"7100","Cranberry Bog (Ch. 61A, not classified as Open Space)","7104","CHAPTER 61A","single use","Middleborough",1,"single",11,FALSE,FALSE,"261",0
"7100","Cranberry Bog (Ch. 61A, not classified as Open Space)","7105","CHAPTER 61A","single use","Middleborough",1,"single",11,FALSE,FALSE,"261",0
"7100","Cranberry Bog (Ch. 61A, not classified as Open Space)","7106","CHAPTER 61A","single use","Middleborough",1,"single",11,FALSE,FALSE,"261",0
"7100","Cranberry Bog (Ch. 61A, not classified as Open Space)","7107","CHAPTER 61A","single use","Middleborough",1,"single",11,FALSE,FALSE,"261",0
"7120","Truck Crops - vegetables (Ch. 61A, not classified as Open Space)","7122","CHAPTER 61A","single use","Middleborough",1,"single",11,FALSE,FALSE,"261",0
"7120","Truck Crops - vegetables (Ch. 61A, not classified as Open Space)","7123","CHAPTER 61A","single use","Middleborough",1,"single",11,FALSE,FALSE,"261",0
"7120","Truck Crops - vegetables (Ch. 61A, not classified as Open Space)","7124","CHAPTER 61A","single use","Middleborough",1,"single",11,FALSE,FALSE,"261",0
"7130","Field Crops - hay, wheat, tillable forage, cropland, etc... (Ch. 61A, not classified as Open Space)","7132","CHAPTER 61A","single use","Middleborough",1,"single",11,FALSE,FALSE,"261",0
"7130","Field Crops - hay, wheat, tillable forage, cropland, etc... (Ch. 61A, not classified as Open Space)","7133","CHAPTER 61A","single use","Middleborough",1,"single",11,FALSE,FALSE,"261",0
"7130","Field Crops - hay, wheat, tillable forage, cropland, etc... (Ch. 61A, not classified as Open Space)","7134","CHAPTER 61A","single use","Middleborough",1,"single",11,FALSE,FALSE,"261",0
"7140","Orchards - pears, apples, grape vineyards, etc... (Ch. 61A, not classified as Open Space)","7141","CHAPTER 61A","single use","Middleborough",1,"single",11,FALSE,FALSE,"261",0
"7140","Orchards - pears, apples, grape vineyards, etc... (Ch. 61A, not classified as Open Space)","7142","CHAPTER 61A","single use","Middleborough",1,"single",11,FALSE,FALSE,"261",0
"7160","Necessary related land-farm roads, ponds, land under farm buildings (Ch. 61A, not classified as Open Space)","7161","CHAPTER 61A","single use","Middleborough",1,"single",11,FALSE,FALSE,"261",0
"7160","Necessary related land-farm roads, ponds, land under farm buildings (Ch. 61A, not classified as Open Space)","7162","CHAPTER 61A","single use","Middleborough",1,"single",11,FALSE,FALSE,"261",0
"7160","Necessary related land-farm roads, ponds, land under farm buildings (Ch. 61A, not classified as Open Space)","7163","CHAPTER 61A","single use","Middleborough",1,"single",11,FALSE,FALSE,"261",0
"7170","Productive Woodland (Ch. 61A, not classified as Open Space, with a Forest Management Plan); woodlots ","7171","CHAPTER 61A","single use","Middleborough",1,"single",11,FALSE,FALSE,"261",0
"7170","Productive Woodland (Ch. 61A, not classified as Open Space, with a Forest Management Plan); woodlots ","7172","CHAPTER 61A","single use","Middleborough",1,"single",11,FALSE,FALSE,"261",0
"7180","Pasture (Ch. 61A, not classified as Open Space)","7181","CHAPTER 61A","single use","Middleborough",1,"single",11,FALSE,FALSE,"261",0
"7180","Pasture (Ch. 61A, not classified as Open Space)","7182","CHAPTER 61A","single use","Middleborough",1,"single",11,FALSE,FALSE,"261",0
"7180","Pasture (Ch. 61A, not classified as Open Space)","7183","CHAPTER 61A","single use","Middleborough",1,"single",11,FALSE,FALSE,"261",0
"7120","Truck Crops - vegetables (Ch. 61A, not classified as Open Space)","7125","IMPUTED - Truck Crops - vegetables (Ch. 61A, not classified as Open Space)","single use","Middleborough",1,"single",74,FALSE,FALSE,"712",0
"7120","Truck Crops - vegetables (Ch. 61A, not classified as Open Space)","712V","IMPUTED - Truck Crops - vegetables (Ch. 61A, not classified as Open Space)","single use","East Longmeadow",1,"single",74,FALSE,FALSE,"712",0
"7140","Orchards - pears, apples, grape vineyards, etc... (Ch. 61A, not classified as Open Space)","714V","IMPUTED - Orchards - pears, apples, grape vineyards, etc... (Ch. 61A, not classified as Open Space)","single use","East Longmeadow",1,"single",99,FALSE,FALSE,"714",0
"7180","Pasture (Ch. 61A, not classified as Open Space)","718O","PASTURES-O","single use","Easthampton",1,"single",10,FALSE,FALSE,"718",0
"7180","Pasture (Ch. 61A, not classified as Open Space)","718P","PASTURES-P","single use","Easthampton",1,"single",10,FALSE,FALSE,"718",0
"7120","Truck Crops - vegetables (Ch. 61A, not classified as Open Space)","712A","Truck Crops (A grade) chapter land classification ($6,100/acre appraised value)","single use","Plympton",1,"single",79,FALSE,FALSE,"712",0
"7130","Field Crops - hay, wheat, tillable forage, cropland, etc... (Ch. 61A, not classified as Open Space)","713A","Hay AA","single use","Plympton",1,"single",6,FALSE,FALSE,"713",0
"7110","Tobacco, Sod (Ch. 61A, not classified as Open Space)","711A","Tobacco, Sod (Ch. 61A, not classified as Open Space) - West side of River","single use","Northfield",1,"single",73,FALSE,FALSE,"711",0
"7120","Truck Crops - vegetables (Ch. 61A, not classified as Open Space)","712A","Truck Crops - vegetables (Ch. 61A, not classified as Open Space) - West side of River","single use","Northfield",1,"single",85,FALSE,FALSE,"712",0
"7130","Field Crops - hay, wheat, tillable forage, cropland, etc... (Ch. 61A, not classified as Open Space)","713A","Field Crops - hay, wheat, tillable forage, cropland, etc... (Ch. 61A, not classified as Open Space) - West side of River","single use","Northfield",1,"single",120,FALSE,FALSE,"713",0
"7130","Field Crops - hay, wheat, tillable forage, cropland, etc... (Ch. 61A, not classified as Open Space)","713C","Field Crops - hay, wheat, tillable forage, cropland, etc... (Ch. 61A, not classified as Open Space) - Conservation","single use","Northfield",1,"single",114,FALSE,FALSE,"713",0
"7160","Necessary related land-farm roads, ponds, land under farm buildings (Ch. 61A, not classified as Open Space)","716A","Necessary related land-farm roads, ponds, land under farm buildings (Ch. 61A, not classified as Open Space) - West side of River","single use","Northfield",1,"single",128,FALSE,FALSE,"716",0
"7180","Pasture (Ch. 61A, not classified as Open Space)","718A","Pasture (Ch. 61A, not classified as Open Space) - West side of River","single use","Northfield",1,"single",68,FALSE,FALSE,"718",0
"7180","Pasture (Ch. 61A, not classified as Open Space)","718B","Pasture (Ch. 61A, not classified as Open Space) - East side of River","single use","Northfield",1,"single",68,FALSE,FALSE,"718",0
"7180","Pasture (Ch. 61A, not classified as Open Space)","718C","Pasture (Ch. 61A, not classified as Open Space) - Conservation","single use","Northfield",1,"single",62,FALSE,FALSE,"718",0
"7190","Nurseries (Ch. 61A, not classified as Open Space)","719A","Nurseries (Ch. 61A, not classified as Open Space) - West side of River","single use","Northfield",1,"single",70,FALSE,FALSE,"719",0
"7200","Wet land, scrub land, rock land (Ch. 61A, not classified as Open Space)","720A","Wet land, scrub land, rock land (Ch. 61A, not classified as Open Space) - West side of River","single use","Northfield",1,"single",92,FALSE,FALSE,"720",0
"7200","Wet land, scrub land, rock land (Ch. 61A, not classified as Open Space)","720B","Wet land, scrub land, rock land (Ch. 61A, not classified as Open Space) - East side of River","single use","Northfield",1,"single",92,FALSE,FALSE,"720",0
"7160","Necessary related land-farm roads, ponds, land under farm buildings (Ch. 61A, not classified as Open Space)","716B","Chapter 61A related land","single use","Northfield",1,"single",24,FALSE,FALSE,"716",0
"7200","Wet land, scrub land, rock land (Ch. 61A, not classified as Open Space)","7201","NONPRNECLD","single use","North Attleborough",1,"single",10,FALSE,FALSE,"125",0
"7130","Field Crops - hay, wheat, tillable forage, cropland, etc... (Ch. 61A, not classified as Open Space)","7131","Ch61a  field crop","single use","Southampton",1,"single",17,FALSE,FALSE,"713",0
"7130","Field Crops - hay, wheat, tillable forage, cropland, etc... (Ch. 61A, not classified as Open Space)","7132","Ch61a  field crop","single use","Southampton",1,"single",17,FALSE,FALSE,"713",0
"7180","Pasture (Ch. 61A, not classified as Open Space)","7182","Ch61a pasture","single use","Southampton",1,"single",13,FALSE,FALSE,"718",0
"7140","Orchards - pears, apples, grape vineyards, etc... (Ch. 61A, not classified as Open Space)","714I","ORCHARDS MDL96","single use","Millbury",1,"single",14,FALSE,FALSE,"714",0
"7100","Cranberry Bog (Ch. 61A, not classified as Open Space)","710A","Bog A","single use","Plymouth",1,"single",5,FALSE,FALSE,"710",0
"7100","Cranberry Bog (Ch. 61A, not classified as Open Space)","710B","Bog B","single use","Plymouth",1,"single",5,FALSE,FALSE,"710",0
"7100","Cranberry Bog (Ch. 61A, not classified as Open Space)","710C","Bog C","single use","Plymouth",1,"single",5,FALSE,FALSE,"710",0
"7100","Cranberry Bog (Ch. 61A, not classified as Open Space)","710D","Bog D","single use","Plymouth",1,"single",5,FALSE,FALSE,"710",0
"7100","Cranberry Bog (Ch. 61A, not classified as Open Space)","710E","Bog E","single use","Plymouth",1,"single",5,FALSE,FALSE,"710",0
"7160","Necessary related land-farm roads, ponds, land under farm buildings (Ch. 61A, not classified as Open Space)","716C","PASTURE","single use","Chelmsford",1,"single",7,FALSE,FALSE,"718",0
"7190","Nurseries (Ch. 61A, not classified as Open Space)","719V","NURSERIES M-00","single use","Barnstable",1,"single",14,FALSE,FALSE,"719",0
"7200","Wet land, scrub land, rock land (Ch. 61A, not classified as Open Space)","720C","Nonprnecld","single use","Lakeville",1,"single",10,FALSE,FALSE,"125",0
"7200","Wet land, scrub land, rock land (Ch. 61A, not classified as Open Space)","720R","Nonprnecld","single use","Lakeville",1,"single",10,FALSE,FALSE,"125",0
"7100","Cranberry Bog (Ch. 61A, not classified as Open Space)","710L","BOG LOW","single use","Rochester",1,"single",7,FALSE,FALSE,"710",0
"7100","Cranberry Bog (Ch. 61A, not classified as Open Space)","710M","BOG MED","single use","Rochester",1,"single",7,FALSE,FALSE,"710",0
"7130","Field Crops - hay, wheat, tillable forage, cropland, etc... (Ch. 61A, not classified as Open Space)","713C","Hay (agricultural)","single use","Sterling",1,"single",18,FALSE,FALSE,"713",0
"7190","Nurseries (Ch. 61A, not classified as Open Space)","719I","Nursery (agricultural)","single use","Sterling",1,"single",22,FALSE,FALSE,"210",0
"7160","Necessary related land-farm roads, ponds, land under farm buildings (Ch. 61A, not classified as Open Space)","716C","Pasture - Com","single use","Amherst",1,"single",13,FALSE,FALSE,"718",0
"7130","Field Crops - hay, wheat, tillable forage, cropland, etc... (Ch. 61A, not classified as Open Space)","7131","FIELD CRPS","single use","Grafton",1,"single",10,FALSE,FALSE,"713",0
"7170","Productive Woodland (Ch. 61A, not classified as Open Space, with a Forest Management Plan); woodlots ","7171","PRD W/PLAN","single use","Westfield",1,"single",10,FALSE,FALSE,"717",0
"7130","Field Crops - hay, wheat, tillable forage, cropland, etc... (Ch. 61A, not classified as Open Space)","713V","IMPUTED - Field Crops - hay, wheat, tillable forage, cropland, etc... (Ch. 61A, not classified as Open Space)","single use","Ipswich",1,"single",109,FALSE,FALSE,"713",0
"7180","Pasture (Ch. 61A, not classified as Open Space)","718V","IMPUTED - Pasture (Ch. 61A, not classified as Open Space)","single use","Ipswich",1,"single",57,FALSE,FALSE,"718",0
"8050","Golfing - areas of land arranged as a golf course (Ch. 61B, not classified as Open Space)","805C","61B GOLF M94","single use","Marion",1,"single",12,FALSE,FALSE,"805",0
"8050","Golfing - areas of land arranged as a golf course (Ch. 61B, not classified as Open Space)","805I","61B GOLF M96","single use","Marion",1,"single",12,FALSE,FALSE,"805",0
"8110","Swimming Areas (Ch. 61B, not classified as Open Space)","811I","61B SWIM M96","single use","Marion",1,"single",12,FALSE,FALSE,"261",0
"8100","Nordic Skiing - areas for ""cross-country"" skiing (Ch. 61B, not classified as Open Space)","810V","61B HIKE  MDL-00","single use","Concord",1,"single",16,FALSE,FALSE,"261",0
"8010","Hiking - trails or paths (Ch. 61B, not classified as OS)","801V","Recreation Land - vacant (Ch. 61B)","single use","Concord",1,"single",34,FALSE,FALSE,"106",0
"8150","Productive Woodland -woodlots (Ch. 61B, not classified as Open Space)","815V","8150 - VAC","single use","Westhampton",1,"single",10,FALSE,FALSE,"106",0
"8050","Golfing - areas of land arranged as a golf course (Ch. 61B, not classified as Open Space)","805C","61B Golf- commercial model","single use","Wareham",1,"single",26,FALSE,FALSE,"805",0
"8070","Hunting - areas for the hunting of wildlife (Ch. 61B, not classified as Open Space)","807V","IMPUTED - Hunting - areas for the hunting of wildlife (Ch. 61B, not classified as Open Space)","single use","Ashburnham",1,"single",93,FALSE,FALSE,"807",0
"8050","Golfing - areas of land arranged as a golf course (Ch. 61B, not classified as Open Space)","805V","61B GOLF MDL-00","single use","Worcester",1,"single",15,FALSE,FALSE,"805",0
"8050","Golfing - areas of land arranged as a golf course (Ch. 61B, not classified as Open Space)","8051","61B GOLF V","single use","Wrentham",1,"single",10,FALSE,FALSE,"805",0
"8050","Golfing - areas of land arranged as a golf course (Ch. 61B, not classified as Open Space)","805C","61BGLF M94","single use","North Attleborough",1,"single",10,FALSE,FALSE,"261",0
"8050","Golfing - areas of land arranged as a golf course (Ch. 61B, not classified as Open Space)","805I","61BGLF M96","single use","North Attleborough",1,"single",10,FALSE,FALSE,"261",0
"8050","Golfing - areas of land arranged as a golf course (Ch. 61B, not classified as Open Space)","805R","61BGLF M01","single use","North Attleborough",1,"single",10,FALSE,FALSE,"261",0
"8050","Golfing - areas of land arranged as a golf course (Ch. 61B, not classified as Open Space)","805V","Golfing - areas of land arranged as a golf course (Ch. 61B, not classified as Open Space)","single use","Newton",1,"single",89,FALSE,FALSE,"805",0
"8050","Golfing - areas of land arranged as a golf course (Ch. 61B, not classified as Open Space)","805C","61B GOLF MDL-94","single use","Attleboro",1,"single",15,FALSE,FALSE,"805",0
"8050","Golfing - areas of land arranged as a golf course (Ch. 61B, not classified as Open Space)","805V","61B GOLF MDL-00","single use","Attleboro",1,"single",15,FALSE,FALSE,"805",0
"8030","Nature Study - areas specifically for nature study or observation (Ch. 61B, not classified as Open Space)","803C","61B NATURE","single use","Agawam",1,"single",10,FALSE,FALSE,"803",0
"8070","Hunting - areas for the hunting of wildlife (Ch. 61B, not classified as Open Space)","807R","61B HUNT M-01","single use","Barnstable",1,"single",13,FALSE,FALSE,"261",0
"8070","Hunting - areas for the hunting of wildlife (Ch. 61B, not classified as Open Space)","807C","61B HUNT MDL-9","single use","Boylston",1,"single",14,FALSE,FALSE,"261",0
"8050","Golfing - areas of land arranged as a golf course (Ch. 61B, not classified as Open Space)","805C","61B GOLF","single use","Southbridge",1,"single",8,FALSE,FALSE,"805",0
"8140","Target Shooting - areas for target shooting such as archery, skeet or approved fire-arms (Ch. 61B, not classified as OS)","814C","61B TARGET","single use","Southbridge",1,"single",10,FALSE,FALSE,"814",0
"8140","Target Shooting - areas for target shooting such as archery, skeet or approved fire-arms (Ch. 61B, not classified as OS)","814C","61B TARGET MDL94","single use","Rochester",1,"single",16,FALSE,FALSE,"814",0
"8050","Golfing - areas of land arranged as a golf course (Ch. 61B, not classified as Open Space)","805V","61B GOLF MDL-00","single use","Lexington",1,"single",15,FALSE,FALSE,"805",0
"8030","Nature Study - areas specifically for nature study or observation (Ch. 61B, not classified as Open Space)","803V","IMPUTED - Nature Study - areas specifically for nature study or observation (Ch. 61B, not classified as Open Space)","single use","North Brookfield",1,"single",115,FALSE,FALSE,"803",0
"8050","Golfing - areas of land arranged as a golf course (Ch. 61B, not classified as Open Space)","805C","61B Golf M94","single use","Nantucket",1,"single",12,FALSE,FALSE,"805",0
"8050","Golfing - areas of land arranged as a golf course (Ch. 61B, not classified as Open Space)","805R","61B Golf M01","single use","Nantucket",1,"single",12,FALSE,FALSE,"805",0
"8070","Hunting - areas for the hunting of wildlife (Ch. 61B, not classified as Open Space)","807C","Hunting - areas for the hunting of wildlife (Ch. 61B, not classified as Open Space)","single use","Templeton",1,"single",83,FALSE,FALSE,"807",0
"8050","Golfing - areas of land arranged as a golf course (Ch. 61B, not classified as Open Space)","805V","Golf lot","single use","Foxborough",1,"single",8,FALSE,FALSE,"805",0
"8110","Swimming Areas (Ch. 61B, not classified as Open Space)","811V","Vacant Swimming Areas","single use","Foxborough",1,"single",21,FALSE,FALSE,"811",0
"8030","Nature Study - areas specifically for nature study or observation (Ch. 61B, not classified as Open Space)","803V","IMPUTED - Nature Study - areas specifically for nature study or observation (Ch. 61B, not classified as Open Space)","single use","Ipswich",1,"single",115,FALSE,FALSE,"803",0
"8110","Swimming Areas (Ch. 61B, not classified as Open Space)","811V","IMPUTED - Swimming Areas (Ch. 61B, not classified as Open Space)","single use","Ipswich",1,"single",64,FALSE,FALSE,"811",0
"8050","Golfing - areas of land arranged as a golf course (Ch. 61B, not classified as Open Space)","805V","61B GOLF MOO","single use","Yarmouth",1,"single",12,FALSE,FALSE,"805",0
"913","Dept. of Public Health (DPH) - Soldiers' Homes","913C","SOLD HOME  MDL-94","single use","Chelsea",1,"single",17,FALSE,FALSE,"103",0
"913","Dept. of Public Health (DPH) - Soldiers' Homes","913I","SOLD HOME  MDL-96","single use","Chelsea",1,"single",17,FALSE,FALSE,"103",0
"928","Division of Capital Asset Management (DCAM) - Bureau of State Office Buildings (non-reimbursable)","928V","DCAM - VAC","single use","Chelsea",1,"single",10,FALSE,FALSE,"928",1
"935","Improved, Municipal Public Safety","9351","TOWN PUBLIC SAFETY C","single use","Chelsea",1,"single",20,FALSE,FALSE,"356",0
"940","Elementary Level (Educational Private)","9401","PRIV ELEMENTARY C","single use","Chelsea",1,"single",17,FALSE,FALSE,"940",1
"941","Secondary Level (Educational Private)","9411","PRIV SECONDARY C","single use","Chelsea",1,"single",16,FALSE,FALSE,"941",1
"957","Charitable Services","9571","CHAR SERVICES C","single use","Chelsea",1,"single",15,FALSE,FALSE,"371",0
"957","Charitable Services","9572","CHAR SERVICES V","single use","Chelsea",1,"single",15,FALSE,FALSE,"371",0
"957","Charitable Services","9573","CHAR SERVICES CONDO","single use","Chelsea",1,"single",19,FALSE,FALSE,"102",0
"958","Recreation, Active Use (Charitable Org.)","9582","CHAR REC ACTIVE C","single use","Chelsea",1,"single",17,FALSE,FALSE,"958",1
"959","Housing, Other (Charitable Org.)","9591","CHAR HOUSING R","single use","Chelsea",1,"single",14,FALSE,FALSE,"101",0
"959","Housing, Other (Charitable Org.)","9592","CHAR HOUSING C","single use","Chelsea",1,"single",14,FALSE,FALSE,"101",0
"960","Church, Mosque, Synagogue, Temple, etc...","9602","CHURCH/TEMPLE C","single use","Chelsea",1,"single",15,FALSE,FALSE,"960",1
"961","Rectory or Parsonage","9611","RECTORY/PERSONAGE R","single use","Chelsea",1,"single",19,FALSE,FALSE,"961",1
"962","Other (Religious Org.)","9622","RELIG OTHER C","single use","Chelsea",1,"single",13,TRUE,FALSE,"962",1
"970","Housing Authority","9701","HOUSING AUTHORITY C","single use","Chelsea",1,"single",19,FALSE,FALSE,"101",0
"962","Other (Religious Org.)","906I","CHURCH ETC  MDL-96","single use","Chelsea",1,"single",18,FALSE,FALSE,"960",0
"931","Improved, Selectmen or City Council (Municipal)","9032","FIRE","single use","Chatham",1,"single",4,FALSE,FALSE,"814",0
"962","Other (Religious Org.)","906C","CHURCH ETC  MDL-94","single use","Chatham",1,"single",18,FALSE,FALSE,"960",0
"962","Other (Religious Org.)","906R","CHURCH ETC  MDL-01","single use","Chatham",1,"single",18,FALSE,FALSE,"960",0
"931","Improved, Selectmen or City Council (Municipal)","9031","POLICE","single use","Marion",1,"single",6,FALSE,FALSE,"922",0
"931","Improved, Selectmen or City Council (Municipal)","9032","FIRE","single use","Marion",1,"single",4,FALSE,FALSE,"814",0
"962","Other (Religious Org.)","906I","CHURCH ETC M96","single use","Marion",1,"single",14,FALSE,FALSE,"960",0
"962","Other (Religious Org.)","906R","CHURCH ETC M01","single use","Marion",1,"single",14,FALSE,FALSE,"960",0
"962","Other (Religious Org.)","906V","CHURCH ETC M00","single use","Marion",1,"single",14,FALSE,FALSE,"960",0
"920","Dept. of Conservation and Recreation (DCR) - Division of Urban Parks and Recreation (non-reimbursable)","920O","NON PROFIT M06","single use","Marion",1,"single",14,FALSE,FALSE,"125",0
"920","Dept. of Conservation and Recreation (DCR) - Division of Urban Parks and Recreation (non-reimbursable)","920R","NON PROFIT M01","single use","Marion",1,"single",14,FALSE,FALSE,"125",0
"959","Housing, Other (Charitable Org.)","959R","NON PROF HSG","single use","Marion",1,"single",12,FALSE,FALSE,"125",0
"960","Church, Mosque, Synagogue, Temple, etc...","960C","CHURCH BLDG 94","single use","Marion",1,"single",14,FALSE,FALSE,"960",1
"961","Rectory or Parsonage","961R","CHURCH BLDG 01","single use","Marion",1,"single",14,FALSE,FALSE,"960",0
"950","Vacant, Conservation Organizations (Charitable Org.)","950V","Conservation Vacant Land","single use","Marion",1,"single",24,FALSE,FALSE,"106",0
"945","Affiliated Housing (Educational Private)","945R","PRIV ED HSING M
","single use","Swansea",1,"single",17,FALSE,FALSE,"101",0
"953","Cemeteries (Charitable Org.)","953V","CEMETERY M00","single use","Swansea",1,"single",12,FALSE,FALSE,"953",1
"954","Function Halls, Community Centers, Fraternal Organizations (Charitable Org.)","954R","FUNCT/FRATERNAL","single use","Swansea",1,"single",15,FALSE,FALSE,"954",1
"960","Church, Mosque, Synagogue, Temple, etc...","960V","CHURCH M00","single use","Swansea",1,"single",10,FALSE,FALSE,"960",1
"970","Housing Authority","970R","HSING AUTH M01","single use","Swansea",1,"single",14,FALSE,FALSE,"101",0
"971","Utility Authority - Electric, Light, Sewer, Water","971I","UTILITY M96","single use","Swansea",1,"single",11,FALSE,FALSE,"317",0
"971","Utility Authority - Electric, Light, Sewer, Water","971R","UTILITY M01","single use","Swansea",1,"single",11,FALSE,FALSE,"317",0
"962","Other (Religious Org.)","906C","CHURCH","single use","Swansea",1,"single",6,FALSE,FALSE,"960",0
"943","Other Educational (Educational Private)","943C","IMPUTED - Other Educational (Educational Private)","single use","Swansea",1,"single",49,TRUE,FALSE,"305",0
"931","Improved, Selectmen or City Council (Municipal)","9032","FIRE","single use","Concord",1,"single",4,FALSE,FALSE,"814",0
"962","Other (Religious Org.)","906I","CHURCH ETC  MDL-96","single use","Concord",1,"single",18,FALSE,FALSE,"960",0
"962","Other (Religious Org.)","906V","CHURCH ETC  MDL-00","single use","Concord",1,"single",18,FALSE,FALSE,"960",0
"956","Libraries, Museums (Charitable Org.)","956C","LIBRARIES MUSEUMS COM","single use","Concord",1,"single",21,FALSE,FALSE,"956",1
"956","Libraries, Museums (Charitable Org.)","956R","LIBRARY/MUS RES","single use","Concord",1,"single",15,FALSE,FALSE,"956",1
"956","Libraries, Museums (Charitable Org.)","956V","LIBRARY/MUS VACANT","single use","Concord",1,"single",18,FALSE,FALSE,"956",1
"959","Housing, Other (Charitable Org.)","959C","HOUSING OTHER COM","single use","Concord",1,"single",17,TRUE,FALSE,"101",0
"962","Other (Religious Org.)","962V","OTHER VACANT","single use","Concord",1,"single",12,TRUE,FALSE,"106",0
"929","Comm. Of Mass. (Other, non-reimbursable)","929V","NONREIMB OTHER VAC","single use","Concord",1,"single",18,TRUE,FALSE,"106",0
"962","Other (Religious Org.)","906C","CHURCH ETC  MDL-94","single use","Chelsea",1,"single",18,FALSE,FALSE,"960",0
"994","Improved County or Regional Association Commission","902V","COUNTY","single use","Orange",1,"single",6,FALSE,FALSE,"286",0
"911","Division of Fish and Game Wildlife, Environmental Law Enforcement -- formerly Division of Fisheries and Wildlife, Environmental Law Enforcement","911R","REIMB DIV FISH WLDLF-01","single use","Orange",1,"single",23,FALSE,FALSE,"385",0
"911","Division of Fish and Game Wildlife, Environmental Law Enforcement -- formerly Division of Fisheries and Wildlife, Environmental Law Enforcement","911V","REIMB DIV FISH WLDLF-00","single use","Orange",1,"single",23,FALSE,FALSE,"385",0
"913","Dept. of Public Health (DPH) - Soldiers' Homes","913V","REIMB DPT PUBLIC HLTH","single use","Orange",1,"single",21,FALSE,FALSE,"356",0
"930","Vacant, Selectmen or City Council (Municipal)","930V","VACANT, SELECTMEN/CITY COUNCIL","single use","Orange",1,"single",30,FALSE,FALSE,"106",0
"959","Housing, Other (Charitable Org.)","959R","HOUSING, OTHER","single use","Orange",1,"single",14,TRUE,FALSE,"101",0
"961","Rectory or Parsonage","961R","RECTORY OR PARSONAGE, ETC.","single use","Orange",1,"single",26,FALSE,FALSE,"961",1
"930","Vacant, Selectmen or City Council (Municipal)","930C","IMPUTED - Improved County or Regional Correctional","single use","Orange",1,"single",50,FALSE,FALSE,"993",0
"962","Other (Religious Org.)","962C","IMPUTED - Other (Religious Org.)","single use","Orange",1,"single",32,TRUE,FALSE,"962",1
"931","Improved, Selectmen or City Council (Municipal)","903C","IMPUTED - (formerly Municipalities/Districts.  Removed June 2009.)","single use","Orange",1,"single",66,FALSE,FALSE,"903",0
"931","Improved, Selectmen or City Council (Municipal)","903I","IMPUTED - (formerly Municipalities/Districts.  Removed June 2009.)","single use","Orange",1,"single",66,FALSE,FALSE,"903",0
"951","Other (Charitable Org.)","905V","IMPUTED - (formerly Charitable Organizations (private hospitals, etc...).  Removed June 2009. )","single use","Orange",1,"single",95,FALSE,FALSE,"305",0
"962","Other (Religious Org.)","906R","IMPUTED - (formerly Religious Organizations.  Removed June 2009.)","single use","Orange",1,"single",65,FALSE,FALSE,"962",1
"931","Improved, Selectmen or City Council (Municipal)","903V","Town-Prop Vacant","single use","Groton",1,"single",16,FALSE,FALSE,"106",0
"929","Comm. Of Mass. (Other, non-reimbursable)","9291","Other Non Reimb Vacant","single use","Groton",1,"single",22,TRUE,FALSE,"106",0
"935","Improved, Municipal Public Safety","9351","Groton Public Safety C","single use","Groton",1,"single",22,FALSE,FALSE,"356",0
"941","Secondary Level (Educational Private)","9411","Private Secondary C","single use","Groton",1,"single",19,FALSE,FALSE,"941",1
"954","Function Halls, Community Centers, Fraternal Organizations (Charitable Org.)","9541","Fraternal Org C","single use","Groton",1,"single",15,FALSE,FALSE,"954",1
"960","Church, Mosque, Synagogue, Temple, etc...","9601","Church./Temple R","single use","Groton",1,"single",16,FALSE,FALSE,"960",1
"960","Church, Mosque, Synagogue, Temple, etc...","9602","Church./Temple C","single use","Groton",1,"single",16,FALSE,FALSE,"960",1
"970","Housing Authority","9701","Housing Authority C","single use","Groton",1,"single",19,FALSE,FALSE,"101",0
"970","Housing Authority","9702","Housing Auth Condo","single use","Groton",1,"single",18,FALSE,FALSE,"101",0
"971","Utility Authority - Electric, Light, Sewer, Water","9711","Utility Authority C","single use","Groton",1,"single",19,FALSE,FALSE,"317",0
"919","Comm. Of Mass. (Other)","901V","IMPUTED - (formerly Commonwealth of Massachusetts.  Removed June 2009.)","single use","Groton",1,"single",71,FALSE,FALSE,"901",0
"962","Other (Religious Org.)","906C","IMPUTED - (formerly Religious Organizations.  Removed June 2009.)","single use","Groton",1,"single",65,FALSE,FALSE,"962",1
"959","Housing, Other (Charitable Org.)","9591","IMPUTED - Housing, Other (Charitable Org.)","single use","Groton",1,"single",42,TRUE,FALSE,"101",0
"962","Other (Religious Org.)","906R","CHURCH ETC MDL-01","single use","Palmer",1,"single",17,FALSE,FALSE,"960",0
"962","Other (Religious Org.)","906V","CHURCH ETC MDL-00","single use","Palmer",1,"single",17,FALSE,FALSE,"960",0
"911","Division of Fish and Game Wildlife, Environmental Law Enforcement -- formerly Division of Fisheries and Wildlife, Environmental Law Enforcement","9111","DFW","single use","Palmer",1,"single",3,FALSE,FALSE,"921",0
"970","Housing Authority","908C","IMPUTED - (formerly Housing Authority.  Removed June 2009.)","single use","Palmer",1,"single",59,FALSE,FALSE,"101",0
"9000","United States Government","900 ","IMPUTED - United States Government","single use","Danvers",1,"single",34,FALSE,FALSE,"900",0
"962","Other (Religious Org.)","906 ","IMPUTED - (formerly Religious Organizations.  Removed June 2009.)","single use","Danvers",1,"single",65,FALSE,FALSE,"962",1
"914","Dept. of Mental Health (DMH) - Dept. of Mental Retardation","914 ","IMPUTED - Dept. of Mental Health (DMH) - Dept. of Mental Retardation","single use","Danvers",1,"single",68,FALSE,FALSE,"918",0
"916","Military Division - Campgrounds","916 ","IMPUTED - Military Division - Campgrounds","single use","Danvers",1,"single",41,FALSE,FALSE,"916",1
"917","Dept. of Education (DOE) - UMass., State Colleges, Community Colleges","917 ","IMPUTED - Dept. of Education (DOE) - UMass., State Colleges, Community Colleges","single use","Danvers",1,"single",79,FALSE,FALSE,"918",0
"922","Dept. of Corrections (DOC) - Division of Youth Services,Mass. Military,State Police,Sheriffs' Depts. (non-reimbursable)","922 ","IMPUTED - Dept. of Corrections (DOC) - Division of Youth Services,Mass. Military,State Police,Sheriffs' Depts. (non-reimbursable)","single use","Danvers",1,"single",129,FALSE,FALSE,"918",0
"923","Dept. of Public Health (DPH) - Soldiers' Homes, Dept. of Mental Health (DMH) - Dept. of Mental Retardation (non-reimburs","923 ","IMPUTED - Dept. of Public Health (DPH) - Soldiers' Homes, Dept. of Mental Health (DMH) - Dept. of Mental Retardation (non-reimburs","single use","Danvers",1,"single",130,FALSE,FALSE,"918",0
"924","Mass. Highway Dept. (MHD) (non-reimbursable)","924 ","IMPUTED - Mass. Highway Dept. (MHD) (non-reimbursable)","single use","Danvers",1,"single",54,FALSE,FALSE,"918",0
"927","Dept. of Education (DOE) - UMass., State Colleges, Community Colleges (non-reimbursable)","927 ","IMPUTED - Dept. of Education (DOE) - UMass., State Colleges, Community Colleges (non-reimbursable)","single use","Danvers",1,"single",98,FALSE,FALSE,"918",0
"928","Division of Capital Asset Management (DCAM) - Bureau of State Office Buildings (non-reimbursable)","928 ","IMPUTED - Division of Capital Asset Management (DCAM) - Bureau of State Office Buildings (non-reimbursable)","single use","Danvers",1,"single",107,FALSE,FALSE,"923",0
"929","Comm. Of Mass. (Other, non-reimbursable)","929 ","IMPUTED - Comm. Of Mass. (Other, non-reimbursable)","single use","Danvers",1,"single",50,TRUE,FALSE,"923",0
"930","Vacant, Selectmen or City Council (Municipal)","930 ","IMPUTED - Vacant, Selectmen or City Council (Municipal)","single use","Danvers",1,"single",55,FALSE,FALSE,"106",0
"932","Vacant, Conservation (Municipal or County)","932 ","IMPUTED - Vacant, Conservation (Municipal or County)","single use","Danvers",1,"single",52,FALSE,FALSE,"106",0
"934","Improved, Education (Municipal or County)","934 ","IMPUTED - Improved, Education (Municipal or County)","single use","Danvers",1,"single",51,FALSE,FALSE,"286",0
"935","Improved, Municipal Public Safety","935 ","IMPUTED - Improved, Municipal Public Safety","single use","Danvers",1,"single",43,FALSE,FALSE,"356",0
"936","Vacant, Tax Title/Treasurer","936 ","IMPUTED - Vacant, Tax Title/Treasurer","single use","Danvers",1,"single",37,FALSE,FALSE,"106",0
"940","Elementary Level (Educational Private)","940 ","IMPUTED - Elementary Level (Educational Private)","single use","Danvers",1,"single",48,FALSE,FALSE,"940",1
"941","Secondary Level (Educational Private)","941 ","IMPUTED - Secondary Level (Educational Private)","single use","Danvers",1,"single",47,FALSE,FALSE,"941",1
"946","Vacant (Educational Private)","946 ","IMPUTED - Vacant (Educational Private)","single use","Danvers",1,"single",38,FALSE,FALSE,"106",0
"953","Cemeteries (Charitable Org.)","953 ","IMPUTED - Cemeteries (Charitable Org.)","single use","Danvers",1,"single",38,FALSE,FALSE,"953",1
"954","Function Halls, Community Centers, Fraternal Organizations (Charitable Org.)","954 ","IMPUTED - Function Halls, Community Centers, Fraternal Organizations (Charitable Org.)","single use","Danvers",1,"single",86,FALSE,FALSE,"954",1
"955","Hospitals (Charitable Org.)","955 ","IMPUTED - Hospitals (Charitable Org.)","single use","Danvers",1,"single",37,FALSE,FALSE,"305",0
"956","Libraries, Museums (Charitable Org.)","956 ","IMPUTED - Libraries, Museums (Charitable Org.)","single use","Danvers",1,"single",46,FALSE,FALSE,"956",1
"957","Charitable Services","957 ","IMPUTED - Charitable Services","single use","Danvers",1,"single",29,FALSE,FALSE,"371",0
"959","Housing, Other (Charitable Org.)","959 ","IMPUTED - Housing, Other (Charitable Org.)","single use","Danvers",1,"single",42,TRUE,FALSE,"101",0
"960","Church, Mosque, Synagogue, Temple, etc...","960 ","IMPUTED - Church, Mosque, Synagogue, Temple, etc...","single use","Danvers",1,"single",51,FALSE,FALSE,"960",1
"961","Rectory or Parsonage","961 ","IMPUTED - Rectory or Parsonage","single use","Danvers",1,"single",30,FALSE,FALSE,"961",1
"962","Other (Religious Org.)","962 ","IMPUTED - Other (Religious Org.)","single use","Danvers",1,"single",32,TRUE,FALSE,"962",1
"970","Housing Authority","970 ","IMPUTED - Housing Authority","single use","Danvers",1,"single",27,FALSE,FALSE,"101",0
"982","Vacant, Conservation, Other City or Town","982 ","IMPUTED - Vacant, Conservation, Other City or Town","single use","Danvers",1,"single",50,TRUE,FALSE,"106",0
"990","121A Corporations","990 ","IMPUTED - 121A Corporations","single use","Danvers",1,"single",27,FALSE,FALSE,"502",0
"991","Vacant, County or Regional","991 ","IMPUTED - Vacant, County or Regional","single use","Danvers",1,"single",36,FALSE,FALSE,"106",0
"931","Improved, Selectmen or City Council (Municipal)","9035","(formerly Municipalities/Districts.  Removed June 2009.)","single use","Pelham",1,"single",56,FALSE,FALSE,"903",0
"962","Other (Religious Org.)","906V","Religious","single use","Pelham",1,"single",9,FALSE,FALSE,"962",1
"931","Improved, Selectmen or City Council (Municipal)","9031","Municipal Police","single use","Marlborough",1,"single",16,FALSE,FALSE,"922",0
"931","Improved, Selectmen or City Council (Municipal)","9032","Municipal Fire","single use","Marlborough",1,"single",14,FALSE,FALSE,"814",0
"931","Improved, Selectmen or City Council (Municipal)","9036","Exempt Condo","single use","Marlborough",1,"single",12,FALSE,FALSE,"102",0
"942","College or University (Educational Private)","9042","Private School C","single use","Marlborough",1,"single",16,FALSE,FALSE,"305",0
"962","Other (Religious Org.)","9062","Church C","single use","Marlborough",1,"single",8,FALSE,FALSE,"960",0
"962","Other (Religious Org.)","9065","Church R","single use","Marlborough",1,"single",8,FALSE,FALSE,"960",0
"940","Elementary Level (Educational Private)","9402","Non Profit C","single use","Marlborough",1,"single",12,FALSE,FALSE,"125",0
"994","Improved County or Regional Association Commission","9022","Ice Rink","single use","Marlborough",1,"single",8,FALSE,FALSE,"371",0
"920","Dept. of Conservation and Recreation (DCR) - Division of Urban Parks and Recreation (non-reimbursable)","9202","Ice Rink","single use","Marlborough",1,"single",8,FALSE,FALSE,"371",0
"930","Vacant, Selectmen or City Council (Municipal)","9305","Vacant Land","single use","Marlborough",1,"single",11,FALSE,FALSE,"106",0
"934","Improved, Education (Municipal or County)","9341","Elementary School","single use","Marlborough",1,"single",17,FALSE,FALSE,"940",0
"935","Improved, Municipal Public Safety","9351","Staffed Fire Station","single use","Marlborough",1,"single",20,FALSE,FALSE,"814",0
"941","Secondary Level (Educational Private)","9411","Church/Temple","single use","Marlborough",1,"single",13,FALSE,FALSE,"960",0
"954","Function Halls, Community Centers, Fraternal Organizations (Charitable Org.)","9541","Fraternal Hall","single use","Marlborough",1,"single",14,FALSE,FALSE,"954",1
"955","Hospitals (Charitable Org.)","9552","General Hospital","single use","Marlborough",1,"single",16,FALSE,FALSE,"340",0
"957","Charitable Services","9571","Elementary School","single use","Marlborough",1,"single",17,FALSE,FALSE,"940",0
"958","Recreation, Active Use (Charitable Org.)","9582","Elementary School","single use","Marlborough",1,"single",17,FALSE,FALSE,"940",0
"960","Church, Mosque, Synagogue, Temple, etc...","9602","Church/Temple","single use","Marlborough",1,"single",13,FALSE,FALSE,"960",1
"961","Rectory or Parsonage","9612","Fraternal Hall","single use","Marlborough",1,"single",14,FALSE,FALSE,"954",0
"970","Housing Authority","9701","Apartment","single use","Marlborough",1,"single",9,FALSE,FALSE,"361",0
"994","Improved County or Regional Association Commission","9941","Government Bldg","single use","Marlborough",1,"single",15,FALSE,FALSE,"900",0
"996","Other, Non-Taxable Condominium Common Land","9963","Condo Office","single use","Marlborough",1,"single",12,FALSE,FALSE,"928",0
"947","Other (Educational Private)","9473","IMPUTED - Other (Educational Private)","single use","Marlborough",1,"single",37,TRUE,FALSE,"305",0
"957","Charitable Services","9573","IMPUTED - Charitable Services","single use","Marlborough",1,"single",29,FALSE,FALSE,"371",0
"942","College or University (Educational Private)","904V","9040- VAC","single use","Westhampton",1,"single",9,FALSE,FALSE,"106",0
"951","Other (Charitable Org.)","905V","NONPROFIT - VAC","single use","Westhampton",1,"single",15,FALSE,FALSE,"106",0
"962","Other (Religious Org.)","906V","CHURCH - VAC","single use","Westhampton",1,"single",12,FALSE,FALSE,"960",0
"970","Housing Authority","9701","HOUSING AUTHORITY - RES","single use","Westhampton",1,"single",23,FALSE,FALSE,"101",0
"9000","United States Government","900R","US Government, table R","single use","Hudson",1,"single",22,FALSE,FALSE,"900",0
"922","Dept. of Corrections (DOC) - Division of Youth Services,Mass. Military,State Police,Sheriffs' Depts. (non-reimbursable)","9221","Comm of Massachusetts, table 1","single use","Hudson",1,"single",30,FALSE,FALSE,"901",0
"957","Charitable Services","957R","Charitable Services, table R","single use","Hudson",1,"single",28,FALSE,FALSE,"371",0
"959","Housing, Other (Charitable Org.)","959R","Charitable Housing,  table R","single use","Hudson",1,"single",28,FALSE,FALSE,"101",0
"922","Dept. of Corrections (DOC) - Division of Youth Services,Mass. Military,State Police,Sheriffs' Depts. (non-reimbursable)","922I","Dept. of Corrections (DOC) - Division of Youth Services,Mass. Military,State Police,Sheriffs' Depts. (non-reimbursable), table I","single use","Hudson",1,"single",128,FALSE,FALSE,"918",0
"931","Improved, Selectmen or City Council (Municipal)","9032","Municipal Property","single use","Hubbardston",1,"single",18,FALSE,FALSE,"505",0
"931","Improved, Selectmen or City Council (Municipal)","9033","Municipal Property","single use","Hubbardston",1,"single",18,FALSE,FALSE,"505",0
"931","Improved, Selectmen or City Council (Municipal)","9034","Municipal Property","single use","Hubbardston",1,"single",18,FALSE,FALSE,"505",0
"931","Improved, Selectmen or City Council (Municipal)","9035","Municipal Property","single use","Hubbardston",1,"single",18,FALSE,FALSE,"505",0
"931","Improved, Selectmen or City Council (Municipal)","903R","Municipal Property","single use","Hubbardston",1,"single",18,FALSE,FALSE,"505",0
"931","Improved, Selectmen or City Council (Municipal)","903V","Municipal Property","single use","Hubbardston",1,"single",18,FALSE,FALSE,"505",0
"951","Other (Charitable Org.)","905R","IMPUTED - Private Hospital","single use","Hubbardston",1,"single",26,FALSE,FALSE,"305",0
"962","Other (Religious Org.)","906C","Church Etc","single use","Duxbury",1,"single",10,FALSE,FALSE,"960",0
"924","Mass. Highway Dept. (MHD) (non-reimbursable)","924I","Highway","single use","Duxbury",1,"single",7,FALSE,FALSE,"924",1
"932","Vacant, Conservation (Municipal or County)","932V","Unbuildable","single use","Duxbury",1,"single",11,FALSE,FALSE,"132",0
"940","Elementary Level (Educational Private)","940C","Edu. Private Elem.","single use","Duxbury",1,"single",18,FALSE,FALSE,"305",0
"951","Other (Charitable Org.)","951C","Commercial Other","single use","Duxbury",1,"single",16,TRUE,FALSE,"813",0
"954","Function Halls, Community Centers, Fraternal Organizations (Charitable Org.)","954R","Function, Frat","single use","Duxbury",1,"single",14,FALSE,FALSE,"954",1
"956","Libraries, Museums (Charitable Org.)","956R","Libraries, Musuems","single use","Duxbury",1,"single",18,FALSE,FALSE,"956",1
"958","Recreation, Active Use (Charitable Org.)","958R","Rec. Active","single use","Duxbury",1,"single",11,FALSE,FALSE,"958",1
"959","Housing, Other (Charitable Org.)","959R","Hsing Other","single use","Duxbury",1,"single",11,TRUE,FALSE,"101",0
"960","Church, Mosque, Synagogue, Temple, etc...","960R","Church","single use","Duxbury",1,"single",6,FALSE,FALSE,"960",1
"960","Church, Mosque, Synagogue, Temple, etc...","960V","Church","single use","Duxbury",1,"single",6,FALSE,FALSE,"960",1
"970","Housing Authority","970R","Housing Auth","single use","Duxbury",1,"single",12,FALSE,FALSE,"101",0
"971","Utility Authority - Electric, Light, Sewer, Water","971I","Utility","single use","Duxbury",1,"single",7,FALSE,FALSE,"317",0
"971","Utility Authority - Electric, Light, Sewer, Water","971R","Utility","single use","Duxbury",1,"single",7,FALSE,FALSE,"317",0
"954","Function Halls, Community Centers, Fraternal Organizations (Charitable Org.)","954V","Function","single use","Duxbury",1,"single",8,FALSE,FALSE,"954",1
"958","Recreation, Active Use (Charitable Org.)","958V","Rec Active","single use","Duxbury",1,"single",10,FALSE,FALSE,"958",1
"970","Housing Authority","970C","Housing Auth","single use","Duxbury",1,"single",12,FALSE,FALSE,"101",0
"962","Other (Religious Org.)","906V","CHURCH ETC MDL-00","single use","Barre",1,"single",17,FALSE,FALSE,"960",0
"930","Vacant, Selectmen or City Council (Municipal)","930C","MUN VAC/OTBLDG","single use","Barre",1,"single",14,FALSE,FALSE,"106",0
"930","Vacant, Selectmen or City Council (Municipal)","930G","TOWN CEMETERY","single use","Barre",1,"single",13,FALSE,FALSE,"953",0
"961","Rectory or Parsonage","961R","RELIG AFFL HSNG","single use","Barre",1,"single",15,FALSE,FALSE,"962",0
"962","Other (Religious Org.)","962V","RELIG VACANT","single use","Barre",1,"single",12,FALSE,FALSE,"962",1
"931","Improved, Selectmen or City Council (Municipal)","9035","Town Property","single use","Barre",1,"single",13,FALSE,FALSE,"505",0
"939","Improved, District (County)","939I","Improved, District (County)","single use","Wareham",1,"single",27,FALSE,FALSE,"286",0
"939","Improved, District (County)","939V","Improved, District (County)","single use","Wareham",1,"single",27,FALSE,FALSE,"286",0
"954","Function Halls, Community Centers, Fraternal Organizations (Charitable Org.)","954C","Function Halls, Community Centers, Fraternal Organizations (Charitable Org.)","single use","Wareham",1,"single",76,FALSE,FALSE,"954",1
"954","Function Halls, Community Centers, Fraternal Organizations (Charitable Org.)","954V","Function Halls, Community Centers, Fraternal Organizations (Charitable Org.)","single use","Wareham",1,"single",76,FALSE,FALSE,"954",1
"955","Hospitals (Charitable Org.)","955I","Hospitals (Charitable Org.)","single use","Wareham",1,"single",27,FALSE,FALSE,"305",0
"957","Charitable Services","957C","Charitable Services","single use","Wareham",1,"single",19,FALSE,FALSE,"371",0
"957","Charitable Services","957V","Charitable Services","single use","Wareham",1,"single",19,FALSE,FALSE,"371",0
"960","Church, Mosque, Synagogue, Temple, etc...","960C","Church, Mosque, Synagogue, Temple, etc...","single use","Wareham",1,"single",41,FALSE,FALSE,"960",1
"960","Church, Mosque, Synagogue, Temple, etc...","960R","Church, Mosque, Synagogue, Temple, etc...","single use","Wareham",1,"single",41,FALSE,FALSE,"960",1
"962","Other (Religious Org.)","962C","Other (Religious Org.)","single use","Wareham",1,"single",22,TRUE,FALSE,"962",1
"962","Other (Religious Org.)","962I","Other (Religious Org.)","single use","Wareham",1,"single",22,TRUE,FALSE,"962",1
"962","Other (Religious Org.)","962V","Other (Religious Org.)","single use","Wareham",1,"single",22,TRUE,FALSE,"962",1
"970","Housing Authority","970C","Housing Authority","single use","Wareham",1,"single",17,FALSE,FALSE,"101",0
"970","Housing Authority","970V","Housing Authority","single use","Wareham",1,"single",17,FALSE,FALSE,"101",0
"960","Church, Mosque, Synagogue, Temple, etc...","960V","Church, Mosque, Synagogue, Temple, etc...","single use","Wareham",1,"single",41,FALSE,FALSE,"960",1
"924","Mass. Highway Dept. (MHD) (non-reimbursable)","924V","IMPUTED - Mass. Highway Dept. (MHD) (non-reimbursable)","single use","Wareham",1,"single",54,FALSE,FALSE,"918",0
"924","Mass. Highway Dept. (MHD) (non-reimbursable)","924C","Mass Xway mdl 94","single use","Wareham",1,"single",16,FALSE,FALSE,"306",0
"928","Division of Capital Asset Management (DCAM) - Bureau of State Office Buildings (non-reimbursable)","928V","IMPUTED - Division of Capital Asset Management (DCAM) - Bureau of State Office Buildings (non-reimbursable)","single use","Wareham",1,"single",107,FALSE,FALSE,"923",0
"914","Dept. of Mental Health (DMH) - Dept. of Mental Retardation","914C","Dept. of Mental Health (DMH) - Dept. of Mental Retardation","single use","Wareham",1,"single",58,FALSE,FALSE,"918",0
"923","Dept. of Public Health (DPH) - Soldiers' Homes, Dept. of Mental Health (DMH) - Dept. of Mental Retardation (non-reimburs","923V","Dept. of Public Health (DPH) - Soldiers' Homes, Dept. of Mental Health (DMH) - Dept. of Mental Retardation (non-reimburs","single use","Wareham",1,"single",120,FALSE,FALSE,"918",0
"934","Improved, Education (Municipal or County)","934V","Improved, Education (Municipal or County)","single use","Wareham",1,"single",41,FALSE,FALSE,"286",0
"939","Improved, District (County)","939C","Improved, District (County)","single use","Wareham",1,"single",27,FALSE,FALSE,"286",0
"931","Improved, Selectmen or City Council (Municipal)","9032","Fire","single use","Hingham",1,"single",4,FALSE,FALSE,"814",0
"962","Other (Religious Org.)","906C","Church etc.","single use","Hingham",1,"single",11,FALSE,FALSE,"960",0
"962","Other (Religious Org.)","906R","Church etc.","single use","Hingham",1,"single",11,FALSE,FALSE,"960",0
"911","Division of Fish and Game Wildlife, Environmental Law Enforcement -- formerly Division of Fisheries and Wildlife, Environmental Law Enforcement","911V","DFW","single use","Hingham",1,"single",3,FALSE,FALSE,"921",0
"924","Mass. Highway Dept. (MHD) (non-reimbursable)","924V","Highway Vac","single use","Hingham",1,"single",11,FALSE,FALSE,"924",1
"954","Function Halls, Community Centers, Fraternal Organizations (Charitable Org.)","954V","Function","single use","Hingham",1,"single",8,FALSE,FALSE,"954",1
"958","Recreation, Active Use (Charitable Org.)","958V","Rec Active","single use","Hingham",1,"single",10,FALSE,FALSE,"958",1
"960","Church, Mosque, Synagogue, Temple, etc...","960V","Church","single use","Hingham",1,"single",6,FALSE,FALSE,"960",1
"970","Housing Authority","970C","Housing Auth","single use","Hingham",1,"single",12,FALSE,FALSE,"101",0
"970","Housing Authority","970R","Housing Auth","single use","Hingham",1,"single",12,FALSE,FALSE,"101",0
"931","Improved, Selectmen or City Council (Municipal)","903U","Ex Condo","single use","Hingham",1,"single",8,FALSE,FALSE,"102",0
"928","Division of Capital Asset Management (DCAM) - Bureau of State Office Buildings (non-reimbursable)","928I","Exempt- Division of capital asset management, bureau of state office buildings","single use","Abington",1,"single",78,FALSE,FALSE,"928",1
"934","Improved, Education (Municipal or County)","934C","Exempt- Improved, school dept owned, comm model","single use","Abington",1,"single",47,FALSE,FALSE,"918",0
"935","Improved, Municipal Public Safety","935C","Exempt- Improved, municipal public safety owned, comm model","single use","Abington",1,"single",59,FALSE,FALSE,"356",0
"939","Improved, District (County)","939C","Exempt- Vacant, acquired via tax title, comm model","single use","Abington",1,"single",50,FALSE,FALSE,"106",0
"954","Function Halls, Community Centers, Fraternal Organizations (Charitable Org.)","954C","Exempt- Function hall, community center, fraternal organizations, comm model","single use","Abington",1,"single",76,FALSE,FALSE,"954",1
"957","Charitable Services","957C","Exempt- Charitable services, comm model","single use","Abington",1,"single",39,FALSE,FALSE,"371",0
"957","Charitable Services","957R","Exempt- Charitable services, res model","single use","Abington",1,"single",38,FALSE,FALSE,"371",0
"959","Housing, Other (Charitable Org.)","959R","Exempt- Charitable Housing, res model","single use","Abington",1,"single",37,FALSE,FALSE,"101",0
"960","Church, Mosque, Synagogue, Temple, etc...","960C","Exempt- Church, mosque, synagogue, temple, etc., comm model","single use","Abington",1,"single",59,FALSE,FALSE,"960",1
"970","Housing Authority","970C","Exempt- Housing authority, comm model","single use","Abington",1,"single",37,FALSE,FALSE,"101",0
"970","Housing Authority","970R","Exempt- Housing authority, res model","single use","Abington",1,"single",36,FALSE,FALSE,"101",0
"960","Church, Mosque, Synagogue, Temple, etc...","960R","Exempt - Religious organization","single use","Abington",1,"single",31,FALSE,FALSE,"962",0
"109","Multiple Houses on one parcel","937R","Improved, tax-title parcel, valued residentially","single use","Abington",1,"single",48,FALSE,FALSE,"109",1
"9000","United States Government","900R","US GOVERNMENT
","single use","Hadley",1,"single",15,FALSE,FALSE,"900",0
"940","Elementary Level (Educational Private)","940R","EDUCATIONAL - RESIDENTIAL
","single use","Hadley",1,"single",27,FALSE,FALSE,"351",0
"940","Elementary Level (Educational Private)","940V","EDUCATIONAL - ELEMENTARY
","single use","Hadley",1,"single",26,FALSE,FALSE,"940",1
"942","College or University (Educational Private)","942V","EDUCATIONAL COLL - VACANT
","single use","Hadley",1,"single",27,FALSE,FALSE,"106",0
"962","Other (Religious Org.)","962V","RELIGIOUS - VACANT
","single use","Hadley",1,"single",20,FALSE,FALSE,"962",1
"931","Improved, Selectmen or City Council (Municipal)","9033","PUBLIC SCHOOL","single use","Hadley",1,"single",13,FALSE,FALSE,"356",0
"962","Other (Religious Org.)","906I","RELIGIOUS","single use","Hadley",1,"single",9,FALSE,FALSE,"962",1
"951","Other (Charitable Org.)","905C","IMPUTED - (formerly Charitable Organizations (private hospitals, etc...).  Removed June 2009. )","single use","Hadley",1,"single",95,FALSE,FALSE,"305",0
"931","Improved, Selectmen or City Council (Municipal)","903L","IMPUTED - (formerly Municipalities/Districts.  Removed June 2009.)","single use","Hadley",1,"single",66,FALSE,FALSE,"903",0
"919","Comm. Of Mass. (Other)","901V","IMPUTED - (formerly Commonwealth of Massachusetts.  Removed June 2009.)","single use","Westwood",1,"single",71,FALSE,FALSE,"901",0
"931","Improved, Selectmen or City Council (Municipal)","9032","IMPUTED - (formerly Municipalities/Districts.  Removed June 2009.)","single use","Westwood",1,"single",66,FALSE,FALSE,"903",0
"931","Improved, Selectmen or City Council (Municipal)","903C","IMPUTED - (formerly Municipalities/Districts.  Removed June 2009.)","single use","Westwood",1,"single",66,FALSE,FALSE,"903",0
"931","Improved, Selectmen or City Council (Municipal)","903R","IMPUTED - (formerly Municipalities/Districts.  Removed June 2009.)","single use","Westwood",1,"single",66,FALSE,FALSE,"903",0
"951","Other (Charitable Org.)","9051","IMPUTED - (formerly Charitable Organizations (private hospitals, etc...).  Removed June 2009. )","single use","Westwood",1,"single",95,FALSE,FALSE,"305",0
"962","Other (Religious Org.)","906C","IMPUTED - (formerly Religious Organizations.  Removed June 2009.)","single use","Westwood",1,"single",65,FALSE,FALSE,"962",1
"931","Improved, Selectmen or City Council (Municipal)","9035","Town-Prop  Vac","single use","Shrewsbury",1,"single",14,FALSE,FALSE,"106",0
"931","Improved, Selectmen or City Council (Municipal)","903V","Municipal Vac","single use","Shrewsbury",1,"single",13,FALSE,FALSE,"106",0
"962","Other (Religious Org.)","906R","Church Etc Res","single use","Shrewsbury",1,"single",14,FALSE,FALSE,"960",0
"914","Dept. of Mental Health (DMH) - Dept. of Mental Retardation","914V","Comm Mass Dmh Vac","single use","Shrewsbury",1,"single",17,FALSE,FALSE,"106",0
"915","Dept. of Conservation and Recreation (DCR) - Division of Water Supply Protection","915V","Ex Vac","single use","Shrewsbury",1,"single",6,FALSE,FALSE,"106",0
"919","Comm. Of Mass. (Other)","919V","Ex Vac","single use","Shrewsbury",1,"single",6,FALSE,FALSE,"106",0
"920","Dept. of Conservation and Recreation (DCR) - Division of Urban Parks and Recreation (non-reimbursable)","920V","Non Profit  Vac","single use","Shrewsbury",1,"single",15,FALSE,FALSE,"106",0
"933","Vacant, Education (Municipal or County)","933V","Ex Vac","single use","Shrewsbury",1,"single",6,FALSE,FALSE,"106",0
"934","Improved, Education (Municipal or County)","934V","Municip - Ed Vac","single use","Shrewsbury",1,"single",16,FALSE,FALSE,"106",0
"935","Improved, Municipal Public Safety","935V","Municip - Pub Safety Vac","single use","Shrewsbury",1,"single",24,FALSE,FALSE,"106",0
"936","Vacant, Tax Title/Treasurer","936V","Ex Vac","single use","Shrewsbury",1,"single",6,FALSE,FALSE,"106",0
"940","Elementary Level (Educational Private)","9401","Private Educ R","single use","Shrewsbury",1,"single",14,FALSE,FALSE,"305",0
"941","Secondary Level (Educational Private)","9411","Priv Educ Secondary R","single use","Shrewsbury",1,"single",21,FALSE,FALSE,"941",1
"941","Secondary Level (Educational Private)","941V","Ex Vac","single use","Shrewsbury",1,"single",6,FALSE,FALSE,"106",0
"944","Auxiliary Athletic (Educational Private)","944V","Ex Vac","single use","Shrewsbury",1,"single",6,FALSE,FALSE,"106",0
"946","Vacant (Educational Private)","946V","Ex Vac","single use","Shrewsbury",1,"single",6,FALSE,FALSE,"106",0
"950","Vacant, Conservation Organizations (Charitable Org.)","950V","Ex Vac","single use","Shrewsbury",1,"single",6,FALSE,FALSE,"106",0
"953","Cemeteries (Charitable Org.)","953V","Ex Vac","single use","Shrewsbury",1,"single",6,FALSE,FALSE,"106",0
"960","Church, Mosque, Synagogue, Temple, etc...","9601","Church/Temple R","single use","Shrewsbury",1,"single",15,FALSE,FALSE,"960",1
"960","Church, Mosque, Synagogue, Temple, etc...","9602","Church/Temple C","single use","Shrewsbury",1,"single",15,FALSE,FALSE,"960",1
"961","Rectory or Parsonage","9611","Rectory/Parsonage R","single use","Shrewsbury",1,"single",19,FALSE,FALSE,"961",1
"961","Rectory or Parsonage","9612","Rectory/Parsonage C","single use","Shrewsbury",1,"single",19,FALSE,FALSE,"961",1
"961","Rectory or Parsonage","961V","Ex Vac","single use","Shrewsbury",1,"single",6,FALSE,FALSE,"106",0
"962","Other (Religious Org.)","962V","Religious - Other Vac","single use","Shrewsbury",1,"single",21,TRUE,FALSE,"962",1
"9000","United States Government","900V","US Gov, Vacant","single use","Millis",1,"single",14,FALSE,FALSE,"106",0
"970","Housing Authority","970R","Housing Authority","single use","Shrewsbury",1,"single",17,FALSE,FALSE,"101",0
"971","Utility Authority - Electric, Light, Sewer, Water","971V","Housing Authority Vac","single use","Shrewsbury",1,"single",21,FALSE,FALSE,"101",0
"974","Vacant, Utility Authority","974V","Ex Vac","single use","Shrewsbury",1,"single",6,FALSE,FALSE,"106",0
"980","Vacant, Selectmen or City Council, Other City or Town (Municipal)","980V","Ex Vac","single use","Shrewsbury",1,"single",6,FALSE,FALSE,"106",0
"996","Other, Non-Taxable Condominium Common Land","996C","Condo Land - ?","single use","Shrewsbury",1,"single",14,FALSE,FALSE,"102",0
"996","Other, Non-Taxable Condominium Common Land","996R","Condo Land - ?","single use","Shrewsbury",1,"single",14,FALSE,FALSE,"102",0
"996","Other, Non-Taxable Condominium Common Land","996V","Condo Land ?","single use","Shrewsbury",1,"single",12,FALSE,FALSE,"102",0
"942","College or University (Educational Private)","904C","IMPUTED - (formerly Colleges, Schools(private).  Removed June 2009. )","single use","Shrewsbury",1,"single",69,FALSE,FALSE,"904",0
"962","Other (Religious Org.)","9061","CHURCH R","single use","Middleborough",1,"single",8,FALSE,FALSE,"960",0
"962","Other (Religious Org.)","9062","CHURCH C","single use","Middleborough",1,"single",8,FALSE,FALSE,"960",0
"962","Other (Religious Org.)","906C","CHURCH R","single use","Middleborough",1,"single",8,FALSE,FALSE,"960",0
"951","Other (Charitable Org.)","951V","CHARITY OTHER VAC","single use","Middleborough",1,"single",17,TRUE,FALSE,"106",0
"924","Mass. Highway Dept. (MHD) (non-reimbursable)","9244","NR HIGHWAY","single use","Middleborough",1,"single",10,FALSE,FALSE,"924",1
"924","Mass. Highway Dept. (MHD) (non-reimbursable)","9245","NR HIGHWAY","single use","Middleborough",1,"single",10,FALSE,FALSE,"924",1
"951","Other (Charitable Org.)","9512","CHARIT OTHER VAC","single use","Middleborough",1,"single",16,TRUE,FALSE,"106",0
"953","Cemeteries (Charitable Org.)","9531","CEMETERIES IMPRV","single use","Middleborough",1,"single",16,FALSE,FALSE,"953",1
"957","Charitable Services","9573","CHAR SVC CONDO","single use","Middleborough",1,"single",14,FALSE,FALSE,"102",0
"960","Church, Mosque, Synagogue, Temple, etc...","9601","CHURCH MDL-68","single use","Middleborough",1,"single",13,FALSE,FALSE,"960",1
"931","Improved, Selectmen or City Council (Municipal)","9311","VAC TREASURER TT","single use","Middleborough",1,"single",16,FALSE,FALSE,"106",0
"924","Mass. Highway Dept. (MHD) (non-reimbursable)","9246","NR HIGHWAY
","single use","Middleborough",1,"single",11,FALSE,FALSE,"924",1
"959","Housing, Other (Charitable Org.)","9591","HOUSING, OTH","single use","Middleborough",1,"single",12,FALSE,FALSE,"101",0
"933","Vacant, Education (Municipal or County)","933V","IMPUTED - Vacant, Education (Municipal or County)","single use","East Longmeadow",1,"single",49,FALSE,FALSE,"106",0
"959","Housing, Other (Charitable Org.)","959R","IMPUTED - Housing, Other (Charitable Org.)","single use","East Longmeadow",1,"single",42,TRUE,FALSE,"101",0
"961","Rectory or Parsonage","961R","IMPUTED - Rectory or Parsonage","single use","East Longmeadow",1,"single",30,FALSE,FALSE,"961",1
"962","Other (Religious Org.)","962V","IMPUTED - Other (Religious Org.)","single use","East Longmeadow",1,"single",32,TRUE,FALSE,"962",1
"970","Housing Authority","970R","IMPUTED - Housing Authority","single use","East Longmeadow",1,"single",27,FALSE,FALSE,"101",0
"919","Comm. Of Mass. (Other)","901V","Commonwealth of Mass Vacant Land Code","single use","Ashburnham",1,"single",37,FALSE,FALSE,"901",0
"931","Improved, Selectmen or City Council (Municipal)","903V","Municipal Vacant Land","single use","Ashburnham",1,"single",21,FALSE,FALSE,"106",0
"942","College or University (Educational Private)","904R","Private School","single use","Ashburnham",1,"single",14,FALSE,FALSE,"305",0
"942","College or University (Educational Private)","904V","Private School Vacant Land","single use","Ashburnham",1,"single",26,FALSE,FALSE,"106",0
"951","Other (Charitable Org.)","905V","Charitable Organization Vacant Land","single use","Ashburnham",1,"single",35,FALSE,FALSE,"106",0
"962","Other (Religious Org.)","9065","Church House","single use","Ashburnham",1,"single",12,FALSE,FALSE,"960",0
"920","Dept. of Conservation and Recreation (DCR) - Division of Urban Parks and Recreation (non-reimbursable)","920V","DCR Urban Parks & Rec","single use","Ashburnham",1,"single",21,FALSE,FALSE,"103",0
"962","Other (Religious Org.)","906V","IMPUTED - Religious Institution","single use","Ashburnham",1,"single",31,FALSE,FALSE,"962",1
"931","Improved, Selectmen or City Council (Municipal)","903C","IMPUTED - (formerly Municipalities/Districts.  Removed June 2009.)","single use","Ashburnham",1,"single",66,FALSE,FALSE,"903",0
"931","Improved, Selectmen or City Council (Municipal)","9031","POLICE","single use","Newburyport",1,"single",6,FALSE,FALSE,"922",0
"931","Improved, Selectmen or City Council (Municipal)","9032","FIRE","single use","Newburyport",1,"single",4,FALSE,FALSE,"814",0
"962","Other (Religious Org.)","906C","CHURCH ETC  MDL-94","single use","Newburyport",1,"single",18,FALSE,FALSE,"960",0
"962","Other (Religious Org.)","906I","CHURCH ETC  MDL-96","single use","Newburyport",1,"single",18,FALSE,FALSE,"960",0
"921","Division of Fish and Game (DFW, formerly DFWELE), DFW Environmental Law Enforcement, Dept. of Environmental Protection (non-reimbursable)","921C","CONDO/XMPT  MDL-94","single use","Newburyport",1,"single",18,FALSE,FALSE,"102",0
"921","Division of Fish and Game (DFW, formerly DFWELE), DFW Environmental Law Enforcement, Dept. of Environmental Protection (non-reimbursable)","921I","CONDO/XMPT  MDL-96","single use","Newburyport",1,"single",18,FALSE,FALSE,"102",0
"921","Division of Fish and Game (DFW, formerly DFWELE), DFW Environmental Law Enforcement, Dept. of Environmental Protection (non-reimbursable)","921R","CONDO/XMPT  MDL-01","single use","Newburyport",1,"single",18,FALSE,FALSE,"102",0
"930","Vacant, Selectmen or City Council (Municipal)","930R","CHARTBL 01","single use","Newburyport",1,"single",10,FALSE,FALSE,"361",0
"930","Vacant, Selectmen or City Council (Municipal)","930V","CHARTBL 00","single use","Newburyport",1,"single",10,FALSE,FALSE,"361",0
"920","Dept. of Conservation and Recreation (DCR) - Division of Urban Parks and Recreation (non-reimbursable)","920V","NON PROFIT MDL-00","single use","Worcester",1,"single",17,FALSE,FALSE,"125",0
"935","Improved, Municipal Public Safety","935V","PUBLIC SAFETY","single use","Worcester",1,"single",13,FALSE,FALSE,"356",0
"942","College or University (Educational Private)","942V","UNIVERSITY VACANT","single use","Worcester",1,"single",17,FALSE,FALSE,"942",1
"959","Housing, Other (Charitable Org.)","959V","HOUSING","single use","Worcester",1,"single",7,FALSE,FALSE,"101",0
"962","Other (Religious Org.)","962V","CHURCH ETC MDL-00","single use","Worcester",1,"single",17,FALSE,FALSE,"960",0
"973","Vacant, Housing Authority","973V","HOUSING","single use","Worcester",1,"single",7,FALSE,FALSE,"101",0
"942","College or University (Educational Private)","942C","EXEMPT UNIVERSITY CONDO","single use","Worcester",1,"single",23,FALSE,FALSE,"942",1
"951","Other (Charitable Org.)","9512","EXEMPT CHARITABLE CONDO","single use","Worcester",1,"single",23,FALSE,FALSE,"102",0
"951","Other (Charitable Org.)","951V","EXEMPT VACANT LAND","single use","Worcester",1,"single",18,FALSE,FALSE,"106",0
"953","Cemeteries (Charitable Org.)","953V","EXEMPT VACANT LAND","single use","Worcester",1,"single",18,FALSE,FALSE,"106",0
"954","Function Halls, Community Centers, Fraternal Organizations (Charitable Org.)","954V","EXEMPT VACANT LAND","single use","Worcester",1,"single",18,FALSE,FALSE,"106",0
"955","Hospitals (Charitable Org.)","955V","EXEMPT VACANT LAND","single use","Worcester",1,"single",18,FALSE,FALSE,"106",0
"956","Libraries, Museums (Charitable Org.)","956V","EXEMPT VACANT LAND","single use","Worcester",1,"single",18,FALSE,FALSE,"106",0
"957","Charitable Services","957V","EXEMPT VACANT LAND","single use","Worcester",1,"single",18,FALSE,FALSE,"106",0
"958","Recreation, Active Use (Charitable Org.)","958V","EXEMPT VACANT LAND","single use","Worcester",1,"single",18,FALSE,FALSE,"106",0
"975","Vacant, Transportation Authority","975V","EXEMPT VACANT LAND","single use","Worcester",1,"single",18,FALSE,FALSE,"106",0
"931","Improved, Selectmen or City Council (Municipal)","9033","IMPUTED - (formerly Municipalities/Districts.  Removed June 2009.)","single use","Worcester",1,"single",66,FALSE,FALSE,"903",0
"928","Division of Capital Asset Management (DCAM) - Bureau of State Office Buildings (non-reimbursable)","928V","IMPUTED - Division of Capital Asset Management (DCAM) - Bureau of State Office Buildings (non-reimbursable)","single use","Worcester",1,"single",107,FALSE,FALSE,"923",0
"996","Other, Non-Taxable Condominium Common Land","996P","CONDO PARKING","single use","Newburyport",1,"single",13,FALSE,FALSE,"102",0
"962","Other (Religious Org.)","906T","Retail Condo","single use","Newburyport",1,"single",12,FALSE,FALSE,"102",0
"954","Function Halls, Community Centers, Fraternal Organizations (Charitable Org.)","954C","Function Charity M94","single use","Mattapoisett",1,"single",20,FALSE,FALSE,"954",1
"959","Housing, Other (Charitable Org.)","959R","Housing Authority M01","single use","Mattapoisett",1,"single",21,FALSE,FALSE,"101",0
"962","Other (Religious Org.)","962C","Religious Other M96","single use","Mattapoisett",1,"single",19,TRUE,FALSE,"962",1
"962","Other (Religious Org.)","962R","Religious","single use","Mattapoisett",1,"single",9,FALSE,FALSE,"962",1
"970","Housing Authority","970C","Housing Auth M94","single use","Mattapoisett",1,"single",16,FALSE,FALSE,"101",0
"931","Improved, Selectmen or City Council (Municipal)","931I","IMPROVED HIGHWAY","single use","Rehoboth",1,"single",16,FALSE,FALSE,"924",0
"940","Elementary Level (Educational Private)","940C","ELEMENTARY LEVEL","single use","Rehoboth",1,"single",16,FALSE,FALSE,"940",1
"957","Charitable Services","957C","CHARITIBLE SERVICE I","single use","Rehoboth",1,"single",20,FALSE,FALSE,"371",0
"957","Charitable Services","957R","CHARITABLE SERVICE R","single use","Rehoboth",1,"single",20,FALSE,FALSE,"371",0
"960","Church, Mosque, Synagogue, Temple, etc...","960C","CHURCH","single use","Rehoboth",1,"single",6,FALSE,FALSE,"960",1
"960","Church, Mosque, Synagogue, Temple, etc...","960R","CHURCH","single use","Rehoboth",1,"single",6,FALSE,FALSE,"960",1
"962","Other (Religious Org.)","906C","CHURCH  C","single use","Lowell",1,"single",9,FALSE,FALSE,"960",0
"920","Dept. of Conservation and Recreation (DCR) - Division of Urban Parks and Recreation (non-reimbursable)","920C","DEPT CONS/PARKS NR","single use","Lowell",1,"single",18,FALSE,FALSE,"918",0
"928","Division of Capital Asset Management (DCAM) - Bureau of State Office Buildings (non-reimbursable)","928C","DIV CAP ASSET    NR","single use","Lowell",1,"single",19,FALSE,FALSE,"928",1
"931","Improved, Selectmen or City Council (Municipal)","9311","City of Lowell C","single use","Lowell",1,"single",16,FALSE,FALSE,"918",0
"934","Improved, Education (Municipal or County)","9341","Lowell Education C","single use","Lowell",1,"single",18,FALSE,FALSE,"918",0
"935","Improved, Municipal Public Safety","9351","Public Safety C","single use","Lowell",1,"single",15,FALSE,FALSE,"356",0
"940","Elementary Level (Educational Private)","9401","Priv Elementary C","single use","Lowell",1,"single",17,FALSE,FALSE,"940",1
"941","Secondary Level (Educational Private)","9411","Priv Secondary C","single use","Lowell",1,"single",16,FALSE,FALSE,"941",1
"951","Other (Charitable Org.)","9513","Char Other Condo","single use","Lowell",1,"single",16,TRUE,FALSE,"102",0
"953","Cemeteries (Charitable Org.)","9532","Cemeteries C","single use","Lowell",1,"single",12,FALSE,FALSE,"953",1
"956","Libraries, Museums (Charitable Org.)","9561","Library/Museum C","single use","Lowell",1,"single",16,FALSE,FALSE,"956",1
"957","Charitable Services","9571","Char Services C","single use","Lowell",1,"single",15,FALSE,FALSE,"371",0
"958","Recreation, Active Use (Charitable Org.)","9582","Char Rec Activity C","single use","Lowell",1,"single",19,FALSE,FALSE,"106",0
"959","Housing, Other (Charitable Org.)","9591","Char Housing R","single use","Lowell",1,"single",14,FALSE,FALSE,"101",0
"959","Housing, Other (Charitable Org.)","9592","Char Housing C","single use","Lowell",1,"single",14,FALSE,FALSE,"101",0
"960","Church, Mosque, Synagogue, Temple, etc...","9601","Church/Temple R","single use","Lowell",1,"single",15,FALSE,FALSE,"960",1
"960","Church, Mosque, Synagogue, Temple, etc...","9602","Church/Temple C","single use","Lowell",1,"single",15,FALSE,FALSE,"960",1
"961","Rectory or Parsonage","9611","Rectory/Parsonage R","single use","Lowell",1,"single",19,FALSE,FALSE,"961",1
"961","Rectory or Parsonage","9612","Rectory/Parsonage C","single use","Lowell",1,"single",19,FALSE,FALSE,"961",1
"970","Housing Authority","9701","Housing Authority C","single use","Lowell",1,"single",19,FALSE,FALSE,"101",0
"970","Housing Authority","9702","Housing Authority Condo","single use","Lowell",1,"single",23,FALSE,FALSE,"101",0
"971","Utility Authority - Electric, Light, Sewer, Water","9711","Utility Authority C","single use","Lowell",1,"single",19,FALSE,FALSE,"317",0
"990","121A Corporations","9901","121A Corporation C","single use","Lowell",1,"single",18,FALSE,FALSE,"502",0
"937","Improved, Tax Title/Treasurer","9372","Other - Condo Office","single use","Lowell",1,"single",20,TRUE,FALSE,"928",0
"997","Other","9971","Other - Apartments","single use","Lowell",1,"single",18,TRUE,FALSE,"361",0
"919","Comm. Of Mass. (Other)","901R","Public Service Properties - unknown","single use","Lowell",1,"single",35,FALSE,FALSE,"356",0
"962","Other (Religious Org.)","906R","Public Service Properties - unknown","single use","Lowell",1,"single",35,FALSE,FALSE,"356",0
"917","Dept. of Education (DOE) - UMass., State Colleges, Community Colleges","9172","IMPUTED - Dept. of Education (DOE) - UMass., State Colleges, Community Colleges","single use","Lowell",1,"single",79,FALSE,FALSE,"918",0
"951","Other (Charitable Org.)","9051","NON PROFIT  MDL-94","single use","Easthampton",1,"single",18,FALSE,FALSE,"125",0
"951","Other (Charitable Org.)","905B","NON PROFIT  MDL-01","single use","Easthampton",1,"single",18,FALSE,FALSE,"125",0
"951","Other (Charitable Org.)","905V","NON PROFIT  MDL-00","single use","Easthampton",1,"single",18,FALSE,FALSE,"125",0
"962","Other (Religious Org.)","906I","CHURCH ETC  MDL-96","single use","Easthampton",1,"single",18,FALSE,FALSE,"960",0
"910","Dept. of Conservation and Recreation (DCR), Division of State Parks and Recreation","910V","DEPT ENV M  MDL-00","single use","Easthampton",1,"single",18,FALSE,FALSE,"918",0
"924","Mass. Highway Dept. (MHD) (non-reimbursable)","924V","MA HIGHWAY","single use","Easthampton",1,"single",10,FALSE,FALSE,"924",1
"962","Other (Religious Org.)","906V","CHURCH ETC  MDL-00","single use","Easthampton",1,"single",18,FALSE,FALSE,"960",0
"931","Improved, Selectmen or City Council (Municipal)","903V","Municipal owned vacant land (Can either be excess land at $6,100/acre OR $500/acre)","single use","Plympton",1,"single",83,FALSE,FALSE,"106",0
"930","Vacant, Selectmen or City Council (Municipal)","930V","Vac Town Ownd","single use","Plympton",1,"single",13,FALSE,FALSE,"106",0
"960","Church, Mosque, Synagogue, Temple, etc...","960V","Church","single use","Plympton",1,"single",6,FALSE,FALSE,"960",1
"959","Housing, Other (Charitable Org.)","959R","Housing Other","single use","Plympton",1,"single",13,TRUE,FALSE,"101",0
"924","Mass. Highway Dept. (MHD) (non-reimbursable)","9242","MASS HIGHWAY C","single use","Wrentham",1,"single",14,FALSE,FALSE,"924",1
"960","Church, Mosque, Synagogue, Temple, etc...","9601","Church/Temple V","single use","Wrentham",1,"single",15,FALSE,FALSE,"960",1
"960","Church, Mosque, Synagogue, Temple, etc...","9602","Church/Temple R","single use","Wrentham",1,"single",15,FALSE,FALSE,"960",1
"936","Vacant, Tax Title/Treasurer","9361","IMPUTED - Vacant, Tax Title/Treasurer","single use","Wrentham",1,"single",37,FALSE,FALSE,"106",0
"930","Vacant, Selectmen or City Council (Municipal)","9301","IMPUTED - Vacant, Selectmen or City Council (Municipal)","single use","Wrentham",1,"single",55,FALSE,FALSE,"106",0
"924","Mass. Highway Dept. (MHD) (non-reimbursable)","9241","MASS HIGHWAY R","single use","Wrentham",1,"single",14,FALSE,FALSE,"924",1
"962","Other (Religious Org.)","906C","CHURCH ETC M94","single use","Northbridge",1,"single",14,FALSE,FALSE,"960",0
"962","Other (Religious Org.)","906I","CHURCH ETC M96","single use","Northbridge",1,"single",14,FALSE,FALSE,"960",0
"962","Other (Religious Org.)","906R","CHURCH ETC M-01","single use","Northbridge",1,"single",15,FALSE,FALSE,"960",0
"910","Dept. of Conservation and Recreation (DCR), Division of State Parks and Recreation","910C","DEPT ENVMNTL M94","single use","Northbridge",1,"single",16,FALSE,FALSE,"918",0
"915","Dept. of Conservation and Recreation (DCR) - Division of Water Supply Protection","915E","State owned commercial","single use","Petersham",1,"single",22,FALSE,FALSE,"813",0
"931","Improved, Selectmen or City Council (Municipal)","9311","Town of Petersham commercial","single use","Petersham",1,"single",28,FALSE,FALSE,"813",0
"934","Improved, Education (Municipal or County)","9341","Petersham education commercial","single use","Petersham",1,"single",30,FALSE,FALSE,"813",0
"935","Improved, Municipal Public Safety","9351","Public Safety commercial","single use","Petersham",1,"single",24,FALSE,FALSE,"356",0
"940","Elementary Level (Educational Private)","9401","Private Elementary commercial","single use","Petersham",1,"single",29,FALSE,FALSE,"940",1
"942","College or University (Educational Private)","9421","Private College commercial","single use","Petersham",1,"single",26,FALSE,FALSE,"942",1
"951","Other (Charitable Org.)","9511","Charitable Other non commercial","single use","Petersham",1,"single",31,TRUE,FALSE,"125",0
"955","Hospitals (Charitable Org.)","9552","Hospital commercial","single use","Petersham",1,"single",19,FALSE,FALSE,"813",0
"960","Church, Mosque, Synagogue, Temple, etc...","9602","Church/Temple commercial","single use","Petersham",1,"single",24,FALSE,FALSE,"960",1
"925","Dept. of Conservation and Recreation (DCR) - Division of Water Supply Protection, Urban Parks (non-reimbursable)","925V","Exempt - DCR vacant (non-reimbursable)","single use","Berlin",1,"single",38,FALSE,FALSE,"923",0
"915","Dept. of Conservation and Recreation (DCR) - Division of Water Supply Protection","915V","Exempt - DCR vacant (reimbursable)","single use","Berlin",1,"single",34,FALSE,FALSE,"923",0
"931","Improved, Selectmen or City Council (Municipal)","9035","Cemetery","single use","Gosnold",1,"single",8,FALSE,FALSE,"953",0
"931","Improved, Selectmen or City Council (Municipal)","9031","POLICE","single use","North Attleborough",1,"single",6,FALSE,FALSE,"922",0
"931","Improved, Selectmen or City Council (Municipal)","9032","FIRE","single use","North Attleborough",1,"single",4,FALSE,FALSE,"814",0
"962","Other (Religious Org.)","906C","CHURCH ETC  MDL-94","single use","North Attleborough",1,"single",18,FALSE,FALSE,"960",0
"962","Other (Religious Org.)","906R","CHURCH ETC  MDL-01","single use","North Attleborough",1,"single",18,FALSE,FALSE,"960",0
"962","Other (Religious Org.)","906V","CHURCH ETC  MDL-00","single use","North Attleborough",1,"single",18,FALSE,FALSE,"960",0
"924","Mass. Highway Dept. (MHD) (non-reimbursable)","924V","COM-MA-HIGHWAY","single use","North Attleborough",1,"single",14,FALSE,FALSE,"924",1
"930","Vacant, Selectmen or City Council (Municipal)","930V","SELECTMEN-VACANT","single use","North Attleborough",1,"single",16,FALSE,FALSE,"106",0
"933","Vacant, Education (Municipal or County)","933V","EDUCATION-VACANT","single use","North Attleborough",1,"single",16,FALSE,FALSE,"106",0
"936","Vacant, Tax Title/Treasurer","936V","TAX TITLE-VACANT","single use","North Attleborough",1,"single",16,FALSE,FALSE,"106",0
"953","Cemeteries (Charitable Org.)","953V","CEMETERIES","single use","North Attleborough",1,"single",10,FALSE,FALSE,"953",1
"959","Housing, Other (Charitable Org.)","959R","CHARITABLE-HOUSING","single use","North Attleborough",1,"single",18,FALSE,FALSE,"101",0
"960","Church, Mosque, Synagogue, Temple, etc...","960C","RELIGIOUS","single use","North Attleborough",1,"single",9,FALSE,FALSE,"962",0
"960","Church, Mosque, Synagogue, Temple, etc...","960R","RELIGIOUS","single use","North Attleborough",1,"single",9,FALSE,FALSE,"962",0
"961","Rectory or Parsonage","961R","RELIGIOUS-RECTORY","single use","North Attleborough",1,"single",17,FALSE,FALSE,"961",1
"962","Other (Religious Org.)","962V","RELIGIOUS-OTHER","single use","North Attleborough",1,"single",15,TRUE,FALSE,"962",1
"970","Housing Authority","970C","HOUSING AUTHORITY","single use","North Attleborough",1,"single",17,FALSE,FALSE,"101",0
"971","Utility Authority - Electric, Light, Sewer, Water","971C","UTILITY AUTHORITY","single use","North Attleborough",1,"single",17,FALSE,FALSE,"317",0
"973","Vacant, Housing Authority","973V","HOUSNG AUTH-VAC","single use","North Attleborough",1,"single",15,FALSE,FALSE,"106",0
"974","Vacant, Utility Authority","974V","UTILITY AUTH-VAC","single use","North Attleborough",1,"single",16,FALSE,FALSE,"106",0
"953","Cemeteries (Charitable Org.)","953R","OTHER - Cemeteries (Charitable Org.)","single use","North Attleborough",1,"single",36,TRUE,FALSE,"953",1
"930","Vacant, Selectmen or City Council (Municipal)","930V","MUN VAC","single use","Gloucester",1,"single",7,FALSE,FALSE,"106",0
"956","Libraries, Museums (Charitable Org.)","956V","CH LIBRARY/MUSEUM V","single use","Gloucester",1,"single",19,FALSE,FALSE,"956",1
"957","Charitable Services","957C","CH SERVICES","single use","Gloucester",1,"single",11,FALSE,FALSE,"371",0
"959","Housing, Other (Charitable Org.)","959C","CH HOUSING COMM","single use","Gloucester",1,"single",15,FALSE,FALSE,"101",0
"959","Housing, Other (Charitable Org.)","959U","CH RES CONDO","single use","Gloucester",1,"single",12,FALSE,FALSE,"102",0
"960","Church, Mosque, Synagogue, Temple, etc...","960V","RG VACANT","single use","Gloucester",1,"single",9,FALSE,FALSE,"106",0
"970","Housing Authority","970C","HOUSING AUTH","single use","Gloucester",1,"single",12,FALSE,FALSE,"101",0
"997","Other","997V","OTHER VAC","single use","Gloucester",1,"single",9,TRUE,FALSE,"106",0
"957","Charitable Services","957U","CH SERVICES CONDO","single use","Gloucester",1,"single",17,FALSE,FALSE,"102",0
"931","Improved, Selectmen or City Council (Municipal)","9031","police","single use","Wenham",1,"single",6,FALSE,FALSE,"922",0
"931","Improved, Selectmen or City Council (Municipal)","9035","Vacant Land","single use","Norwood",1,"single",11,FALSE,FALSE,"106",0
"930","Vacant, Selectmen or City Council (Municipal)","9307","Function Hall","single use","Norwood",1,"single",13,FALSE,FALSE,"954",0
"940","Elementary Level (Educational Private)","9402","Vacant Land","single use","Norwood",1,"single",11,FALSE,FALSE,"106",0
"940","Elementary Level (Educational Private)","9403","Condo Office","single use","Norwood",1,"single",12,FALSE,FALSE,"928",0
"954","Function Halls, Community Centers, Fraternal Organizations (Charitable Org.)","9541","Condo Office","single use","Norwood",1,"single",12,FALSE,FALSE,"928",0
"931","Improved, Selectmen or City Council (Municipal)","9033","Public School","single use","Wales",1,"single",13,FALSE,FALSE,"356",0
"931","Improved, Selectmen or City Council (Municipal)","903C","Town Commercial","single use","Wales",1,"single",15,FALSE,FALSE,"813",0
"962","Other (Religious Org.)","906R","Church","single use","Wales",1,"single",6,FALSE,FALSE,"960",0
"970","Housing Authority","9701","Two Family","single use","Norwood",1,"single",10,FALSE,FALSE,"104",0
"970","Housing Authority","9702","Condominium","single use","Norwood",1,"single",11,FALSE,FALSE,"996",0
"972","Transportation Authority","9721","Commercial","single use","Norwood",1,"single",10,FALSE,FALSE,"813",0
"960","Church, Mosque, Synagogue, Temple, etc...","9602","IMPUTED - Church, Mosque, Synagogue, Temple, etc...","single use","Norwood",1,"single",51,FALSE,FALSE,"960",1
"931","Improved, Selectmen or City Council (Municipal)","9033","(formerly Municipalities/Districts.  Removed June 2009.)","single use","Southwick",1,"single",56,FALSE,FALSE,"903",0
"931","Improved, Selectmen or City Council (Municipal)","9035","(formerly Municipalities/Districts.  Removed June 2009.)","single use","Southwick",1,"single",56,FALSE,FALSE,"903",0
"931","Improved, Selectmen or City Council (Municipal)","903C","(formerly Municipalities/Districts.  Removed June 2009.)","single use","Southwick",1,"single",56,FALSE,FALSE,"903",0
"931","Improved, Selectmen or City Council (Municipal)","903V","(formerly Municipalities/Districts.  Removed June 2009.)","single use","Southwick",1,"single",56,FALSE,FALSE,"903",0
"962","Other (Religious Org.)","906I","(formerly Religious Organizations.  Removed June 2009.)","single use","Southwick",1,"single",55,FALSE,FALSE,"962",1
"970","Housing Authority","908V","(formerly Housing Authority.  Removed June 2009.)","single use","Southwick",1,"single",49,FALSE,FALSE,"101",0
"954","Function Halls, Community Centers, Fraternal Organizations (Charitable Org.)","9541","Function Halls, Community Centers, Fraternal Organizations (Charitable Org.)","single use","Hinsdale",1,"single",76,FALSE,FALSE,"954",1
"960","Church, Mosque, Synagogue, Temple, etc...","9601","Church, Mosque, Synagogue, Temple, etc...","single use","Hinsdale",1,"single",41,FALSE,FALSE,"960",1
"919","Comm. Of Mass. (Other)","901V","Public Service, Exempt","single use","Shutesbury",1,"single",22,FALSE,FALSE,"356",0
"931","Improved, Selectmen or City Council (Municipal)","9035","Public Service, Exempt","single use","Shutesbury",1,"single",22,FALSE,FALSE,"356",0
"931","Improved, Selectmen or City Council (Municipal)","903V","Public Service, Exempt","single use","Shutesbury",1,"single",22,FALSE,FALSE,"356",0
"931","Improved, Selectmen or City Council (Municipal)","9032","Fire","single use","Southampton",1,"single",4,FALSE,FALSE,"814",0
"931","Improved, Selectmen or City Council (Municipal)","9034","Library","single use","Southampton",1,"single",7,FALSE,FALSE,"956",0
"931","Improved, Selectmen or City Council (Municipal)","9036","Town highway","single use","Southampton",1,"single",12,FALSE,FALSE,"924",0
"931","Improved, Selectmen or City Council (Municipal)","903V","town-vacant","single use","Southampton",1,"single",11,FALSE,FALSE,"106",0
"940","Elementary Level (Educational Private)","940R","IMPUTED - Elementary Level (Educational Private)","single use","Norwell",1,"single",48,FALSE,FALSE,"940",1
"924","Mass. Highway Dept. (MHD) (non-reimbursable)","924I","commonwealth mass  model 96","single use","Hanover",1,"single",27,FALSE,FALSE,"901",0
"931","Improved, Selectmen or City Council (Municipal)","931C","improved selectman commercial","single use","Hanover",1,"single",29,FALSE,FALSE,"813",0
"935","Improved, Municipal Public Safety","935C","improved public safety","single use","Hanover",1,"single",22,FALSE,FALSE,"356",0
"935","Improved, Municipal Public Safety","935I","improved public safety","single use","Hanover",1,"single",22,FALSE,FALSE,"356",0
"954","Function Halls, Community Centers, Fraternal Organizations (Charitable Org.)","954C","charitable function
","single use","Hanover",1,"single",21,FALSE,FALSE,"954",1
"957","Charitable Services","957C","charitable services","single use","Hanover",1,"single",19,FALSE,FALSE,"371",0
"958","Recreation, Active Use (Charitable Org.)","958C","recreation commercial
","single use","Hanover",1,"single",23,FALSE,FALSE,"813",0
"959","Housing, Other (Charitable Org.)","959C","charitable housing comm","single use","Hanover",1,"single",23,FALSE,FALSE,"101",0
"959","Housing, Other (Charitable Org.)","959R","charitable housing resident","single use","Hanover",1,"single",27,FALSE,FALSE,"101",0
"960","Church, Mosque, Synagogue, Temple, etc...","960I","religious model 96","single use","Hanover",1,"single",18,FALSE,FALSE,"962",0
"961","Rectory or Parsonage","961R","religious rectory","single use","Hanover",1,"single",17,FALSE,FALSE,"961",1
"980","Vacant, Selectmen or City Council, Other City or Town (Municipal)","980V","vacant other town
","single use","Hanover",1,"single",19,TRUE,FALSE,"106",0
"992","Improved, County or Regional, Deeds or Administration","992I","county improved","single use","Hanover",1,"single",15,FALSE,FALSE,"286",0
"962","Other (Religious Org.)","906I","(formerly Religious Organizations.  Removed June 2009.)","single use","Hanover",1,"single",55,FALSE,FALSE,"962",1
"931","Improved, Selectmen or City Council (Municipal)","9032","Municipal vacant land","single use","South Hadley",1,"single",21,FALSE,FALSE,"106",0
"931","Improved, Selectmen or City Council (Municipal)","9033","Schools - public","single use","South Hadley",1,"single",16,FALSE,FALSE,"904",0
"931","Improved, Selectmen or City Council (Municipal)","903A","Municipal undevelopable land","single use","South Hadley",1,"single",28,FALSE,FALSE,"132",0
"931","Improved, Selectmen or City Council (Municipal)","903B","Municipally owned two family","single use","South Hadley",1,"single",28,FALSE,FALSE,"104",0
"931","Improved, Selectmen or City Council (Municipal)","903R","Municipal owned single family","single use","South Hadley",1,"single",29,FALSE,FALSE,"101",0
"931","Improved, Selectmen or City Council (Municipal)","903V","Municipal Vacant","single use","South Hadley",1,"single",16,FALSE,FALSE,"106",0
"942","College or University (Educational Private)","904R","Private College owned single family","single use","South Hadley",1,"single",35,FALSE,FALSE,"942",1
"942","College or University (Educational Private)","904V","Private College owned vacant land","single use","South Hadley",1,"single",33,FALSE,FALSE,"942",1
"951","Other (Charitable Org.)","905V","Private non-profit vacant land","single use","South Hadley",1,"single",30,FALSE,FALSE,"106",0
"962","Other (Religious Org.)","906I","Churches","single use","South Hadley",1,"single",8,FALSE,FALSE,"960",0
"915","Dept. of Conservation and Recreation (DCR) - Division of Water Supply Protection","9151","DCR reimbursable land","single use","Oakham",1,"single",21,FALSE,FALSE,"923",0
"925","Dept. of Conservation and Recreation (DCR) - Division of Water Supply Protection, Urban Parks (non-reimbursable)","9251","DCR non-reimbursable land","single use","Oakham",1,"single",25,FALSE,FALSE,"923",0
"9000","United States Government","900V","United States Government - Vacant","single use","South Hadley",1,"single",33,FALSE,FALSE,"900",0
"931","Improved, Selectmen or City Council (Municipal)","903C","(formerly Municipalities/Districts.  Removed June 2009.) - Commercial","single use","South Hadley",1,"single",69,FALSE,FALSE,"903",0
"942","College or University (Educational Private)","904C","(formerly Colleges, Schools(private).  Removed June 2009. ) - Commercial","single use","South Hadley",1,"single",72,FALSE,FALSE,"904",0
"951","Other (Charitable Org.)","905R","(formerly Charitable Organizations (private hospitals, etc...).  Removed June 2009. ) - Residential","single use","South Hadley",1,"single",99,FALSE,FALSE,"305",0
"962","Other (Religious Org.)","906C","(formerly Religious Organizations.  Removed June 2009.) - Commercial","single use","South Hadley",1,"single",68,FALSE,FALSE,"962",1
"962","Other (Religious Org.)","906V","(formerly Religious Organizations.  Removed June 2009.) - Vacant","single use","South Hadley",1,"single",64,FALSE,FALSE,"962",1
"924","Mass. Highway Dept. (MHD) (non-reimbursable)","924V","Mass. Highway Dept. (MHD) (non-reimbursable) - Vacant","single use","South Hadley",1,"single",53,FALSE,FALSE,"918",0
"930","Vacant, Selectmen or City Council (Municipal)","9305","SUTTON ROADWAY V","single use","Sutton",1,"single",16,FALSE,FALSE,"306",0
"930","Vacant, Selectmen or City Council (Municipal)","9308","TOWN CEMETERY","single use","Sutton",1,"single",13,FALSE,FALSE,"953",0
"935","Improved, Municipal Public Safety","9351","SUTTON PUBLIC SAFETY C","single use","Sutton",1,"single",22,FALSE,FALSE,"356",0
"954","Function Halls, Community Centers, Fraternal Organizations (Charitable Org.)","9541","FRATERNAL ORG C","single use","Sutton",1,"single",15,FALSE,FALSE,"954",1
"958","Recreation, Active Use (Charitable Org.)","9581","REC ACTIVITY R","single use","Sutton",1,"single",14,FALSE,FALSE,"106",0
"960","Church, Mosque, Synagogue, Temple, etc...","9601","CHURCH/TEMPLE R","single use","Sutton",1,"single",15,FALSE,FALSE,"960",1
"931","Improved, Selectmen or City Council (Municipal)","9032","EXEMPT - Municipal or State Owned Property","single use","Holland",1,"single",42,FALSE,FALSE,"505",0
"931","Improved, Selectmen or City Council (Municipal)","9033","PUBLIC SCHOOL - Municipal or State Owned Property","single use","Holland",1,"single",49,FALSE,FALSE,"356",0
"931","Improved, Selectmen or City Council (Municipal)","9035","TOWN PROPERTY - Municipal or State Owned Property","single use","Holland",1,"single",49,FALSE,FALSE,"505",0
"931","Improved, Selectmen or City Council (Municipal)","9311","Commercial","single use","Holland",1,"single",10,FALSE,FALSE,"813",0
"935","Improved, Municipal Public Safety","9351","Public Safety","single use","Holland",1,"single",13,FALSE,FALSE,"356",0
"958","Recreation, Active Use (Charitable Org.)","9581","Charitable Rec. Activity R","single use","Holland",1,"single",26,FALSE,FALSE,"106",0
"958","Recreation, Active Use (Charitable Org.)","9582","Charitable Rec. Activity C","single use","Holland",1,"single",26,FALSE,FALSE,"106",0
"960","Church, Mosque, Synagogue, Temple, etc...","9601","Church / Temple R","single use","Holland",1,"single",17,FALSE,FALSE,"960",1
"960","Church, Mosque, Synagogue, Temple, etc...","9602","Church / Temple C","single use","Holland",1,"single",17,FALSE,FALSE,"960",1
"996","Other, Non-Taxable Condominium Common Land","996C","Condo Main","single use","Merrimac",1,"single",10,FALSE,FALSE,"102",0
"929","Comm. Of Mass. (Other, non-reimbursable)","929V","IMPUTED - Comm. Of Mass. (Other, non-reimbursable)","single use","Sutton",1,"single",50,TRUE,FALSE,"923",0
"919","Comm. Of Mass. (Other)","901V","Comm-Mass Vacant","single use","Sutton",1,"single",16,FALSE,FALSE,"106",0
"920","Dept. of Conservation and Recreation (DCR) - Division of Urban Parks and Recreation (non-reimbursable)","920V","Non Profit Vacant","single use","Sutton",1,"single",17,FALSE,FALSE,"106",0
"960","Church, Mosque, Synagogue, Temple, etc...","9602","CHURCH/TEMPLE C","single use","Sutton",1,"single",15,FALSE,FALSE,"960",1
"970","Housing Authority","9701","HOUSING AUTHORITY C","single use","Sutton",1,"single",19,FALSE,FALSE,"101",0
"953","Cemeteries (Charitable Org.)","9532","Cemeteries (Charitable Org.)","single use","Amesbury",1,"single",28,FALSE,FALSE,"953",1
"954","Function Halls, Community Centers, Fraternal Organizations (Charitable Org.)","9541","Function Halls, Community Centers, Fraternal Organizations (Charitable Org.)","single use","Amesbury",1,"single",76,FALSE,FALSE,"954",1
"956","Libraries, Museums (Charitable Org.)","9561","Libraries, Museums (Charitable Org.)","single use","Amesbury",1,"single",36,FALSE,FALSE,"956",1
"957","Charitable Services","9571","Charitable Services","single use","Amesbury",1,"single",19,FALSE,FALSE,"371",0
"959","Housing, Other (Charitable Org.)","9592","Housing, Other (Charitable Org.)","single use","Amesbury",1,"single",32,TRUE,FALSE,"101",0
"960","Church, Mosque, Synagogue, Temple, etc...","9601","Church, Mosque, Synagogue, Temple, etc...","single use","Amesbury",1,"single",41,FALSE,FALSE,"960",1
"960","Church, Mosque, Synagogue, Temple, etc...","9602","Church, Mosque, Synagogue, Temple, etc...","single use","Amesbury",1,"single",41,FALSE,FALSE,"960",1
"960","Church, Mosque, Synagogue, Temple, etc...","9603","Church, Mosque, Synagogue, Temple, etc...","single use","Amesbury",1,"single",41,FALSE,FALSE,"960",1
"970","Housing Authority","9701","Housing Authority","single use","Amesbury",1,"single",17,FALSE,FALSE,"101",0
"972","Transportation Authority","9721","Transportation Authority","single use","Amesbury",1,"single",24,FALSE,FALSE,"354",0
"961","Rectory or Parsonage","9612","Rectory or Parsonage","single use","Amesbury",1,"single",20,FALSE,FALSE,"961",1
"959","Housing, Other (Charitable Org.)","9591","Housing, Other","single use","Amesbury",1,"single",14,TRUE,FALSE,"101",0
"957","Charitable Services","9572","Charitable Services, Other","single use","Amesbury",1,"single",26,TRUE,FALSE,"371",0
"953","Cemeteries (Charitable Org.)","9531","Cemeteries","single use","Cambridge",1,"single",10,FALSE,FALSE,"953",1
"953","Cemeteries (Charitable Org.)","9535","Cemeteries","single use","Cambridge",1,"single",10,FALSE,FALSE,"953",1
"954","Function Halls, Community Centers, Fraternal Organizations (Charitable Org.)","9541","Fraternity, Cmnty Ctr","single use","Cambridge",1,"single",21,FALSE,FALSE,"122",0
"954","Function Halls, Community Centers, Fraternal Organizations (Charitable Org.)","9545","Fraternity, Cmnty Ctr","single use","Cambridge",1,"single",21,FALSE,FALSE,"122",0
"955","Hospitals (Charitable Org.)","9551","Hospitals","single use","Cambridge",1,"single",9,FALSE,FALSE,"305",0
"955","Hospitals (Charitable Org.)","9555","Hospitals","single use","Cambridge",1,"single",9,FALSE,FALSE,"305",0
"956","Libraries, Museums (Charitable Org.)","9561","Libraries, Museums","single use","Cambridge",1,"single",18,FALSE,FALSE,"956",1
"956","Libraries, Museums (Charitable Org.)","9565","Libraries, Museums","single use","Cambridge",1,"single",18,FALSE,FALSE,"956",1
"959","Housing, Other (Charitable Org.)","9591","Housing, Other","single use","Cambridge",1,"single",14,TRUE,FALSE,"101",0
"959","Housing, Other (Charitable Org.)","9595","Housing, Other","single use","Cambridge",1,"single",14,TRUE,FALSE,"101",0
"960","Church, Mosque, Synagogue, Temple, etc...","9601","Church","single use","Cambridge",1,"single",6,FALSE,FALSE,"960",1
"960","Church, Mosque, Synagogue, Temple, etc...","9603","Church","single use","Cambridge",1,"single",6,FALSE,FALSE,"960",1
"960","Church, Mosque, Synagogue, Temple, etc...","9605","Church","single use","Cambridge",1,"single",6,FALSE,FALSE,"960",1
"961","Rectory or Parsonage","9611","Rectory, Parsonage","single use","Cambridge",1,"single",18,FALSE,FALSE,"961",1
"961","Rectory or Parsonage","9613","Rectory, Parsonage","single use","Cambridge",1,"single",18,FALSE,FALSE,"961",1
"961","Rectory or Parsonage","9615","Rectory, Parsonage","single use","Cambridge",1,"single",18,FALSE,FALSE,"961",1
"970","Housing Authority","9701","Housing Authority","single use","Cambridge",1,"single",17,FALSE,FALSE,"101",0
"970","Housing Authority","9703","Housing Authority","single use","Cambridge",1,"single",17,FALSE,FALSE,"101",0
"970","Housing Authority","9705","Housing Authority","single use","Cambridge",1,"single",17,FALSE,FALSE,"101",0
"971","Utility Authority - Electric, Light, Sewer, Water","9711","Utility Authority","single use","Cambridge",1,"single",17,FALSE,FALSE,"317",0
"971","Utility Authority - Electric, Light, Sewer, Water","9715","Utility Authority","single use","Cambridge",1,"single",17,FALSE,FALSE,"317",0
"972","Transportation Authority","9721","Transportation Authority","single use","Cambridge",1,"single",24,FALSE,FALSE,"354",0
"972","Transportation Authority","9725","Transportation Authority","single use","Cambridge",1,"single",24,FALSE,FALSE,"354",0
"980","Vacant, Selectmen or City Council, Other City or Town (Municipal)","9801","Vacant Other Municipal","single use","Cambridge",1,"single",22,TRUE,FALSE,"106",0
"980","Vacant, Selectmen or City Council, Other City or Town (Municipal)","9803","Vacant Other Municipal","single use","Cambridge",1,"single",22,TRUE,FALSE,"106",0
"980","Vacant, Selectmen or City Council, Other City or Town (Municipal)","9805","Vacant Other Municipal","single use","Cambridge",1,"single",22,TRUE,FALSE,"106",0
"990","121A Corporations","9901","121 Corporation","single use","Cambridge",1,"single",15,FALSE,FALSE,"502",0
"990","121A Corporations","9903","121 Corporation","single use","Cambridge",1,"single",15,FALSE,FALSE,"502",0
"990","121A Corporations","9905","121 Corporation","single use","Cambridge",1,"single",15,FALSE,FALSE,"502",0
"992","Improved, County or Regional, Deeds or Administration","9921","Imprvd County Admin","single use","Cambridge",1,"single",19,FALSE,FALSE,"286",0
"992","Improved, County or Regional, Deeds or Administration","9925","Imprvd County Admin","single use","Cambridge",1,"single",19,FALSE,FALSE,"286",0
"994","Improved County or Regional Association Commission","9941","Improved County Correctional","single use","Cambridge",1,"single",28,FALSE,FALSE,"993",0
"994","Improved County or Regional Association Commission","9945","Improved County Correctional","single use","Cambridge",1,"single",28,FALSE,FALSE,"993",0
"995","Other, Open Space","9951","Other Open Space","single use","Cambridge",1,"single",16,TRUE,FALSE,"995",1
"995","Other, Open Space","9953","Other Open Space","single use","Cambridge",1,"single",16,TRUE,FALSE,"995",1
"995","Other, Open Space","9955","Other Open Space","single use","Cambridge",1,"single",16,TRUE,FALSE,"995",1
"996","Other, Non-Taxable Condominium Common Land","9961","Non Taxable Condo Land","single use","Cambridge",1,"single",22,FALSE,FALSE,"996",1
"996","Other, Non-Taxable Condominium Common Land","9963","Non Taxable Condo Land","single use","Cambridge",1,"single",22,FALSE,FALSE,"996",1
"996","Other, Non-Taxable Condominium Common Land","9965","Non Taxable Condo Land","single use","Cambridge",1,"single",22,FALSE,FALSE,"996",1
"931","Improved, Selectmen or City Council (Municipal)","903R","Exempt Town Owned - Code for Lighthouse","single use","Aquinnah",1,"single",39,FALSE,FALSE,"971",0
"970","Housing Authority","908R","Exempt Tribal Housing","single use","Aquinnah",1,"single",21,FALSE,FALSE,"101",0
"920","Dept. of Conservation and Recreation (DCR) - Division of Urban Parks and Recreation (non-reimbursable)","920V","NON PROFIT M00","single use","Millbury",1,"single",14,FALSE,FALSE,"125",0
"930","Vacant, Selectmen or City Council (Municipal)","930V","VACANT SELECTMEN","single use","Millbury",1,"single",16,FALSE,FALSE,"106",0
"935","Improved, Municipal Public Safety","935L","IMP-FIRE","single use","Millbury",1,"single",8,FALSE,FALSE,"814",0
"936","Vacant, Tax Title/Treasurer","936A","VACANT TAX TITLE","single use","Millbury",1,"single",16,FALSE,FALSE,"106",0
"954","Function Halls, Community Centers, Fraternal Organizations (Charitable Org.)","954C","FUNCTION HALLCCM94","single use","Millbury",1,"single",18,FALSE,FALSE,"954",1
"959","Housing, Other (Charitable Org.)","959C","HOUSING OTH M94","single use","Millbury",1,"single",15,FALSE,FALSE,"101",0
"959","Housing, Other (Charitable Org.)","959R","HOUSING OTH MO1","single use","Millbury",1,"single",15,FALSE,FALSE,"101",0
"960","Church, Mosque, Synagogue, Temple, etc...","960C","CHURCH ETC M94","single use","Millbury",1,"single",14,FALSE,FALSE,"960",1
"960","Church, Mosque, Synagogue, Temple, etc...","960I","CHURCHES ETC","single use","Millbury",1,"single",12,FALSE,FALSE,"960",1
"960","Church, Mosque, Synagogue, Temple, etc...","960R","CHURCH ETC M01","single use","Millbury",1,"single",14,FALSE,FALSE,"960",1
"962","Other (Religious Org.)","962V","CHURCH ETC M00","single use","Millbury",1,"single",14,FALSE,FALSE,"960",0
"970","Housing Authority","970C","HOUSING AUTH M94","single use","Millbury",1,"single",16,FALSE,FALSE,"101",0
"973","Vacant, Housing Authority","973V","VAC-HOUSING AUTH","single use","Millbury",1,"single",16,FALSE,FALSE,"101",0
"9000","United States Government","900V","Vacant land owned by US Government","single use","Millbury",1,"single",34,FALSE,FALSE,"900",0
"920","Dept. of Conservation and Recreation (DCR) - Division of Urban Parks and Recreation (non-reimbursable)","920R","NON PROFIT M01","single use","Millbury",1,"single",14,FALSE,FALSE,"125",0
"932","Vacant, Conservation (Municipal or County)","932V","VACANT CONSV MUNC","single use","Millbury",1,"single",17,FALSE,FALSE,"106",0
"951","Other (Charitable Org.)","905C","CHAR/NON P MDL-94","single use","Easton",1,"single",17,FALSE,FALSE,"125",0
"951","Other (Charitable Org.)","905I","CHAR/NON P MDL-96","single use","Easton",1,"single",17,FALSE,FALSE,"125",0
"951","Other (Charitable Org.)","905R","CHAR/NON P MDL-01","single use","Easton",1,"single",17,FALSE,FALSE,"125",0
"962","Other (Religious Org.)","906I","CHURCH ETC MDL-96","single use","Easton",1,"single",17,FALSE,FALSE,"960",0
"962","Other (Religious Org.)","906R","CHURCH ETC MDL-01","single use","Easton",1,"single",17,FALSE,FALSE,"960",0
"962","Other (Religious Org.)","906C","CHURCH ETC MDL-94","single use","Easton",1,"single",17,FALSE,FALSE,"960",0
"970","Housing Authority","970C","HOUSING AUTHORITY","single use","Easton",1,"single",17,FALSE,FALSE,"101",0
"957","Charitable Services","957R","CHARITABLE SERVICES","single use","Easton",1,"single",19,FALSE,FALSE,"371",0
"931","Improved, Selectmen or City Council (Municipal)","9039","United States Government","single use","Wilmington",1,"single",24,FALSE,FALSE,"900",0
"951","Other (Charitable Org.)","9051","United States Government","single use","Wilmington",1,"single",24,FALSE,FALSE,"900",0
"962","Other (Religious Org.)","9061","United States Government","single use","Wilmington",1,"single",24,FALSE,FALSE,"900",0
"935","Improved, Municipal Public Safety","9351","Improved, Municipal Public Safety","single use","Wilmington",1,"single",33,FALSE,FALSE,"356",0
"960","Church, Mosque, Synagogue, Temple, etc...","9601","Church","single use","Wilmington",1,"single",6,FALSE,FALSE,"960",1
"960","Church, Mosque, Synagogue, Temple, etc...","9602","Church","single use","Wilmington",1,"single",6,FALSE,FALSE,"960",1
"970","Housing Authority","9701","Housing Authority","single use","Wilmington",1,"single",17,FALSE,FALSE,"101",0
"9000","United States Government","9001","US Government","single use","Cambridge",1,"single",13,FALSE,FALSE,"900",0
"9000","United States Government","9003","US Government","single use","Cambridge",1,"single",13,FALSE,FALSE,"900",0
"9000","United States Government","9005","US Government","single use","Cambridge",1,"single",13,FALSE,FALSE,"900",0
"912","Dept. of Corrections (DOC) - Division of Youth Services","9121","Department of Corrections","single use","Cambridge",1,"single",25,FALSE,FALSE,"918",0
"912","Dept. of Corrections (DOC) - Division of Youth Services","9123","Department of Corrections","single use","Cambridge",1,"single",25,FALSE,FALSE,"918",0
"912","Dept. of Corrections (DOC) - Division of Youth Services","9125","Department of Corrections","single use","Cambridge",1,"single",25,FALSE,FALSE,"918",0
"913","Dept. of Public Health (DPH) - Soldiers' Homes","9131","Department of Public Health","single use","Cambridge",1,"single",27,FALSE,FALSE,"918",0
"913","Dept. of Public Health (DPH) - Soldiers' Homes","9133","Department of Public Health","single use","Cambridge",1,"single",27,FALSE,FALSE,"918",0
"913","Dept. of Public Health (DPH) - Soldiers' Homes","9135","Department of Public Health","single use","Cambridge",1,"single",27,FALSE,FALSE,"918",0
"914","Dept. of Mental Health (DMH) - Dept. of Mental Retardation","9141","Department of Mental Health","single use","Cambridge",1,"single",27,FALSE,FALSE,"918",0
"914","Dept. of Mental Health (DMH) - Dept. of Mental Retardation","9143","Department of Mental Health","single use","Cambridge",1,"single",27,FALSE,FALSE,"918",0
"914","Dept. of Mental Health (DMH) - Dept. of Mental Retardation","9145","Department of Mental Health","single use","Cambridge",1,"single",27,FALSE,FALSE,"918",0
"916","Military Division - Campgrounds","9161","Military Div, Camp Grounds","single use","Cambridge",1,"single",26,FALSE,FALSE,"310",0
"916","Military Division - Campgrounds","9163","Military Div, Camp Grounds","single use","Cambridge",1,"single",26,FALSE,FALSE,"310",0
"916","Military Division - Campgrounds","9165","Military Div, Camp Grounds","single use","Cambridge",1,"single",26,FALSE,FALSE,"310",0
"917","Dept. of Education (DOE) - UMass., State Colleges, Community Colleges","9171","Education- State Colleges","single use","Cambridge",1,"single",25,FALSE,FALSE,"942",0
"917","Dept. of Education (DOE) - UMass., State Colleges, Community Colleges","9173","Education- State Colleges","single use","Cambridge",1,"single",25,FALSE,FALSE,"942",0
"917","Dept. of Education (DOE) - UMass., State Colleges, Community Colleges","9175","Education- State Colleges","single use","Cambridge",1,"single",25,FALSE,FALSE,"942",0
"919","Comm. Of Mass. (Other)","9191","Other State Reimburseable","single use","Cambridge",1,"single",25,TRUE,FALSE,"923",0
"919","Comm. Of Mass. (Other)","9193","Other State Reimburseable","single use","Cambridge",1,"single",25,TRUE,FALSE,"923",0
"919","Comm. Of Mass. (Other)","9195","Other State Reimburseable","single use","Cambridge",1,"single",25,TRUE,FALSE,"923",0
"920","Dept. of Conservation and Recreation (DCR) - Division of Urban Parks and Recreation (non-reimbursable)","9201","DCR Urban Parks","single use","Cambridge",1,"single",15,FALSE,FALSE,"103",0
"920","Dept. of Conservation and Recreation (DCR) - Division of Urban Parks and Recreation (non-reimbursable)","9203","DCR Urban Parks","single use","Cambridge",1,"single",15,FALSE,FALSE,"103",0
"920","Dept. of Conservation and Recreation (DCR) - Division of Urban Parks and Recreation (non-reimbursable)","9205","DCR Urban Parks","single use","Cambridge",1,"single",15,FALSE,FALSE,"103",0
"921","Division of Fish and Game (DFW, formerly DFWELE), DFW Environmental Law Enforcement, Dept. of Environmental Protection (non-reimbursable)","9211","DFW, Non-Reimburseable","single use","Cambridge",1,"single",22,FALSE,FALSE,"921",1
"921","Division of Fish and Game (DFW, formerly DFWELE), DFW Environmental Law Enforcement, Dept. of Environmental Protection (non-reimbursable)","9213","DFW, Non-Reimburseable","single use","Cambridge",1,"single",22,FALSE,FALSE,"921",1
"921","Division of Fish and Game (DFW, formerly DFWELE), DFW Environmental Law Enforcement, Dept. of Environmental Protection (non-reimbursable)","9215","DFW, Non-Reimburseable","single use","Cambridge",1,"single",22,FALSE,FALSE,"921",1
"922","Dept. of Corrections (DOC) - Division of Youth Services,Mass. Military,State Police,Sheriffs' Depts. (non-reimbursable)","9221","Dept Correction, State Police","single use","Cambridge",1,"single",29,FALSE,FALSE,"918",0
"922","Dept. of Corrections (DOC) - Division of Youth Services,Mass. Military,State Police,Sheriffs' Depts. (non-reimbursable)","9223","Dept Correction, State Police","single use","Cambridge",1,"single",29,FALSE,FALSE,"918",0
"922","Dept. of Corrections (DOC) - Division of Youth Services,Mass. Military,State Police,Sheriffs' Depts. (non-reimbursable)","9225","Dept Correction, State Police","single use","Cambridge",1,"single",29,FALSE,FALSE,"918",0
"923","Dept. of Public Health (DPH) - Soldiers' Homes, Dept. of Mental Health (DMH) - Dept. of Mental Retardation (non-reimburs","9231","Dept Public Health, DMH","single use","Cambridge",1,"single",23,FALSE,FALSE,"918",0
"923","Dept. of Public Health (DPH) - Soldiers' Homes, Dept. of Mental Health (DMH) - Dept. of Mental Retardation (non-reimburs","9233","Dept Public Health, DMH","single use","Cambridge",1,"single",23,FALSE,FALSE,"918",0
"923","Dept. of Public Health (DPH) - Soldiers' Homes, Dept. of Mental Health (DMH) - Dept. of Mental Retardation (non-reimburs","9235","Dept Public Health, DMH","single use","Cambridge",1,"single",23,FALSE,FALSE,"918",0
"924","Mass. Highway Dept. (MHD) (non-reimbursable)","9241","Mass Highway Dep","single use","Cambridge",1,"single",16,FALSE,FALSE,"918",0
"924","Mass. Highway Dept. (MHD) (non-reimbursable)","9243","Mass Highway Dep","single use","Cambridge",1,"single",16,FALSE,FALSE,"918",0
"924","Mass. Highway Dept. (MHD) (non-reimbursable)","9245","Mass Highway Dep","single use","Cambridge",1,"single",16,FALSE,FALSE,"918",0
"926","Judiciary (non-reimbursable)","9261","Judiciary","single use","Cambridge",1,"single",9,FALSE,FALSE,"926",1
"926","Judiciary (non-reimbursable)","9263","Judiciary","single use","Cambridge",1,"single",9,FALSE,FALSE,"926",1
"926","Judiciary (non-reimbursable)","9265","Judiciary","single use","Cambridge",1,"single",9,FALSE,FALSE,"926",1
"927","Dept. of Education (DOE) - UMass., State Colleges, Community Colleges (non-reimbursable)","9271","State Colleges","single use","Cambridge",1,"single",14,FALSE,FALSE,"942",0
"927","Dept. of Education (DOE) - UMass., State Colleges, Community Colleges (non-reimbursable)","9273","State Colleges","single use","Cambridge",1,"single",14,FALSE,FALSE,"942",0
"927","Dept. of Education (DOE) - UMass., State Colleges, Community Colleges (non-reimbursable)","9275","State Colleges","single use","Cambridge",1,"single",14,FALSE,FALSE,"942",0
"928","Division of Capital Asset Management (DCAM) - Bureau of State Office Buildings (non-reimbursable)","9281","Div Capital Asset Mngmnt","single use","Cambridge",1,"single",24,FALSE,FALSE,"928",1
"928","Division of Capital Asset Management (DCAM) - Bureau of State Office Buildings (non-reimbursable)","9283","Div Capital Asset Mngmnt","single use","Cambridge",1,"single",24,FALSE,FALSE,"928",1
"928","Division of Capital Asset Management (DCAM) - Bureau of State Office Buildings (non-reimbursable)","9285","Div Capital Asset Mngmnt","single use","Cambridge",1,"single",24,FALSE,FALSE,"928",1
"929","Comm. Of Mass. (Other, non-reimbursable)","9295","Other State Non-reimburse","single use","Cambridge",1,"single",25,TRUE,FALSE,"923",0
"935","Improved, Municipal Public Safety","9351","Improved Public Safety","single use","Cambridge",1,"single",22,FALSE,FALSE,"356",0
"935","Improved, Municipal Public Safety","9353","Improved Public Safety","single use","Cambridge",1,"single",22,FALSE,FALSE,"356",0
"935","Improved, Municipal Public Safety","9355","Improved Public Safety","single use","Cambridge",1,"single",22,FALSE,FALSE,"356",0
"940","Elementary Level (Educational Private)","9401","Private Elementary Education","single use","Cambridge",1,"single",28,FALSE,FALSE,"940",1
"940","Elementary Level (Educational Private)","9403","Private Elementary Education","single use","Cambridge",1,"single",28,FALSE,FALSE,"940",1
"940","Elementary Level (Educational Private)","9405","Private Elementary Education","single use","Cambridge",1,"single",28,FALSE,FALSE,"940",1
"941","Secondary Level (Educational Private)","9411","Private Secondary Education","single use","Cambridge",1,"single",27,FALSE,FALSE,"941",1
"941","Secondary Level (Educational Private)","9413","Private Secondary Education","single use","Cambridge",1,"single",27,FALSE,FALSE,"941",1
"941","Secondary Level (Educational Private)","9415","Private Secondary Education","single use","Cambridge",1,"single",27,FALSE,FALSE,"941",1
"942","College or University (Educational Private)","9421","Private College, University","single use","Cambridge",1,"single",27,FALSE,FALSE,"942",1
"942","College or University (Educational Private)","9423","Private College, University","single use","Cambridge",1,"single",27,FALSE,FALSE,"942",1
"942","College or University (Educational Private)","9425","Private College, University","single use","Cambridge",1,"single",27,FALSE,FALSE,"942",1
"943","Other Educational (Educational Private)","9431","Other Educational","single use","Cambridge",1,"single",17,TRUE,FALSE,"351",0
"943","Other Educational (Educational Private)","9433","Other Educational","single use","Cambridge",1,"single",17,TRUE,FALSE,"351",0
"943","Other Educational (Educational Private)","9435","Other Educational","single use","Cambridge",1,"single",17,TRUE,FALSE,"351",0
"944","Auxiliary Athletic (Educational Private)","9441","Auxiliary Athletic","single use","Cambridge",1,"single",18,FALSE,FALSE,"944",1
"944","Auxiliary Athletic (Educational Private)","9445","Auxiliary Athletic","single use","Cambridge",1,"single",18,FALSE,FALSE,"944",1
"945","Affiliated Housing (Educational Private)","9451","Affiliated Housing","single use","Cambridge",1,"single",18,FALSE,FALSE,"945",1
"945","Affiliated Housing (Educational Private)","9453","Affiliated Housing","single use","Cambridge",1,"single",18,FALSE,FALSE,"945",1
"945","Affiliated Housing (Educational Private)","9455","Affiliated Housing","single use","Cambridge",1,"single",18,FALSE,FALSE,"945",1
"950","Vacant, Conservation Organizations (Charitable Org.)","9501","Vacant, Conservation Org","single use","Cambridge",1,"single",24,FALSE,FALSE,"106",0
"950","Vacant, Conservation Organizations (Charitable Org.)","9503","Vacant, Conservation Org","single use","Cambridge",1,"single",24,FALSE,FALSE,"106",0
"950","Vacant, Conservation Organizations (Charitable Org.)","9505","Vacant, Conservation Org","single use","Cambridge",1,"single",24,FALSE,FALSE,"106",0
"931","Improved, Selectmen or City Council (Municipal)","903C","MUNICIPALITIES","single use","Ludlow",1,"single",14,FALSE,FALSE,"903",0
"962","Other (Religious Org.)","906V","CHURCHES","single use","Ludlow",1,"single",8,FALSE,FALSE,"960",0
"930","Vacant, Selectmen or City Council (Municipal)","930C","VAC,SELECT/CITY CNCL","single use","Ludlow",1,"single",20,FALSE,FALSE,"106",0
"958","Recreation, Active Use (Charitable Org.)","958C","RECREATION, ACTIVE U","single use","Ludlow",1,"single",20,FALSE,FALSE,"958",1
"931","Improved, Selectmen or City Council (Municipal)","9032","FIRE MDL-00","single use","Otis",1,"single",11,FALSE,FALSE,"814",0
"924","Mass. Highway Dept. (MHD) (non-reimbursable)","9242","Mass Highway Non C","single use","Otis",1,"single",18,FALSE,FALSE,"924",1
"935","Improved, Municipal Public Safety","9351","Otis Public Safety C","single use","Otis",1,"single",20,FALSE,FALSE,"356",0
"954","Function Halls, Community Centers, Fraternal Organizations (Charitable Org.)","9541","Fraternal Orgs R","single use","Otis",1,"single",16,FALSE,FALSE,"954",1
"960","Church, Mosque, Synagogue, Temple, etc...","9602","Church/Temple C","single use","Otis",1,"single",15,FALSE,FALSE,"960",1
"9000","United States Government","900V","United States Government","single use","Oxford",1,"single",24,FALSE,FALSE,"900",0
"931","Improved, Selectmen or City Council (Municipal)","903V","(formerly Municipalities/Districts.  Removed June 2009.)","single use","Oxford",1,"single",56,FALSE,FALSE,"903",0
"924","Mass. Highway Dept. (MHD) (non-reimbursable)","924C","Mass. Highway Dept. (MHD) (non-reimbursable)","single use","Oxford",1,"single",44,FALSE,FALSE,"918",0
"924","Mass. Highway Dept. (MHD) (non-reimbursable)","924V","Mass. Highway Dept. (MHD) (non-reimbursable)","single use","Oxford",1,"single",44,FALSE,FALSE,"918",0
"930","Vacant, Selectmen or City Council (Municipal)","930V","Vacant, Selectmen or City Council (Municipal)","single use","Oxford",1,"single",45,FALSE,FALSE,"106",0
"953","Cemeteries (Charitable Org.)","953R","Cemeteries (Charitable Org.)","single use","Oxford",1,"single",28,FALSE,FALSE,"953",1
"959","Housing, Other (Charitable Org.)","959R","Housing, Other (Charitable Org.)","single use","Oxford",1,"single",32,TRUE,FALSE,"101",0
"961","Rectory or Parsonage","961R","Rectory or Parsonage","single use","Oxford",1,"single",20,FALSE,FALSE,"961",1
"970","Housing Authority","970R","Housing Authority","single use","Oxford",1,"single",17,FALSE,FALSE,"101",0
"924","Mass. Highway Dept. (MHD) (non-reimbursable)","924R","Mass. Highway Dept. (MHD) (non-reimbursable)","single use","Oxford",1,"single",44,FALSE,FALSE,"918",0
"955","Hospitals (Charitable Org.)","955C","Hospitals (Charitable Org.)","single use","Dartmouth",1,"single",27,FALSE,FALSE,"305",0
"957","Charitable Services","957R","Charitable Services","single use","Dartmouth",1,"single",19,FALSE,FALSE,"371",0
"970","Housing Authority","970V","Housing Authority","single use","Dartmouth",1,"single",17,FALSE,FALSE,"101",0
"985","Improved Municipal or Public Safety, Other City or Town","985V","Improved Municipal or Public Safety, Other City or Town","single use","Dartmouth",1,"single",55,TRUE,FALSE,"356",0
"989","Improved, Other District (County)","989R","Improved, Other District (County)","single use","Dartmouth",1,"single",33,TRUE,FALSE,"286",0
"989","Improved, Other District (County)","989V","Improved, Other District (County)","single use","Dartmouth",1,"single",33,TRUE,FALSE,"286",0
"931","Improved, Selectmen or City Council (Municipal)","9031","Police","single use","Dartmouth",1,"single",6,FALSE,FALSE,"922",0
"931","Improved, Selectmen or City Council (Municipal)","9035","Town Property","single use","Dartmouth",1,"single",13,FALSE,FALSE,"505",0
"962","Other (Religious Org.)","906R","Church","single use","Dartmouth",1,"single",6,FALSE,FALSE,"960",0
"962","Other (Religious Org.)","906V","Church","single use","Dartmouth",1,"single",6,FALSE,FALSE,"960",0
"951","Other (Charitable Org.)","905V","IMPUTED - (formerly Charitable Organizations (private hospitals, etc...).  Removed June 2009. )","single use","Dartmouth",1,"single",95,FALSE,FALSE,"305",0
"931","Improved, Selectmen or City Council (Municipal)","903V","IMPUTED - (formerly Municipalities/Districts.  Removed June 2009.)","single use","Orange",1,"single",66,FALSE,FALSE,"903",0
"970","Housing Authority","908C","IMPUTED - (formerly Housing Authority.  Removed June 2009.)","single use","Orange",1,"single",59,FALSE,FALSE,"101",0
"931","Improved, Selectmen or City Council (Municipal)","903R","IMPUTED - (formerly Municipalities/Districts.  Removed June 2009.)","single use","Orange",1,"single",66,FALSE,FALSE,"903",0
"9000","United States Government","900I","United States Government","single use","Newton",1,"single",24,FALSE,FALSE,"900",0
"9000","United States Government","900V","United States Government","single use","Newton",1,"single",24,FALSE,FALSE,"900",0
"931","Improved, Selectmen or City Council (Municipal)","903R","(formerly Municipalities/Districts.  Removed June 2009.)","single use","Newton",1,"single",56,FALSE,FALSE,"903",0
"951","Other (Charitable Org.)","905C","(formerly Charitable Organizations (private hospitals, etc...).  Removed June 2009. )","single use","Newton",1,"single",85,FALSE,FALSE,"305",0
"930","Vacant, Selectmen or City Council (Municipal)","930C","Vacant, Selectmen or City Council (Municipal)","single use","Newton",1,"single",45,FALSE,FALSE,"106",0
"930","Vacant, Selectmen or City Council (Municipal)","930R","Vacant, Selectmen or City Council (Municipal)","single use","Newton",1,"single",45,FALSE,FALSE,"106",0
"933","Vacant, Education (Municipal or County)","933V","Vacant, Education (Municipal or County)","single use","Newton",1,"single",39,FALSE,FALSE,"106",0
"934","Improved, Education (Municipal or County)","934C","Improved, Education (Municipal or County)","single use","Newton",1,"single",41,FALSE,FALSE,"286",0
"930","Vacant, Selectmen or City Council (Municipal)","930V","Vacant City Land","single use","Newton",1,"single",16,FALSE,FALSE,"106",0
"940","Elementary Level (Educational Private)","940C","Private Elementary School","single use","Newton",1,"single",25,FALSE,FALSE,"940",1
"941","Secondary Level (Educational Private)","941C","Private Secondary School","single use","Newton",1,"single",24,FALSE,FALSE,"941",1
"942","College or University (Educational Private)","942C","Private College","single use","Newton",1,"single",15,FALSE,FALSE,"942",1
"943","Other Educational (Educational Private)","943C","Other Educational","single use","Newton",1,"single",17,TRUE,FALSE,"351",0
"944","Auxiliary Athletic (Educational Private)","944C","Auxilliary Athletic","single use","Newton",1,"single",19,FALSE,FALSE,"944",1
"944","Auxiliary Athletic (Educational Private)","944V","Auxilliary Athletic","single use","Newton",1,"single",19,FALSE,FALSE,"944",1
"945","Affiliated Housing (Educational Private)","945C","Affiliated Housing","single use","Newton",1,"single",18,FALSE,FALSE,"945",1
"945","Affiliated Housing (Educational Private)","945R","Affiliated Housing","single use","Newton",1,"single",18,FALSE,FALSE,"945",1
"946","Vacant (Educational Private)","946V","Vacant","single use","Newton",1,"single",6,FALSE,FALSE,"106",0
"950","Vacant, Conservation Organizations (Charitable Org.)","950V","Vacant-Conservation Organization","single use","Newton",1,"single",32,FALSE,FALSE,"106",0
"953","Cemeteries (Charitable Org.)","953C","Cemeteries","single use","Newton",1,"single",10,FALSE,FALSE,"953",1
"953","Cemeteries (Charitable Org.)","953V","Cemeteries","single use","Newton",1,"single",10,FALSE,FALSE,"953",1
"954","Function Halls, Community Centers, Fraternal Organizations (Charitable Org.)","954C","Function Halls","single use","Newton",1,"single",14,FALSE,FALSE,"954",1
"954","Function Halls, Community Centers, Fraternal Organizations (Charitable Org.)","954R","Function Halls","single use","Newton",1,"single",14,FALSE,FALSE,"954",1
"954","Function Halls, Community Centers, Fraternal Organizations (Charitable Org.)","954V","Function Halls","single use","Newton",1,"single",14,FALSE,FALSE,"954",1
"942","College or University (Educational Private)","942R","IMPUTED - College or University (Educational Private)","single use","Newton",1,"single",53,FALSE,FALSE,"942",1
"942","College or University (Educational Private)","942V","IMPUTED - College or University (Educational Private)","single use","Newton",1,"single",53,FALSE,FALSE,"942",1
"955","Hospitals (Charitable Org.)","955C","IMPUTED - Hospitals (Charitable Org.)","single use","Newton",1,"single",37,FALSE,FALSE,"305",0
"955","Hospitals (Charitable Org.)","955V","IMPUTED - Hospitals (Charitable Org.)","single use","Newton",1,"single",37,FALSE,FALSE,"305",0
"956","Libraries, Museums (Charitable Org.)","956C","IMPUTED - Libraries, Museums (Charitable Org.)","single use","Newton",1,"single",46,FALSE,FALSE,"956",1
"957","Charitable Services","957C","IMPUTED - Charitable Services","single use","Newton",1,"single",29,FALSE,FALSE,"371",0
"957","Charitable Services","957R","IMPUTED - Charitable Services","single use","Newton",1,"single",29,FALSE,FALSE,"371",0
"957","Charitable Services","957V","IMPUTED - Charitable Services","single use","Newton",1,"single",29,FALSE,FALSE,"371",0
"959","Housing, Other (Charitable Org.)","959C","IMPUTED - Housing, Other (Charitable Org.)","single use","Newton",1,"single",42,TRUE,FALSE,"101",0
"959","Housing, Other (Charitable Org.)","959R","IMPUTED - Housing, Other (Charitable Org.)","single use","Newton",1,"single",42,TRUE,FALSE,"101",0
"960","Church, Mosque, Synagogue, Temple, etc...","960C","IMPUTED - Church, Mosque, Synagogue, Temple, etc...","single use","Newton",1,"single",51,FALSE,FALSE,"960",1
"960","Church, Mosque, Synagogue, Temple, etc...","960R","IMPUTED - Church, Mosque, Synagogue, Temple, etc...","single use","Newton",1,"single",51,FALSE,FALSE,"960",1
"960","Church, Mosque, Synagogue, Temple, etc...","960V","IMPUTED - Church, Mosque, Synagogue, Temple, etc...","single use","Newton",1,"single",51,FALSE,FALSE,"960",1
"961","Rectory or Parsonage","961C","IMPUTED - Rectory or Parsonage","single use","Newton",1,"single",30,FALSE,FALSE,"961",1
"961","Rectory or Parsonage","961R","IMPUTED - Rectory or Parsonage","single use","Newton",1,"single",30,FALSE,FALSE,"961",1
"961","Rectory or Parsonage","961V","IMPUTED - Rectory or Parsonage","single use","Newton",1,"single",30,FALSE,FALSE,"961",1
"962","Other (Religious Org.)","962C","IMPUTED - Other (Religious Org.)","single use","Newton",1,"single",32,TRUE,FALSE,"962",1
"962","Other (Religious Org.)","962R","IMPUTED - Other (Religious Org.)","single use","Newton",1,"single",32,TRUE,FALSE,"962",1
"962","Other (Religious Org.)","962V","IMPUTED - Other (Religious Org.)","single use","Newton",1,"single",32,TRUE,FALSE,"962",1
"970","Housing Authority","970C","IMPUTED - Housing Authority","single use","Newton",1,"single",27,FALSE,FALSE,"101",0
"970","Housing Authority","970R","IMPUTED - Housing Authority","single use","Newton",1,"single",27,FALSE,FALSE,"101",0
"971","Utility Authority - Electric, Light, Sewer, Water","971V","IMPUTED - Utility Authority - Electric, Light, Sewer, Water","single use","Newton",1,"single",59,FALSE,FALSE,"971",1
"972","Transportation Authority","972C","IMPUTED - Transportation Authority","single use","Newton",1,"single",34,FALSE,FALSE,"354",0
"972","Transportation Authority","972V","IMPUTED - Transportation Authority","single use","Newton",1,"single",34,FALSE,FALSE,"354",0
"974","Vacant, Utility Authority","974V","IMPUTED - Vacant, Utility Authority","single use","Newton",1,"single",35,FALSE,FALSE,"106",0
"975","Vacant, Transportation Authority","975V","IMPUTED - Vacant, Transportation Authority","single use","Newton",1,"single",42,FALSE,FALSE,"106",0
"995","Other, Open Space","995C","IMPUTED - Other, Open Space","single use","Newton",1,"single",27,TRUE,FALSE,"995",1
"995","Other, Open Space","995V","IMPUTED - Other, Open Space","single use","Newton",1,"single",27,TRUE,FALSE,"995",1
"996","Other, Non-Taxable Condominium Common Land","996V","IMPUTED - Other, Non-Taxable Condominium Common Land","single use","Newton",1,"single",52,TRUE,FALSE,"996",1
"935","Improved, Municipal Public Safety","9351","Paxton Public Safety C","single use","Paxton",1,"single",22,FALSE,FALSE,"356",0
"942","College or University (Educational Private)","9421","Priv College C","single use","Paxton",1,"single",14,FALSE,FALSE,"942",1
"954","Function Halls, Community Centers, Fraternal Organizations (Charitable Org.)","9541","Fraternal Org C","single use","Paxton",1,"single",15,FALSE,FALSE,"954",1
"959","Housing, Other (Charitable Org.)","9591","Charity Housing R","single use","Paxton",1,"single",17,FALSE,FALSE,"101",0
"960","Church, Mosque, Synagogue, Temple, etc...","9602","Church/Temple C","single use","Paxton",1,"single",15,FALSE,FALSE,"960",1
"961","Rectory or Parsonage","9611","Rectory/Parsonage R","single use","Paxton",1,"single",19,FALSE,FALSE,"961",1
"994","Improved County or Regional Association Commission","9941","County Commission C","single use","Paxton",1,"single",19,FALSE,FALSE,"994",1
"931","Improved, Selectmen or City Council (Municipal)","9031","POLICE MDL-96","single use","Acton",1,"single",13,FALSE,FALSE,"922",0
"931","Improved, Selectmen or City Council (Municipal)","9032","FIRE MDL-96","single use","Acton",1,"single",11,FALSE,FALSE,"814",0
"962","Other (Religious Org.)","906I","CHURCH ETC MDL","single use","Acton",1,"single",14,FALSE,FALSE,"960",0
"962","Other (Religious Org.)","906V","CHURCH ETC MDL","single use","Acton",1,"single",14,FALSE,FALSE,"960",0
"912","Dept. of Corrections (DOC) - Division of Youth Services","912V","DEPT CORR MDL-","single use","Acton",1,"single",14,FALSE,FALSE,"918",0
"962","Other (Religious Org.)","906C","CHURCH ETC MDL","single use","Acton",1,"single",14,FALSE,FALSE,"960",0
"970","Housing Authority","970U","Housing Authority","single use","Acton",1,"single",17,FALSE,FALSE,"101",0
"924","Mass. Highway Dept. (MHD) (non-reimbursable)","924V","Mass. Highway Dept. (MHD) (non-reimbursable) Vacant","single use","Leominster",1,"single",51,FALSE,FALSE,"918",0
"934","Improved, Education (Municipal or County)","9341","city of leominster - schools","single use","Leominster",1,"single",28,FALSE,FALSE,"904",0
"935","Improved, Municipal Public Safety","9351","Leomisnter Public Safety","single use","Leominster",1,"single",24,FALSE,FALSE,"356",0
"940","Elementary Level (Educational Private)","9401","Private Elementary","single use","Leominster",1,"single",18,FALSE,FALSE,"940",1
"951","Other (Charitable Org.)","9511","Non-profit Residential","single use","Leominster",1,"single",22,FALSE,FALSE,"125",0
"951","Other (Charitable Org.)","9512","Non-profit Commercial","single use","Leominster",1,"single",21,FALSE,FALSE,"125",0
"954","Function Halls, Community Centers, Fraternal Organizations (Charitable Org.)","9541","Fraternal order","single use","Leominster",1,"single",15,FALSE,FALSE,"954",1
"955","Hospitals (Charitable Org.)","9552","Hospital - commercial","single use","Leominster",1,"single",21,FALSE,FALSE,"813",0
"957","Charitable Services","9571","Charitable Services - Commercial","single use","Leominster",1,"single",32,FALSE,FALSE,"371",0
"959","Housing, Other (Charitable Org.)","9591","Charitable Services - Residential","single use","Leominster",1,"single",33,FALSE,FALSE,"371",0
"960","Church, Mosque, Synagogue, Temple, etc...","9601","Church/Temple - residential","single use","Leominster",1,"single",27,FALSE,FALSE,"960",1
"960","Church, Mosque, Synagogue, Temple, etc...","9602","Church/Temple - commercial","single use","Leominster",1,"single",26,FALSE,FALSE,"960",1
"960","Church, Mosque, Synagogue, Temple, etc...","9603","Church/Temple - Unclassified","single use","Leominster",1,"single",28,FALSE,FALSE,"960",1
"961","Rectory or Parsonage","9611","Rectory/Parsonage","single use","Leominster",1,"single",17,FALSE,FALSE,"961",1
"962","Other (Religious Org.)","9622","other - Commercial","single use","Leominster",1,"single",18,TRUE,FALSE,"813",0
"970","Housing Authority","9701","Housing Authority","single use","Leominster",1,"single",17,FALSE,FALSE,"101",0
"972","Transportation Authority","9721","Transportation Authority","single use","Leominster",1,"single",24,FALSE,FALSE,"354",0
"959","Housing, Other (Charitable Org.)","9593","CHAR HOUSING CONDO","single use","Leominster",1,"single",18,FALSE,FALSE,"101",0
"996","Other, Non-Taxable Condominium Common Land","9962","OTHER EXEMPT CONDO C","single use","Leominster",1,"single",20,TRUE,FALSE,"102",0
"961","Rectory or Parsonage","9611","RECTORY/PARSON","single use","Westminster",1,"single",14,FALSE,FALSE,"961",1
"956","Libraries, Museums (Charitable Org.)","9564","LIBRARIES/MSM COM","single use","Westminster",1,"single",17,FALSE,FALSE,"956",1
"935","Improved, Municipal Public Safety","9354","PUBLIC SAFETY COM","single use","Westminster",1,"single",17,FALSE,FALSE,"356",0
"962","Other (Religious Org.)","9621","RELIGIOUS OTHER RES","single use","Westminster",1,"single",19,TRUE,FALSE,"962",1
"953","Cemeteries (Charitable Org.)","9534","CEMETERIES COM","single use","Westminster",1,"single",14,FALSE,FALSE,"953",1
"911","Division of Fish and Game Wildlife, Environmental Law Enforcement -- formerly Division of Fisheries and Wildlife, Environmental Law Enforcement","9114","FISH/WL REIM COM","single use","Westminster",1,"single",16,FALSE,FALSE,"385",0
"910","Dept. of Conservation and Recreation (DCR), Division of State Parks and Recreation","9101","PARKS/REC REIM RES","single use","Westminster",1,"single",18,FALSE,FALSE,"103",0
"935","Improved, Municipal Public Safety","9351","Town Public Safety C","single use","Westminster",1,"single",20,FALSE,FALSE,"356",0
"954","Function Halls, Community Centers, Fraternal Organizations (Charitable Org.)","9542","Fraternal/Org C","single use","Westminster",1,"single",15,FALSE,FALSE,"954",1
"960","Church, Mosque, Synagogue, Temple, etc...","9602","Church/Temple C","single use","Westminster",1,"single",15,FALSE,FALSE,"960",1
"931","Improved, Selectmen or City Council (Municipal)","9035","Town Property","single use","Tewksbury",1,"single",13,FALSE,FALSE,"505",0
"931","Improved, Selectmen or City Council (Municipal)","9036","Town Property Improved","single use","Tewksbury",1,"single",22,FALSE,FALSE,"505",0
"962","Other (Religious Org.)","906C","CHURCH ETC MDL-94","single use","Tewksbury",1,"single",17,FALSE,FALSE,"960",0
"962","Other (Religious Org.)","906I","CHURCH ETC MDL-96","single use","Tewksbury",1,"single",17,FALSE,FALSE,"960",0
"962","Other (Religious Org.)","906R","CHURCH ETC MDL-01","single use","Tewksbury",1,"single",17,FALSE,FALSE,"960",0
"920","Dept. of Conservation and Recreation (DCR) - Division of Urban Parks and Recreation (non-reimbursable)","920C","Non Profit - MDL-94","single use","Tewksbury",1,"single",19,FALSE,FALSE,"125",0
"920","Dept. of Conservation and Recreation (DCR) - Division of Urban Parks and Recreation (non-reimbursable)","920O","Non Profit - MDL-06","single use","Tewksbury",1,"single",19,FALSE,FALSE,"125",0
"920","Dept. of Conservation and Recreation (DCR) - Division of Urban Parks and Recreation (non-reimbursable)","920R","Non Profit - MDL-01","single use","Tewksbury",1,"single",19,FALSE,FALSE,"125",0
"920","Dept. of Conservation and Recreation (DCR) - Division of Urban Parks and Recreation (non-reimbursable)","920U","Non Profit - MDL-05","single use","Tewksbury",1,"single",19,FALSE,FALSE,"125",0
"951","Other (Charitable Org.)","905X","US Secretary of Housing","single use","Tewksbury",1,"single",23,FALSE,FALSE,"101",0
"931","Improved, Selectmen or City Council (Municipal)","903I","INDUSTRIAL CONDO","single use","West Springfield",1,"single",16,FALSE,FALSE,"102",0
"920","Dept. of Conservation and Recreation (DCR) - Division of Urban Parks and Recreation (non-reimbursable)","9201","EXEMPT CONDO","single use","West Springfield",1,"single",12,FALSE,FALSE,"102",0
"919","Comm. Of Mass. (Other)","901V","STATE VACANT","single use","West Springfield",1,"single",12,FALSE,FALSE,"106",0
"931","Improved, Selectmen or City Council (Municipal)","903R","MUNI EDUC VAC","single use","West Springfield",1,"single",13,FALSE,FALSE,"106",0
"962","Other (Religious Org.)","906R","CHURCH ETC  MDL-01","single use","West Springfield",1,"single",18,FALSE,FALSE,"960",0
"931","Improved, Selectmen or City Council (Municipal)","903J","PARKS&REC  MDL-94","single use","West Springfield",1,"single",17,FALSE,FALSE,"103",0
"930","Vacant, Selectmen or City Council (Municipal)","930V","Vacant, Selectmen or City Council (Municipal) vacant","single use","Randolph",1,"single",52,FALSE,FALSE,"106",0
"931","Improved, Selectmen or City Council (Municipal)","931V","Improved, Selectmen or City Council (Municipal) vacant","single use","Randolph",1,"single",54,FALSE,FALSE,"106",0
"931","Improved, Selectmen or City Council (Municipal)","931C","Improved, Selectmen or City Council (Municipal) commercial","single use","Randolph",1,"single",58,FALSE,FALSE,"813",0
"931","Improved, Selectmen or City Council (Municipal)","931R","Improved, Selectmen or City Council (Municipal) religious","single use","Randolph",1,"single",57,FALSE,FALSE,"962",0
"933","Vacant, Education (Municipal or County)","933V","Vacant, Education (Municipal or County) vacant","single use","Randolph",1,"single",46,FALSE,FALSE,"106",0
"934","Improved, Education (Municipal or County)","934V","Improved, Education (Municipal or County) vacant","single use","Randolph",1,"single",48,FALSE,FALSE,"106",0
"938","Vacant, District (County)","938V","Vacant, District (County) vacant","single use","Randolph",1,"single",32,FALSE,FALSE,"106",0
"939","Improved, District (County)","939V","Improved, District (County) vacant","single use","Randolph",1,"single",34,FALSE,FALSE,"106",0
"946","Vacant (Educational Private)","946V","Vacant (Educational Private) vacant","single use","Randolph",1,"single",35,FALSE,FALSE,"106",0
"954","Function Halls, Community Centers, Fraternal Organizations (Charitable Org.)","954V","Function Halls, Community Centers, Fraternal Organizations (Charitable Org.) vacant","single use","Randolph",1,"single",83,FALSE,FALSE,"954",1
"954","Function Halls, Community Centers, Fraternal Organizations (Charitable Org.)","954R","Function Halls, Community Centers, Fraternal Organizations (Charitable Org.) religious","single use","Randolph",1,"single",86,FALSE,FALSE,"954",1
"954","Function Halls, Community Centers, Fraternal Organizations (Charitable Org.)","954C","Function Halls, Community Centers, Fraternal Organizations (Charitable Org.) commercial","single use","Randolph",1,"single",87,FALSE,FALSE,"954",1
"957","Charitable Services","957C","Charitable Services commercial","single use","Randolph",1,"single",30,FALSE,FALSE,"371",0
"960","Church, Mosque, Synagogue, Temple, etc...","960C","Church, Mosque, Synagogue, Temple, etc... commercial","single use","Randolph",1,"single",52,FALSE,FALSE,"960",1
"960","Church, Mosque, Synagogue, Temple, etc...","960R","Church, Mosque, Synagogue, Temple, etc... religious","single use","Randolph",1,"single",51,FALSE,FALSE,"960",1
"960","Church, Mosque, Synagogue, Temple, etc...","960V","Church, Mosque, Synagogue, Temple, etc... vacant","single use","Randolph",1,"single",48,FALSE,FALSE,"960",1
"961","Rectory or Parsonage","961C","Rectory or Parsonage commercial","single use","Randolph",1,"single",31,FALSE,FALSE,"961",1
"962","Other (Religious Org.)","962V","Other (Religious Org.) vacant","single use","Randolph",1,"single",29,TRUE,FALSE,"962",1
"970","Housing Authority","908R","housing authority residential","single use","Randolph",1,"single",29,FALSE,FALSE,"101",0
"941","Secondary Level (Educational Private)","941V","ex vac","single use","Randolph",1,"single",6,FALSE,FALSE,"106",0
"962","Other (Religious Org.)","906C","Exempt, religious organization, commercial","single use","Randolph",1,"single",42,FALSE,FALSE,"962",1
"962","Other (Religious Org.)","906R","Exempt, religious organization, residential","single use","Randolph",1,"single",43,FALSE,FALSE,"962",1
"950","Vacant, Conservation Organizations (Charitable Org.)","950V","vacant, conservation organizations","single use","Randolph",1,"single",34,FALSE,FALSE,"106",0
"970","Housing Authority","970C","Exempt property; Housing authority.","single use","Randolph",1,"single",35,FALSE,FALSE,"101",0
"924","Mass. Highway Dept. (MHD) (non-reimbursable)","924V","Non-reimbursable Vacant land owned by the Commonwealth of Mass","single use","Tewksbury",1,"single",62,FALSE,FALSE,"901",0
"959","Housing, Other (Charitable Org.)","959R","Exempt charitable housing","single use","Tewksbury",1,"single",25,FALSE,FALSE,"101",0
"9000","United States Government","900X","U.S. Secretary of Housing","single use","Tewksbury",1,"single",25,FALSE,FALSE,"101",0
"931","Improved, Selectmen or City Council (Municipal)","931C","Municipal Select Board-Improved","single use","Tewksbury",1,"single",31,FALSE,FALSE,"918",0
"931","Improved, Selectmen or City Council (Municipal)","931I","Municipal Select Board-Improved","single use","Tewksbury",1,"single",31,FALSE,FALSE,"918",0
"931","Improved, Selectmen or City Council (Municipal)","931R","Municipal Select Board-Residential","single use","Tewksbury",1,"single",34,FALSE,FALSE,"918",0
"935","Improved, Municipal Public Safety","935C","Municipal Public Safety-Improved","single use","Tewksbury",1,"single",32,FALSE,FALSE,"356",0
"953","Cemeteries (Charitable Org.)","953C","Cemeteries","single use","Tewksbury",1,"single",10,FALSE,FALSE,"953",1
"953","Cemeteries (Charitable Org.)","953V","Cemeteries","single use","Tewksbury",1,"single",10,FALSE,FALSE,"953",1
"954","Function Halls, Community Centers, Fraternal Organizations (Charitable Org.)","954C","Fraternal-Hall/Center","single use","Tewksbury",1,"single",21,FALSE,FALSE,"954",1
"954","Function Halls, Community Centers, Fraternal Organizations (Charitable Org.)","954V","Fraternal","single use","Tewksbury",1,"single",9,FALSE,FALSE,"954",1
"957","Charitable Services","957O","Charitable Services","single use","Tewksbury",1,"single",19,FALSE,FALSE,"371",0
"957","Charitable Services","957V","Charitable Services","single use","Tewksbury",1,"single",19,FALSE,FALSE,"371",0
"960","Church, Mosque, Synagogue, Temple, etc...","960V","Religious-Church, Mosque, Temple etc.","single use","Tewksbury",1,"single",37,FALSE,FALSE,"960",1
"961","Rectory or Parsonage","961R","Religious-Rectory","single use","Tewksbury",1,"single",17,FALSE,FALSE,"961",1
"970","Housing Authority","970C","Housing Authority","single use","Tewksbury",1,"single",17,FALSE,FALSE,"101",0
"970","Housing Authority","970R","Housing Authority","single use","Tewksbury",1,"single",17,FALSE,FALSE,"101",0
"972","Transportation Authority","972V","Transportation Authority","single use","Tewksbury",1,"single",24,FALSE,FALSE,"354",0
"980","Vacant, Selectmen or City Council, Other City or Town (Municipal)","980V","Other City/Town-Vacant","single use","Tewksbury",1,"single",22,TRUE,FALSE,"106",0
"962","Other (Religious Org.)","9061","CHURCH R","single use","Chelmsford",1,"single",8,FALSE,FALSE,"960",0
"962","Other (Religious Org.)","9062","CHURCH C","single use","Chelmsford",1,"single",8,FALSE,FALSE,"960",0
"962","Other (Religious Org.)","906C","CHURCH R","single use","Chelmsford",1,"single",8,FALSE,FALSE,"960",0
"962","Other (Religious Org.)","906I","CHURCH ETC MDL-96","single use","Chelmsford",1,"single",17,FALSE,FALSE,"960",0
"962","Other (Religious Org.)","906R","CHURCH ETC MDL-01","single use","Chelmsford",1,"single",17,FALSE,FALSE,"960",0
"970","Housing Authority","908V","HSNG AUTH VACLND","single use","Chelmsford",1,"single",16,FALSE,FALSE,"106",0
"920","Dept. of Conservation and Recreation (DCR) - Division of Urban Parks and Recreation (non-reimbursable)","920C","NON PROFIT MDL-94","single use","Chelmsford",1,"single",17,FALSE,FALSE,"125",0
"920","Dept. of Conservation and Recreation (DCR) - Division of Urban Parks and Recreation (non-reimbursable)","920R","NON PROFIT MDL-01","single use","Chelmsford",1,"single",17,FALSE,FALSE,"125",0
"953","Cemeteries (Charitable Org.)","953C","CEMETERY RELIG","single use","Chelmsford",1,"single",14,FALSE,FALSE,"953",1
"931","Improved, Selectmen or City Council (Municipal)","903B","IMPUTED - (formerly Municipalities/Districts.  Removed June 2009.)","single use","Chelmsford",1,"single",66,FALSE,FALSE,"903",0
"931","Improved, Selectmen or City Council (Municipal)","903S","IMPUTED - (formerly Municipalities/Districts.  Removed June 2009.)","single use","Chelmsford",1,"single",66,FALSE,FALSE,"903",0
"942","College or University (Educational Private)","9421","IMPUTED - College or University (Educational Private)","single use","Chelmsford",1,"single",53,FALSE,FALSE,"942",1
"931","Improved, Selectmen or City Council (Municipal)","9032","Exempt, fire station","single use","Stow",1,"single",20,FALSE,FALSE,"814",0
"931","Improved, Selectmen or City Council (Municipal)","9033","Exempt, public school","single use","Stow",1,"single",21,FALSE,FALSE,"356",0
"9000","United States Government","900V","Tax Exempt, US Government Land, Vacant","single use","Stow",1,"single",38,FALSE,FALSE,"900",0
"962","Other (Religious Org.)","906C","Tax Exempt, Church or other House of Worship","single use","Stow",1,"single",44,TRUE,FALSE,"960",0
"920","Dept. of Conservation and Recreation (DCR) - Division of Urban Parks and Recreation (non-reimbursable)","920V","Tax Exempt, Vacant DEM","single use","Stow",1,"single",22,FALSE,FALSE,"106",0
"932","Vacant, Conservation (Municipal or County)","932V","Tax Exempt, Unbuildable Land","single use","Stow",1,"single",28,FALSE,FALSE,"132",0
"943","Other Educational (Educational Private)","943C","Tax Exempt, Educational","single use","Stow",1,"single",23,FALSE,FALSE,"351",0
"956","Libraries, Museums (Charitable Org.)","956C","Tax Exempt, LIbraries/Museums","single use","Stow",1,"single",29,FALSE,FALSE,"956",1
"970","Housing Authority","970R","Tax Exempt, Housing Authority","single use","Stow",1,"single",29,FALSE,FALSE,"101",0
"970","Housing Authority","970V","Tax Exempt, Housing Authority Vacant","single use","Stow",1,"single",36,FALSE,FALSE,"101",0
"975","Vacant, Transportation Authority","975V","Tax Exempt, Transportation Authority Vacant","single use","Stow",1,"single",43,FALSE,FALSE,"106",0
"995","Other, Open Space","995V","Tax Exempt, Condominium Open Space","single use","Stow",1,"single",34,FALSE,FALSE,"995",1
"996","Other, Non-Taxable Condominium Common Land","996C","Other non-taxable Condominium Common Land","single use","Stow",1,"single",41,TRUE,FALSE,"996",1
"996","Other, Non-Taxable Condominium Common Land","996R","Tax Exempt, Condominium Club-House","single use","Stow",1,"single",34,FALSE,FALSE,"996",1
"996","Other, Non-Taxable Condominium Common Land","996V","Other non-taxable Condominium Common Land","single use","Stow",1,"single",41,TRUE,FALSE,"996",1
"931","Improved, Selectmen or City Council (Municipal)","903C","Municipal Commercial","single use","Stow",1,"single",20,FALSE,FALSE,"813",0
"931","Improved, Selectmen or City Council (Municipal)","903V","Municipal Vacant","single use","Stow",1,"single",16,FALSE,FALSE,"106",0
"958","Recreation, Active Use (Charitable Org.)","958V","Recreation Vacant","single use","Stow",1,"single",17,FALSE,FALSE,"106",0
"920","Dept. of Conservation and Recreation (DCR) - Division of Urban Parks and Recreation (non-reimbursable)","920R","NON PROFIT MDL-01","single use","Attleboro",1,"single",17,FALSE,FALSE,"125",0
"920","Dept. of Conservation and Recreation (DCR) - Division of Urban Parks and Recreation (non-reimbursable)","920V","NON PROFIT MDL-00","single use","Attleboro",1,"single",17,FALSE,FALSE,"125",0
"930","Vacant, Selectmen or City Council (Municipal)","9306","WATER DEPT MDL-00","single use","Attleboro",1,"single",17,FALSE,FALSE,"918",0
"930","Vacant, Selectmen or City Council (Municipal)","9308","SEWER DEPT","single use","Attleboro",1,"single",10,FALSE,FALSE,"918",0
"930","Vacant, Selectmen or City Council (Municipal)","930V","MUNCPL VAC MDL-00","single use","Attleboro",1,"single",17,FALSE,FALSE,"106",0
"950","Vacant, Conservation Organizations (Charitable Org.)","950R","NON PROFIT MDL-01","single use","Attleboro",1,"single",17,FALSE,FALSE,"125",0
"950","Vacant, Conservation Organizations (Charitable Org.)","950V","NON PROFIT MDL-00","single use","Attleboro",1,"single",17,FALSE,FALSE,"125",0
"953","Cemeteries (Charitable Org.)","953V","CEMETERIES","single use","Attleboro",1,"single",10,FALSE,FALSE,"953",1
"959","Housing, Other (Charitable Org.)","959C","NP-HOUSING MDL-94","single use","Attleboro",1,"single",17,FALSE,FALSE,"101",0
"959","Housing, Other (Charitable Org.)","959R","NP-HOUSING MDL-01","single use","Attleboro",1,"single",17,FALSE,FALSE,"101",0
"960","Church, Mosque, Synagogue, Temple, etc...","960C","CHURCH ETC MDL-94","single use","Attleboro",1,"single",17,FALSE,FALSE,"960",1
"960","Church, Mosque, Synagogue, Temple, etc...","960R","CHURCH ETC MDL-01","single use","Attleboro",1,"single",17,FALSE,FALSE,"960",1
"960","Church, Mosque, Synagogue, Temple, etc...","960V","CHURCH ETC MDL-00","single use","Attleboro",1,"single",17,FALSE,FALSE,"960",1
"930","Vacant, Selectmen or City Council (Municipal)","930L","WATER DEPT MDL-96","single use","Attleboro",1,"single",17,FALSE,FALSE,"918",0
"962","Other (Religious Org.)","906C","IMPUTED - (formerly Religious Organizations.  Removed June 2009.)","single use","Attleboro",1,"single",65,FALSE,FALSE,"962",1
"962","Other (Religious Org.)","906R","IMPUTED - (formerly Religious Organizations.  Removed June 2009.)","single use","Attleboro",1,"single",65,FALSE,FALSE,"962",1
"931","Improved, Selectmen or City Council (Municipal)","9036","IMPUTED - (formerly Municipalities/Districts.  Removed June 2009.)","single use","Attleboro",1,"single",66,FALSE,FALSE,"903",0
"931","Improved, Selectmen or City Council (Municipal)","9035","Town Property","single use","Sharon",1,"single",13,FALSE,FALSE,"505",0
"910","Dept. of Conservation and Recreation (DCR), Division of State Parks and Recreation","910V","Department Conservation & Recreation","single use","Sharon",1,"single",36,FALSE,FALSE,"918",0
"921","Division of Fish and Game (DFW, formerly DFWELE), DFW Environmental Law Enforcement, Dept. of Environmental Protection (non-reimbursable)","921V","DFW Department","single use","Sharon",1,"single",14,FALSE,FALSE,"918",0
"924","Mass. Highway Dept. (MHD) (non-reimbursable)","924V","Mass Highway Department","single use","Sharon",1,"single",23,FALSE,FALSE,"918",0
"953","Cemeteries (Charitable Org.)","953C","Cemeteries","single use","Sharon",1,"single",10,FALSE,FALSE,"953",1
"953","Cemeteries (Charitable Org.)","953V","Cemeteries","single use","Sharon",1,"single",10,FALSE,FALSE,"953",1
"954","Function Halls, Community Centers, Fraternal Organizations (Charitable Org.)","954C","Function Halls, Community Centers","single use","Sharon",1,"single",33,FALSE,FALSE,"954",1
"954","Function Halls, Community Centers, Fraternal Organizations (Charitable Org.)","954I","Function Halls, Community Centers","single use","Sharon",1,"single",33,FALSE,FALSE,"954",1
"954","Function Halls, Community Centers, Fraternal Organizations (Charitable Org.)","954R","Community Centers, Function Halls","single use","Sharon",1,"single",33,FALSE,FALSE,"954",1
"954","Function Halls, Community Centers, Fraternal Organizations (Charitable Org.)","954V","Function Halls, Community Centers","single use","Sharon",1,"single",33,FALSE,FALSE,"954",1
"956","Libraries, Museums (Charitable Org.)","956V","Libraries, Museums","single use","Sharon",1,"single",18,FALSE,FALSE,"956",1
"957","Charitable Services","957C","Charitable Services","single use","Sharon",1,"single",19,FALSE,FALSE,"371",0
"957","Charitable Services","957R","Charitable Services","single use","Sharon",1,"single",19,FALSE,FALSE,"371",0
"957","Charitable Services","957V","Charitable Services","single use","Sharon",1,"single",19,FALSE,FALSE,"371",0
"960","Church, Mosque, Synagogue, Temple, etc...","960C","Church, Synagogue, Mosque","single use","Sharon",1,"single",25,FALSE,FALSE,"960",1
"960","Church, Mosque, Synagogue, Temple, etc...","960I","Church, Synagogue, Mosque","single use","Sharon",1,"single",25,FALSE,FALSE,"960",1
"960","Church, Mosque, Synagogue, Temple, etc...","960R","Church, Synagogue, Mosque","single use","Sharon",1,"single",25,FALSE,FALSE,"960",1
"960","Church, Mosque, Synagogue, Temple, etc...","960V","Church, Synagogue, Mosque","single use","Sharon",1,"single",25,FALSE,FALSE,"960",1
"972","Transportation Authority","972C","Transportation Authority","single use","Sharon",1,"single",24,FALSE,FALSE,"354",0
"931","Improved, Selectmen or City Council (Municipal)","903C","(formerly Municipalities/Districts.  Removed June 2009.)","single use","Sharon",1,"single",56,FALSE,FALSE,"903",0
"931","Improved, Selectmen or City Council (Municipal)","903I","(formerly Municipalities/Districts.  Removed June 2009.)","single use","Sharon",1,"single",56,FALSE,FALSE,"903",0
"951","Other (Charitable Org.)","905C","(formerly Charitable Organizations (private hospitals, etc...).  Removed June 2009. )","single use","Sharon",1,"single",85,FALSE,FALSE,"305",0
"962","Other (Religious Org.)","906C","(formerly Religious Organizations.  Removed June 2009.)","single use","Sharon",1,"single",55,FALSE,FALSE,"962",1
"957","Charitable Services","957A","Charitable Services","single use","Sharon",1,"single",19,FALSE,FALSE,"371",0
"962","Other (Religious Org.)","906I","CHURCH ETC  MDL-96","single use","Sharon",1,"single",18,FALSE,FALSE,"960",0
"943","Other Educational (Educational Private)","943C","OTHER EDUCATIONAL","single use","Sharon",1,"single",17,TRUE,FALSE,"351",0
"919","Comm. Of Mass. (Other)","901I","Commonwealth of MA Model 96","single use","Woburn",1,"single",27,FALSE,FALSE,"901",0
"942","College or University (Educational Private)","942C","Private School Model 94","single use","Woburn",1,"single",23,FALSE,FALSE,"305",0
"960","Church, Mosque, Synagogue, Temple, etc...","960C","Church Model 94","single use","Woburn",1,"single",15,FALSE,FALSE,"960",1
"960","Church, Mosque, Synagogue, Temple, etc...","960I","Church Model 96","single use","Woburn",1,"single",15,FALSE,FALSE,"960",1
"960","Church, Mosque, Synagogue, Temple, etc...","960R","Church Model 01","single use","Woburn",1,"single",15,FALSE,FALSE,"960",1
"970","Housing Authority","970C","Housing Authority Model 94","single use","Woburn",1,"single",26,FALSE,FALSE,"101",0
"970","Housing Authority","970U","Housing Authority Model 05","single use","Woburn",1,"single",26,FALSE,FALSE,"101",0
"931","Improved, Selectmen or City Council (Municipal)","9032","IMPUTED - (formerly Municipalities/Districts.  Removed June 2009.)","single use","Woburn",1,"single",66,FALSE,FALSE,"903",0
"931","Improved, Selectmen or City Council (Municipal)","9032","FIRE","single use","Avon",1,"single",4,FALSE,FALSE,"814",0
"962","Other (Religious Org.)","906I","CHURCH ETC MDL96","single use","Avon",1,"single",16,FALSE,FALSE,"960",0
"934","Improved, Education (Municipal or County)","934C","Improved, Education (Municipal or County)","single use","Avon",1,"single",41,FALSE,FALSE,"286",0
"935","Improved, Municipal Public Safety","935C","Improved, Municipal Public Safety","single use","Avon",1,"single",33,FALSE,FALSE,"356",0
"954","Function Halls, Community Centers, Fraternal Organizations (Charitable Org.)","954C","Function Halls, Community Centers, Fraternal Organizations (Charitable Org.)","single use","Avon",1,"single",76,FALSE,FALSE,"954",1
"956","Libraries, Museums (Charitable Org.)","956C","Libraries, Museums (Charitable Org.)","single use","Avon",1,"single",36,FALSE,FALSE,"956",1
"960","Church, Mosque, Synagogue, Temple, etc...","960C","Church, Mosque, Synagogue, Temple, etc...","single use","Avon",1,"single",41,FALSE,FALSE,"960",1
"960","Church, Mosque, Synagogue, Temple, etc...","960I","Church, Mosque, Synagogue, Temple, etc...","single use","Avon",1,"single",41,FALSE,FALSE,"960",1
"970","Housing Authority","970C","Housing Authority","single use","Avon",1,"single",17,FALSE,FALSE,"101",0
"931","Improved, Selectmen or City Council (Municipal)","9035","Town Property","single use","Topsfield",1,"single",13,FALSE,FALSE,"505",0
"951","Other (Charitable Org.)","905C","(formerly Charitable Organizations (private hospitals, etc...).  Removed June 2009. )","single use","Topsfield",1,"single",85,FALSE,FALSE,"305",0
"962","Other (Religious Org.)","906R","CHURCH ETC  MDL-01","single use","Agawam",1,"single",18,FALSE,FALSE,"960",0
"962","Other (Religious Org.)","906V","CHURCH ETC  MDL-00","single use","Agawam",1,"single",18,FALSE,FALSE,"960",0
"930","Vacant, Selectmen or City Council (Municipal)","930V","VACANT, SELECTMEN/CITY COUNCIL","single use","Agawam",1,"single",30,FALSE,FALSE,"106",0
"943","Other Educational (Educational Private)","943I","EDU PRIVATE-OTHER MDL 96","single use","Agawam",1,"single",24,TRUE,FALSE,"305",0
"943","Other Educational (Educational Private)","943V","EDU PRIVATE-OTHER MDL 00","single use","Agawam",1,"single",24,TRUE,FALSE,"305",0
"953","Cemeteries (Charitable Org.)","953V","CHAR-CEMETERIES MDL 00","single use","Agawam",1,"single",22,FALSE,FALSE,"953",1
"959","Housing, Other (Charitable Org.)","959R","CHAR-HOUSING,OTHER MDL 01","single use","Agawam",1,"single",25,TRUE,FALSE,"101",0
"960","Church, Mosque, Synagogue, Temple, etc...","960V","CHURCH, MOSQUE, SYNAGOGUE MDL 00","single use","Agawam",1,"single",32,FALSE,FALSE,"960",1
"996","Other, Non-Taxable Condominium Common Land","996V","CONDO NON TAXABLE MDL 00","single use","Agawam",1,"single",24,FALSE,FALSE,"996",1
"924","Mass. Highway Dept. (MHD) (non-reimbursable)","9242","MA HIGHWAY NON C","single use","Sturbridge",1,"single",16,FALSE,FALSE,"924",1
"935","Improved, Municipal Public Safety","9351","TOWN PUBLIC SAFTEY C","single use","Sturbridge",1,"single",20,FALSE,FALSE,"356",0
"959","Housing, Other (Charitable Org.)","9591","CHAR HOUSING R","single use","Sturbridge",1,"single",14,FALSE,FALSE,"101",0
"960","Church, Mosque, Synagogue, Temple, etc...","9601","CHURCH/TEMPLE R","single use","Sturbridge",1,"single",15,FALSE,FALSE,"960",1
"960","Church, Mosque, Synagogue, Temple, etc...","9602","CHURCH/TEMPLE C","single use","Sturbridge",1,"single",15,FALSE,FALSE,"960",1
"957","Charitable Services","9571","IMPUTED - Charitable Services","single use","Sturbridge",1,"single",29,FALSE,FALSE,"371",0
"9000","United States Government","900V","United States Government vacant","single use","Randolph",1,"single",31,FALSE,FALSE,"900",0
"957","Charitable Services","957R","Vacant, Transportation Authority","single use","Barnstable",1,"single",32,FALSE,FALSE,"106",0
"9000","United States Government","900R","United States Government","single use","Barnstable",1,"single",24,FALSE,FALSE,"900",0
"960","Church, Mosque, Synagogue, Temple, etc...","960R","Church, Mosque, Synagogue, Temple, etc...","single use","Barnstable",1,"single",41,FALSE,FALSE,"960",1
"970","Housing Authority","970R","Housing Authority","single use","Barnstable",1,"single",17,FALSE,FALSE,"101",0
"928","Division of Capital Asset Management (DCAM) - Bureau of State Office Buildings (non-reimbursable)","928C","Cap Asset Bldg","single use","Rutland",1,"single",14,FALSE,FALSE,"928",1
"951","Other (Charitable Org.)","951C","Charitable Commercial","single use","Rutland",1,"single",21,FALSE,FALSE,"813",0
"951","Other (Charitable Org.)","951R","Charitable Residence","single use","Rutland",1,"single",20,FALSE,FALSE,"123",0
"109","Multiple Houses on one parcel","915C","State/Water Protection Comm Zone","single use","Rutland",1,"single",32,FALSE,FALSE,"109",1
"109","Multiple Houses on one parcel","915I","State/Water Protection Ind Zone","single use","Rutland",1,"single",31,FALSE,FALSE,"109",1
"935","Improved, Municipal Public Safety","9351","Town Public Safety Improved","single use","Rutland",1,"single",27,FALSE,FALSE,"356",0
"954","Function Halls, Community Centers, Fraternal Organizations (Charitable Org.)","9541","Fraternal","single use","Rutland",1,"single",9,FALSE,FALSE,"954",1
"959","Housing, Other (Charitable Org.)","9591","Charitable Housing","single use","Rutland",1,"single",18,FALSE,FALSE,"101",0
"960","Church, Mosque, Synagogue, Temple, etc...","9602","Church","single use","Rutland",1,"single",6,FALSE,FALSE,"960",1
"961","Rectory or Parsonage","9611","Rectory","single use","Rutland",1,"single",7,FALSE,FALSE,"961",1
"929","Comm. Of Mass. (Other, non-reimbursable)","929I","Comm. Of Mass. (Other, non-reimbursable)","single use","Barnstable",1,"single",40,TRUE,FALSE,"923",0
"929","Comm. Of Mass. (Other, non-reimbursable)","929V","Comm. Of Mass. (Other, non-reimbursable","single use","Barnstable",1,"single",39,TRUE,FALSE,"923",0
"959","Housing, Other (Charitable Org.)","959U","Char. Condo M-05","single use","Barnstable",1,"single",16,FALSE,FALSE,"102",0
"962","Other (Religious Org.)","962V","Religious Other  M-00","single use","Barnstable",1,"single",21,TRUE,FALSE,"962",1
"956","Libraries, Museums (Charitable Org.)","956R","Library-Museum M-01","single use","Barnstable",1,"single",19,FALSE,FALSE,"956",1
"957","Charitable Services","957V","Char Svcs Vacant","single use","Barnstable",1,"single",16,FALSE,FALSE,"106",0
"960","Church, Mosque, Synagogue, Temple, etc...","960I","Church Etc M96","single use","Barnstable",1,"single",14,FALSE,FALSE,"960",1
"962","Other (Religious Org.)","962R","Religious Other M-01","single use","Barnstable",1,"single",20,TRUE,FALSE,"962",1
"992","Improved, County or Regional, Deeds or Administration","992R","County M-01","single use","Barnstable",1,"single",11,FALSE,FALSE,"286",0
"992","Improved, County or Regional, Deeds or Administration","992I","County M96","single use","Barnstable",1,"single",10,FALSE,FALSE,"286",0
"9000","United States Government","900V","UNITED STATES GOVERNMENT","single use","Barnstable",1,"single",24,FALSE,FALSE,"900",0
"994","Improved County or Regional Association Commission","902I","COUNTY MDL-96","single use","Boylston",1,"single",13,FALSE,FALSE,"286",0
"994","Improved County or Regional Association Commission","902V","COUNTY MDL-00","single use","Boylston",1,"single",13,FALSE,FALSE,"286",0
"962","Other (Religious Org.)","906C","CHURCH ETC M94","single use","Southbridge",1,"single",14,FALSE,FALSE,"960",0
"962","Other (Religious Org.)","906I","CHURCH ETC M96","single use","Southbridge",1,"single",14,FALSE,FALSE,"960",0
"935","Improved, Municipal Public Safety","935C","IMPROV PUBLIC SAFETY","single use","Southbridge",1,"single",20,FALSE,FALSE,"356",0
"953","Cemeteries (Charitable Org.)","953C","CEMETERIES IMP M94","single use","Southbridge",1,"single",18,FALSE,FALSE,"953",1
"955","Hospitals (Charitable Org.)","955C","HOSPITALS M94","single use","Southbridge",1,"single",13,FALSE,FALSE,"305",0
"955","Hospitals (Charitable Org.)","955R","HOSPITALS M01","single use","Southbridge",1,"single",13,FALSE,FALSE,"305",0
"957","Charitable Services","957C","OFFICE BLD","single use","Southbridge",1,"single",10,FALSE,FALSE,"928",0
"959","Housing, Other (Charitable Org.)","959C","HOUSING OTHER M94","single use","Southbridge",1,"single",17,TRUE,FALSE,"101",0
"960","Church, Mosque, Synagogue, Temple, etc...","960C","CHURCH M94","single use","Southbridge",1,"single",10,FALSE,FALSE,"960",1
"960","Church, Mosque, Synagogue, Temple, etc...","960R","CHURCH M01","single use","Southbridge",1,"single",10,FALSE,FALSE,"960",1
"961","Rectory or Parsonage","961C","RECTORY M94","single use","Southbridge",1,"single",11,FALSE,FALSE,"961",1
"961","Rectory or Parsonage","961R","RECTORY M01","single use","Southbridge",1,"single",11,FALSE,FALSE,"961",1
"962","Other (Religious Org.)","962C","RELIGIOUS OTHER M94","single use","Southbridge",1,"single",19,TRUE,FALSE,"962",1
"959","Housing, Other (Charitable Org.)","959R","HOUSING OTHER M01","single use","Southbridge",1,"single",17,TRUE,FALSE,"101",0
"951","Other (Charitable Org.)","905C","IMPUTED - (formerly Charitable Organizations (private hospitals, etc...).  Removed June 2009. )","single use","Southbridge",1,"single",95,FALSE,FALSE,"305",0
"962","Other (Religious Org.)","906R","CHURCH ETC MDL","single use","Boylston",1,"single",14,FALSE,FALSE,"960",0
"962","Other (Religious Org.)","906V","CHURCH ETC MCL","single use","Boylston",1,"single",14,FALSE,FALSE,"960",0
"920","Dept. of Conservation and Recreation (DCR) - Division of Urban Parks and Recreation (non-reimbursable)","920V","NON-PROFIT VACA","single use","Boylston",1,"single",15,FALSE,FALSE,"106",0
"960","Church, Mosque, Synagogue, Temple, etc...","9601","IMPUTED - Church, Mosque, Synagogue, Temple, etc...","single use","Boylston",1,"single",51,FALSE,FALSE,"960",1
"931","Improved, Selectmen or City Council (Municipal)","9033","Public School","single use","Granby",1,"single",13,FALSE,FALSE,"356",0
"931","Improved, Selectmen or City Council (Municipal)","9035","Town Property","single use","Granby",1,"single",13,FALSE,FALSE,"505",0
"931","Improved, Selectmen or City Council (Municipal)","903I","Town Property - Industrial","single use","Granby",1,"single",26,FALSE,FALSE,"505",0
"931","Improved, Selectmen or City Council (Municipal)","903R","Town Property - Residential","single use","Granby",1,"single",27,FALSE,FALSE,"505",0
"931","Improved, Selectmen or City Council (Municipal)","903V","Town Property - Vacant","single use","Granby",1,"single",22,FALSE,FALSE,"106",0
"951","Other (Charitable Org.)","905V","Non-Profit - Vacant","single use","Granby",1,"single",19,FALSE,FALSE,"106",0
"910","Dept. of Conservation and Recreation (DCR), Division of State Parks and Recreation","910V","Dept. of Conservation & Recreation - Vacant","single use","Granby",1,"single",43,FALSE,FALSE,"918",0
"920","Dept. of Conservation and Recreation (DCR) - Division of Urban Parks and Recreation (non-reimbursable)","920V","Dept. of Conservation & Recreation - Vacant","single use","Granby",1,"single",43,FALSE,FALSE,"918",0
"962","Other (Religious Org.)","906R","Church residential","single use","Granby",1,"single",18,FALSE,FALSE,"960",0
"962","Other (Religious Org.)","906V","Church Vacant","single use","Granby",1,"single",13,FALSE,FALSE,"960",0
"931","Improved, Selectmen or City Council (Municipal)","903V","MUNICIPAL VAC","single use","Quincy",1,"single",13,FALSE,FALSE,"106",0
"910","Dept. of Conservation and Recreation (DCR), Division of State Parks and Recreation","910C","COM DCR PARKS REC","single use","Quincy",1,"single",17,FALSE,FALSE,"103",0
"910","Dept. of Conservation and Recreation (DCR), Division of State Parks and Recreation","910M","EX CONDO  MDL-06","single use","Quincy",1,"single",16,FALSE,FALSE,"102",0
"920","Dept. of Conservation and Recreation (DCR) - Division of Urban Parks and Recreation (non-reimbursable)","920C","COM DCR PARKS REC","single use","Quincy",1,"single",17,FALSE,FALSE,"103",0
"920","Dept. of Conservation and Recreation (DCR) - Division of Urban Parks and Recreation (non-reimbursable)","920V","COM DCR PARKS VAC","single use","Quincy",1,"single",17,FALSE,FALSE,"103",0
"924","Mass. Highway Dept. (MHD) (non-reimbursable)","924V","COM MASS HIGHWAY","single use","Quincy",1,"single",16,FALSE,FALSE,"924",1
"928","Division of Capital Asset Management (DCAM) - Bureau of State Office Buildings (non-reimbursable)","928V","COMM MASS CAP PLAN","single use","Quincy",1,"single",18,FALSE,FALSE,"717",0
"932","Vacant, Conservation (Municipal or County)","932V","CITY CONS VACANT","single use","Quincy",1,"single",16,FALSE,FALSE,"106",0
"933","Vacant, Education (Municipal or County)","933V","VAC EDUCATION","single use","Quincy",1,"single",13,FALSE,FALSE,"106",0
"934","Improved, Education (Municipal or County)","934V","VAC EDU","single use","Quincy",1,"single",7,FALSE,FALSE,"106",0
"935","Improved, Municipal Public Safety","935I","IMP PUBLIC SAFETY","single use","Quincy",1,"single",17,FALSE,FALSE,"356",0
"936","Vacant, Tax Title/Treasurer","936V","TAX TITLE VAC","single use","Quincy",1,"single",13,FALSE,FALSE,"106",0
"942","College or University (Educational Private)","942V","VAC PRIV COL","single use","Quincy",1,"single",12,FALSE,FALSE,"106",0
"953","Cemeteries (Charitable Org.)","953V","CEMETERY","single use","Quincy",1,"single",8,FALSE,FALSE,"953",1
"957","Charitable Services","957V","CHAR SERV VAC","single use","Quincy",1,"single",13,FALSE,FALSE,"106",0
"959","Housing, Other (Charitable Org.)","959C","HSING","single use","Quincy",1,"single",5,FALSE,FALSE,"101",0
"959","Housing, Other (Charitable Org.)","959R","CHARITABLE HOUSING","single use","Quincy",1,"single",18,FALSE,FALSE,"101",0
"960","Church, Mosque, Synagogue, Temple, etc...","960C","CHURCH","single use","Quincy",1,"single",6,FALSE,FALSE,"960",1
"960","Church, Mosque, Synagogue, Temple, etc...","960I","CHURCH","single use","Quincy",1,"single",6,FALSE,FALSE,"960",1
"960","Church, Mosque, Synagogue, Temple, etc...","960R","CHURCH","single use","Quincy",1,"single",6,FALSE,FALSE,"960",1
"960","Church, Mosque, Synagogue, Temple, etc...","960V","CHURCH VAC","single use","Quincy",1,"single",10,FALSE,FALSE,"960",1
"961","Rectory or Parsonage","961C","RECTORY","single use","Quincy",1,"single",7,FALSE,FALSE,"961",1
"961","Rectory or Parsonage","961R","RECTORY","single use","Quincy",1,"single",7,FALSE,FALSE,"961",1
"962","Other (Religious Org.)","962C","OTHER RELIG","single use","Quincy",1,"single",11,TRUE,FALSE,"962",1
"962","Other (Religious Org.)","962V","RELIG VAC","single use","Quincy",1,"single",9,FALSE,FALSE,"962",1
"970","Housing Authority","970C","HSING AUTHORITY","single use","Quincy",1,"single",15,FALSE,FALSE,"101",0
"970","Housing Authority","970R","HSING AUTH","single use","Quincy",1,"single",10,FALSE,FALSE,"101",0
"970","Housing Authority","970V","HSING AUTH MDL 00","single use","Quincy",1,"single",17,FALSE,FALSE,"101",0
"939","Improved, District (County)","939R","Improved, District (County)","single use","Edgartown",1,"single",27,FALSE,FALSE,"286",0
"950","Vacant, Conservation Organizations (Charitable Org.)","950I","Vacant, Conservation Organizations (Charitable Org.)","single use","Edgartown",1,"single",52,FALSE,FALSE,"106",0
"954","Function Halls, Community Centers, Fraternal Organizations (Charitable Org.)","954V","Function Halls, Community Centers, Fraternal Organizations (Charitable Org.)","single use","Edgartown",1,"single",76,FALSE,FALSE,"954",1
"954","Function Halls, Community Centers, Fraternal Organizations (Charitable Org.)","954X","Function Halls, Community Centers, Fraternal Organizations (Charitable Org.)","single use","Edgartown",1,"single",76,FALSE,FALSE,"954",1
"935","Improved, Municipal Public Safety","935I","Improved, Municipal Public Safety","single use","Edgartown",1,"single",33,FALSE,FALSE,"356",0
"950","Vacant, Conservation Organizations (Charitable Org.)","950R","Vacant, Conservation Organizations (Charitable Org.)","single use","Edgartown",1,"single",52,FALSE,FALSE,"106",0
"956","Libraries, Museums (Charitable Org.)","956C","Libraries, Museums (Charitable Org.)","single use","Edgartown",1,"single",36,FALSE,FALSE,"956",1
"957","Charitable Services","957R","Charitable Services","single use","Edgartown",1,"single",19,FALSE,FALSE,"371",0
"960","Church, Mosque, Synagogue, Temple, etc...","960I","Rectory or Parsonage","single use","Edgartown",1,"single",20,FALSE,FALSE,"961",0
"989","Improved, Other District (County)","989C","Improved, Other District (County)","single use","Edgartown",1,"single",33,TRUE,FALSE,"286",0
"993","Improved County or Regional Correctional","993V","Improved County or Regional Correctional","single use","Edgartown",1,"single",40,FALSE,FALSE,"993",1
"959","Housing, Other (Charitable Org.)","959R","Housing, Other (Charitable Org.)","single use","Edgartown",1,"single",32,TRUE,FALSE,"101",0
"931","Improved, Selectmen or City Council (Municipal)","9035","(formerly Municipalities/Districts.  Removed June 2009.)","single use","Edgartown",1,"single",56,FALSE,FALSE,"903",0
"980","Vacant, Selectmen or City Council, Other City or Town (Municipal)","980V","Vacant, Selectmen or City Council, Other City or Town (Municipal)","single use","Edgartown",1,"single",65,TRUE,FALSE,"106",0
"956","Libraries, Museums (Charitable Org.)","956R","IMPUTED - Libraries, Museums (Charitable Org.)","single use","Edgartown",1,"single",46,FALSE,FALSE,"956",1
"960","Church, Mosque, Synagogue, Temple, etc...","960V","Religious","single use","Lakeville",1,"single",9,FALSE,FALSE,"962",0
"960","Church, Mosque, Synagogue, Temple, etc...","960R","Church Etc","single use","Lakeville",1,"single",10,FALSE,FALSE,"960",1
"935","Improved, Municipal Public Safety","9351","Dudley Public Safety C","single use","Dudley",1,"single",22,FALSE,FALSE,"356",0
"942","College or University (Educational Private)","9421","Priv College C","single use","Dudley",1,"single",14,FALSE,FALSE,"942",1
"954","Function Halls, Community Centers, Fraternal Organizations (Charitable Org.)","9541","Fraternal Org C","single use","Dudley",1,"single",15,FALSE,FALSE,"954",1
"958","Recreation, Active Use (Charitable Org.)","9582","Char Rec Activity C","single use","Dudley",1,"single",19,FALSE,FALSE,"106",0
"960","Church, Mosque, Synagogue, Temple, etc...","9601","Church/Temple R","single use","Dudley",1,"single",15,FALSE,FALSE,"960",1
"960","Church, Mosque, Synagogue, Temple, etc...","9602","Church/Temple C","single use","Dudley",1,"single",15,FALSE,FALSE,"960",1
"961","Rectory or Parsonage","9611","Rectory/Parsonage R","single use","Dudley",1,"single",19,FALSE,FALSE,"961",1
"970","Housing Authority","9701","Housing Authority C","single use","Dudley",1,"single",19,FALSE,FALSE,"101",0
"994","Improved County or Regional Association Commission","9941","County Commission C","single use","Dudley",1,"single",19,FALSE,FALSE,"994",1
"957","Charitable Services","9571","Char Services C","single use","Dudley",1,"single",15,FALSE,FALSE,"371",0
"930","Vacant, Selectmen or City Council (Municipal)","9301","Vac,Select, Beach","single use","Eastham",1,"single",17,FALSE,FALSE,"106",0
"930","Vacant, Selectmen or City Council (Municipal)","9302","Vac,Select, Marsh","single use","Eastham",1,"single",17,FALSE,FALSE,"106",0
"930","Vacant, Selectmen or City Council (Municipal)","9305","Vac,Select,Rstrct","single use","Eastham",1,"single",17,FALSE,FALSE,"106",0
"936","Vacant, Tax Title/Treasurer","9362","Vac,Tax Title,Marsh","single use","Eastham",1,"single",19,FALSE,FALSE,"106",0
"936","Vacant, Tax Title/Treasurer","9363","Vac,Tax Title, Rec","single use","Eastham",1,"single",18,FALSE,FALSE,"106",0
"936","Vacant, Tax Title/Treasurer","9364","Vac,Tax Title, Consv","single use","Eastham",1,"single",20,FALSE,FALSE,"106",0
"930","Vacant, Selectmen or City Council (Municipal)","9304","Vac,Select, Consv","single use","Eastham",1,"single",17,FALSE,FALSE,"106",0
"959","Housing, Other (Charitable Org.)","959C","HOUSING OTHER C","single use","Rochester",1,"single",15,TRUE,FALSE,"101",0
"959","Housing, Other (Charitable Org.)","959V","HOUSING V","single use","Rochester",1,"single",9,FALSE,FALSE,"101",0
"931","Improved, Selectmen or City Council (Municipal)","9031","POLICE","single use","Wilbraham",1,"single",6,FALSE,FALSE,"922",0
"931","Improved, Selectmen or City Council (Municipal)","9032","FIRE","single use","Wilbraham",1,"single",4,FALSE,FALSE,"814",0
"920","Dept. of Conservation and Recreation (DCR) - Division of Urban Parks and Recreation (non-reimbursable)","920R","NON-PROFIT","single use","Wilbraham",1,"single",10,FALSE,FALSE,"125",0
"931","Improved, Selectmen or City Council (Municipal)","903I","(formerly Municipalities/Districts.  Removed June 2009.)","single use","Wilbraham",1,"single",56,FALSE,FALSE,"903",0
"942","College or University (Educational Private)","904V","(formerly Colleges, Schools(private).  Removed June 2009. )","single use","Wilbraham",1,"single",59,FALSE,FALSE,"904",0
"951","Other (Charitable Org.)","905R","(formerly Charitable Organizations (private hospitals, etc...).  Removed June 2009. )","single use","Wilbraham",1,"single",85,FALSE,FALSE,"305",0
"962","Other (Religious Org.)","906V","(formerly Religious Organizations.  Removed June 2009.)","single use","Wilbraham",1,"single",55,FALSE,FALSE,"962",1
"990","121A Corporations","907R","(formerly 121A Corporations.  Removed June 2009.)","single use","Wilbraham",1,"single",49,FALSE,FALSE,"502",0
"970","Housing Authority","908R","(formerly Housing Authority.  Removed June 2009.)","single use","Wilbraham",1,"single",49,FALSE,FALSE,"101",0
"920","Dept. of Conservation and Recreation (DCR) - Division of Urban Parks and Recreation (non-reimbursable)","920V","NON-PROFIT","single use","Wilbraham",1,"single",10,FALSE,FALSE,"125",0
"970","Housing Authority","9081","Apartments","single use","Dracut",1,"single",10,FALSE,FALSE,"361",0
"931","Improved, Selectmen or City Council (Municipal)","9311","Bungalow","single use","Dracut",1,"single",8,FALSE,FALSE,"918",0
"961","Rectory or Parsonage","9611","CondominiumCondomini","single use","Dracut",1,"single",20,FALSE,FALSE,"996",0
"970","Housing Authority","9702","Condominium","single use","Dracut",1,"single",11,FALSE,FALSE,"996",0
"970","Housing Authority","970C","Apartments","single use","Dracut",1,"single",10,FALSE,FALSE,"361",0
"974","Vacant, Utility Authority","9741","UA Vacant WA","single use","Fall River",1,"single",12,FALSE,FALSE,"106",0
"974","Vacant, Utility Authority","9743","UA Vacant Stormwater Land for Drainage","single use","Fall River",1,"single",38,FALSE,FALSE,"106",0
"932","Vacant, Conservation (Municipal or County)","9321","Vacant Water Conservation","single use","Fall River",1,"single",25,FALSE,FALSE,"106",0
"931","Improved, Selectmen or City Council (Municipal)","903V","United States Government","single use","Winthrop",1,"single",24,FALSE,FALSE,"900",0
"970","Housing Authority","908M","Housing Authority.","single use","Winthrop",1,"single",18,FALSE,FALSE,"101",0
"930","Vacant, Selectmen or City Council (Municipal)","930V","Vacant, Selectmen or City Council (Municipal)","single use","Winthrop",1,"single",45,FALSE,FALSE,"106",0
"954","Function Halls, Community Centers, Fraternal Organizations (Charitable Org.)","954C","Function Halls, Community Centers, Fraternal Organizations (Charitable Org.)","single use","Winthrop",1,"single",76,FALSE,FALSE,"954",1
"954","Function Halls, Community Centers, Fraternal Organizations (Charitable Org.)","954V","Function Halls, Community Centers, Fraternal Organizations (Charitable Org.)","single use","Winthrop",1,"single",76,FALSE,FALSE,"954",1
"957","Charitable Services","957C","Charitable Services","single use","Winthrop",1,"single",19,FALSE,FALSE,"371",0
"957","Charitable Services","957M","Charitable Services","single use","Winthrop",1,"single",19,FALSE,FALSE,"371",0
"957","Charitable Services","957R","Charitable Services","single use","Winthrop",1,"single",19,FALSE,FALSE,"371",0
"960","Church, Mosque, Synagogue, Temple, etc...","960I","Church, Mosque, Synagogue, Temple, etc...","single use","Winthrop",1,"single",41,FALSE,FALSE,"960",1
"931","Improved, Selectmen or City Council (Municipal)","9033","IMPUTED - (formerly Municipalities/Districts.  Removed June 2009.)","single use","Winthrop",1,"single",66,FALSE,FALSE,"903",0
"951","Other (Charitable Org.)","905C","IMPUTED - (formerly Charitable Organizations (private hospitals, etc...).  Removed June 2009. )","single use","Winthrop",1,"single",95,FALSE,FALSE,"305",0
"962","Other (Religious Org.)","906C","IMPUTED - (formerly Religious Organizations.  Removed June 2009.)","single use","Winthrop",1,"single",65,FALSE,FALSE,"962",1
"919","Comm. Of Mass. (Other)","9016","IMPUTED - Commonwealth of Massachusetts","single use","Russell",1,"single",39,FALSE,FALSE,"901",0
"931","Improved, Selectmen or City Council (Municipal)","9032","IMPUTED - Municipalities/Districts","single use","Russell",1,"single",34,FALSE,FALSE,"903",0
"931","Improved, Selectmen or City Council (Municipal)","9035","IMPUTED - Municipalities/Districts","single use","Russell",1,"single",34,FALSE,FALSE,"903",0
"931","Improved, Selectmen or City Council (Municipal)","903V","IMPUTED - Municipalities/Districts","single use","Russell",1,"single",34,FALSE,FALSE,"903",0
"936","Vacant, Tax Title/Treasurer","936V","IMPUTED - Vacant, Tax Title/Treasurer","single use","Russell",1,"single",37,FALSE,FALSE,"106",0
"957","Charitable Services","957V","IMPUTED - Charitable Services","single use","Winthrop",1,"single",29,FALSE,FALSE,"371",0
"931","Improved, Selectmen or City Council (Municipal)","9032","FIRE","single use","Weston",1,"single",4,FALSE,FALSE,"814",0
"930","Vacant, Selectmen or City Council (Municipal)","930V","Exempt Vacant Land - Board of Selectmen","single use","Weston",1,"single",39,FALSE,FALSE,"918",0
"931","Improved, Selectmen or City Council (Municipal)","931I","Exempt Improved Land - Board of Selectmen","single use","Weston",1,"single",41,FALSE,FALSE,"918",0
"931","Improved, Selectmen or City Council (Municipal)","931R","Exempt Improved Land - Board of Selectmen","single use","Weston",1,"single",41,FALSE,FALSE,"918",0
"940","Elementary Level (Educational Private)","940R","Exempt Elementary School","single use","Weston",1,"single",24,FALSE,FALSE,"940",1
"940","Elementary Level (Educational Private)","940V","Exempt Vacant Land Elementary School","single use","Weston",1,"single",36,FALSE,FALSE,"940",1
"942","College or University (Educational Private)","942V","Exempt College or University","single use","Weston",1,"single",28,FALSE,FALSE,"942",1
"953","Cemeteries (Charitable Org.)","953V","Exempt Cemeteries","single use","Weston",1,"single",17,FALSE,FALSE,"953",1
"956","Libraries, Museums (Charitable Org.)","956R","Exempt Libraries, Museums","single use","Weston",1,"single",25,FALSE,FALSE,"956",1
"956","Libraries, Museums (Charitable Org.)","956V","Exempt Vacant Land Libraries, Museums","single use","Weston",1,"single",37,FALSE,FALSE,"956",1
"960","Church, Mosque, Synagogue, Temple, etc...","960V","Exempt Vacant Land Church, Mosque, Synagogue, Temples etc.","single use","Weston",1,"single",58,FALSE,FALSE,"960",1
"961","Rectory or Parsonage","961R","Exempt Church, Mosque, Synagogue, Temples etc.","single use","Weston",1,"single",46,FALSE,FALSE,"960",0
"980","Vacant, Selectmen or City Council, Other City or Town (Municipal)","980V","Exempt Vacant Land held by other towns, cities - Selectmen","single use","Weston",1,"single",58,TRUE,FALSE,"106",0
"982","Vacant, Conservation, Other City or Town","982V","Exempt Vacant Conservation Land held by other towns, cities - Selectmen","single use","Weston",1,"single",71,TRUE,FALSE,"106",0
"920","Dept. of Conservation and Recreation (DCR) - Division of Urban Parks and Recreation (non-reimbursable)","920V","COMM OF MASS VACANT LAND","single use","Somerville",1,"single",24,FALSE,FALSE,"106",0
"942","College or University (Educational Private)","942V","COLL UNIV VACANT","single use","Somerville",1,"single",16,FALSE,FALSE,"106",0
"957","Charitable Services","957C","CHARITABLE CONDO","single use","Somerville",1,"single",16,FALSE,FALSE,"102",0
"959","Housing, Other (Charitable Org.)","959R","HOUSING OTHER RES","single use","Somerville",1,"single",17,TRUE,FALSE,"101",0
"960","Church, Mosque, Synagogue, Temple, etc...","960C","RELIGIOUS CONDO","single use","Somerville",1,"single",15,FALSE,FALSE,"962",0
"960","Church, Mosque, Synagogue, Temple, etc...","960V","RELIGIOUS VACANT","single use","Somerville",1,"single",16,FALSE,FALSE,"962",0
"970","Housing Authority","970C","HOUSING AUTHORITY","single use","Somerville",1,"single",17,FALSE,FALSE,"101",0
"972","Transportation Authority","972V","MBTA VACANT LAND","single use","Somerville",1,"single",16,FALSE,FALSE,"106",0
"930","Vacant, Selectmen or City Council (Municipal)","930C","CITY OWNED CONDO","single use","Somerville",1,"single",16,FALSE,FALSE,"102",0
"931","Improved, Selectmen or City Council (Municipal)","9032","Fire Station","single use","Rockport",1,"single",12,FALSE,FALSE,"814",0
"931","Improved, Selectmen or City Council (Municipal)","9033","Public School","single use","Rockport",1,"single",13,FALSE,FALSE,"356",0
"931","Improved, Selectmen or City Council (Municipal)","9034","Municipal Commercial","single use","Rockport",1,"single",20,FALSE,FALSE,"813",0
"931","Improved, Selectmen or City Council (Municipal)","9035","Municipal Vacant","single use","Rockport",1,"single",16,FALSE,FALSE,"106",0
"962","Other (Religious Org.)","9061","Church Residential","single use","Rockport",1,"single",18,FALSE,FALSE,"960",0
"962","Other (Religious Org.)","9064","Church Commercial","single use","Rockport",1,"single",17,FALSE,FALSE,"960",0
"970","Housing Authority","9084","Housing Authority","single use","Rockport",1,"single",17,FALSE,FALSE,"101",0
"930","Vacant, Selectmen or City Council (Municipal)","9301","Non Profit Residential","single use","Rockport",1,"single",22,FALSE,FALSE,"125",0
"930","Vacant, Selectmen or City Council (Municipal)","9304","Non Profit Commercial","single use","Rockport",1,"single",21,FALSE,FALSE,"125",0
"930","Vacant, Selectmen or City Council (Municipal)","9306","Non Profit Industrial","single use","Rockport",1,"single",21,FALSE,FALSE,"125",0
"931","Improved, Selectmen or City Council (Municipal)","903X","CEMETERY  MDL-00","single use","Holden",1,"single",16,FALSE,FALSE,"953",0
"924","Mass. Highway Dept. (MHD) (non-reimbursable)","924V","MA HIGHWAY  MDL-00","single use","Holden",1,"single",18,FALSE,FALSE,"924",1
"932","Vacant, Conservation (Municipal or County)","932V","VAC CONSRV MDL-00","single use","Holden",1,"single",17,FALSE,FALSE,"106",0
"933","Vacant, Education (Municipal or County)","933V","VAC EDU MDL-00","single use","Holden",1,"single",14,FALSE,FALSE,"106",0
"935","Improved, Municipal Public Safety","935I","IMP PUBLIC SAF MDL-96","single use","Holden",1,"single",21,FALSE,FALSE,"356",0
"938","Vacant, District (County)","938V","VAC DISTRCT  MDL-00","single use","Holden",1,"single",19,FALSE,FALSE,"106",0
"960","Church, Mosque, Synagogue, Temple, etc...","960C","CHURCH ETC  MDL-94","single use","Holden",1,"single",18,FALSE,FALSE,"960",1
"960","Church, Mosque, Synagogue, Temple, etc...","960I","CHURCH ETC  MDL-96","single use","Holden",1,"single",18,FALSE,FALSE,"960",1
"960","Church, Mosque, Synagogue, Temple, etc...","960R","CHURCH ETC  MDL-01","single use","Holden",1,"single",18,FALSE,FALSE,"960",1
"960","Church, Mosque, Synagogue, Temple, etc...","960V","CHURCH ETC  MDL-00","single use","Holden",1,"single",18,FALSE,FALSE,"960",1
"961","Rectory or Parsonage","961R","PARSONAGE MDL-01","single use","Holden",1,"single",16,FALSE,FALSE,"961",1
"973","Vacant, Housing Authority","973V","VAC HSNG AUTH  MDL-00","single use","Holden",1,"single",21,FALSE,FALSE,"106",0
"980","Vacant, Selectmen or City Council, Other City or Town (Municipal)","980V","VAC SELCTMAN  MDL-00","single use","Holden",1,"single",20,FALSE,FALSE,"106",0
"961","Rectory or Parsonage","961P","Exempt Residential Condo","single use","Holden",1,"single",24,FALSE,FALSE,"102",0
"953","Cemeteries (Charitable Org.)","953I","Cemetery Improv","single use","Mansfield",1,"single",15,FALSE,FALSE,"953",1
"955","Hospitals (Charitable Org.)","955C","Hospitals Healt","single use","Mansfield",1,"single",15,FALSE,FALSE,"305",0
"960","Church, Mosque, Synagogue, Temple, etc...","960I","Church, Mosque  E","single use","Mansfield",1,"single",17,FALSE,FALSE,"960",1
"960","Church, Mosque, Synagogue, Temple, etc...","960R","Vac Church","single use","Mansfield",1,"single",10,FALSE,FALSE,"960",1
"961","Rectory or Parsonage","961R","Church Rectory","single use","Mansfield",1,"single",14,FALSE,FALSE,"960",0
"970","Housing Authority","970C","Housing Authority","single use","Mansfield",1,"single",17,FALSE,FALSE,"101",0
"920","Dept. of Conservation and Recreation (DCR) - Division of Urban Parks and Recreation (non-reimbursable)","920I","NON PROFIT","single use","Mansfield",1,"single",10,FALSE,FALSE,"125",0
"931","Improved, Selectmen or City Council (Municipal)","903R","Exempt, Vacant, Selectmen or City Council","single use","Sterling",1,"single",41,FALSE,FALSE,"106",0
"995","Other, Open Space","995V","Condo main land","single use","Sterling",1,"single",15,FALSE,FALSE,"102",0
"950","Vacant, Conservation Organizations (Charitable Org.)","950R","IMPUTED - Vacant Conservation Land","single use","Sterling",1,"single",34,FALSE,FALSE,"106",0
"962","Other (Religious Org.)","906C","CHURCH ETC  MDL-94","single use","Lexington",1,"single",18,FALSE,FALSE,"960",0
"920","Dept. of Conservation and Recreation (DCR) - Division of Urban Parks and Recreation (non-reimbursable)","920V","NON PROFIT  MDL-00","single use","Lexington",1,"single",18,FALSE,FALSE,"125",0
"962","Other (Religious Org.)","906V","CHURCH ETC  MDL-00","single use","Lexington",1,"single",18,FALSE,FALSE,"960",0
"995","Other, Open Space","995C","CONDO MAIN COM","single use","Lexington",1,"single",14,FALSE,FALSE,"102",0
"995","Other, Open Space","995I","IND CONDO MAIN","single use","Lexington",1,"single",14,FALSE,FALSE,"102",0
"920","Dept. of Conservation and Recreation (DCR) - Division of Urban Parks and Recreation (non-reimbursable)","920C","Non Profit MDL-94","single use","Lexington",1,"single",17,FALSE,FALSE,"125",0
"962","Other (Religious Org.)","906I","CHURCH ECT MDL-96","single use","Lexington",1,"single",17,FALSE,FALSE,"960",0
"931","Improved, Selectmen or City Council (Municipal)","931A","AFFORDABLE LEXHAB","single use","Lexington",1,"single",17,FALSE,FALSE,"114",0
"9000","United States Government","900F","PUBLIC SERVICE PROPERTY","single use","Lexington",1,"single",23,FALSE,FALSE,"356",0
"9000","United States Government","900R","US GOVERNMENT","single use","Lexington",1,"single",13,FALSE,FALSE,"900",0
"930","Vacant, Selectmen or City Council (Municipal)","930V","MUNICIPAL VACANT","single use","Lexington",1,"single",16,FALSE,FALSE,"106",0
"931","Improved, Selectmen or City Council (Municipal)","931C","MUNICIPAL CONDO","single use","Lexington",1,"single",15,FALSE,FALSE,"102",0
"931","Improved, Selectmen or City Council (Municipal)","931S","MUNICIPAL SINGLE","single use","Lexington",1,"single",16,FALSE,FALSE,"101",0
"935","Improved, Municipal Public Safety","935V","MUNI EMERGENCY SERVICES","single use","Lexington",1,"single",23,FALSE,FALSE,"371",0
"940","Elementary Level (Educational Private)","940R","EDU PRIVATE","single use","Lexington",1,"single",11,FALSE,FALSE,"305",0
"940","Elementary Level (Educational Private)","940V","EDU PRIVATE","single use","Lexington",1,"single",11,FALSE,FALSE,"305",0
"944","Auxiliary Athletic (Educational Private)","944V","EDU PRIVATE AUX","single use","Lexington",1,"single",15,FALSE,FALSE,"305",0
"946","Vacant (Educational Private)","946V","EDUCATIONAL VACANT","single use","Lexington",1,"single",18,FALSE,FALSE,"106",0
"956","Libraries, Museums (Charitable Org.)","956R","CHARITABLE LIBRARY/MUSEUM","single use","Lexington",1,"single",25,FALSE,FALSE,"956",1
"956","Libraries, Museums (Charitable Org.)","956V","CHARITABLE LIBRARY/MUSEUM","single use","Lexington",1,"single",25,FALSE,FALSE,"956",1
"959","Housing, Other (Charitable Org.)","959M","CHARITABLE HOUSING MULTI","single use","Lexington",1,"single",24,FALSE,FALSE,"101",0
"959","Housing, Other (Charitable Org.)","959S","CHARITABLE HOUSING SINGLE","single use","Lexington",1,"single",25,FALSE,FALSE,"101",0
"960","Church, Mosque, Synagogue, Temple, etc...","960V","RELIGIOUS CHURCH","single use","Lexington",1,"single",16,FALSE,FALSE,"960",1
"970","Housing Authority","970C","AUTHORITY CONDO","single use","Lexington",1,"single",15,FALSE,FALSE,"102",0
"970","Housing Authority","970S","AUTHORITY SINGLE","single use","Lexington",1,"single",16,FALSE,FALSE,"101",0
"973","Vacant, Housing Authority","973V","AUTHORITY VACANT","single use","Lexington",1,"single",16,FALSE,FALSE,"106",0
"988","Vacant, Other District (County)","988V","NON-LEXINGTON LAND","single use","Lexington",1,"single",18,FALSE,FALSE,"125",0
"962","Other (Religious Org.)","9061","Church - Res","single use","Amherst",1,"single",12,FALSE,FALSE,"960",0
"962","Other (Religious Org.)","906C","Church R Com","single use","Amherst",1,"single",12,FALSE,FALSE,"960",0
"962","Other (Religious Org.)","9062","Church C","single use","Amherst",1,"single",8,FALSE,FALSE,"960",0
"951","Other (Charitable Org.)","905U","Char R Condo","single use","Amherst",1,"single",12,FALSE,FALSE,"102",0
"994","Improved County or Regional Association Commission","902V","COUNTY MDL-00","single use","Dedham",1,"single",13,FALSE,FALSE,"286",0
"962","Other (Religious Org.)","906R","CHURCH ETC MDL-01","single use","Dedham",1,"single",17,FALSE,FALSE,"960",0
"930","Vacant, Selectmen or City Council (Municipal)","930W","MUN VACANT WATER","single use","Dedham",1,"single",16,FALSE,FALSE,"106",0
"942","College or University (Educational Private)","942R","PRVT COLLEGE","single use","Dedham",1,"single",12,FALSE,FALSE,"942",1
"945","Affiliated Housing (Educational Private)","945C","PRIV AFF HSING COMM","single use","Dedham",1,"single",19,FALSE,FALSE,"101",0
"954","Function Halls, Community Centers, Fraternal Organizations (Charitable Org.)","954V","CHARITABLE VACANT","single use","Dedham",1,"single",17,FALSE,FALSE,"106",0
"957","Charitable Services","957C","CHARITABLE CM CONDO","single use","Dedham",1,"single",19,FALSE,FALSE,"102",0
"970","Housing Authority","970C","HOUSING AUTH COMM","single use","Dedham",1,"single",17,FALSE,FALSE,"101",0
"962","Other (Religious Org.)","906V","CHURCH ETC MDL-00","single use","Dedham",1,"single",17,FALSE,FALSE,"960",0
"954","Function Halls, Community Centers, Fraternal Organizations (Charitable Org.)","954R","CHARITABLE VACANT","single use","Dedham",1,"single",17,FALSE,FALSE,"106",0
"955","Hospitals (Charitable Org.)","955C","HOSPITALS","single use","Dedham",1,"single",9,FALSE,FALSE,"305",0
"955","Hospitals (Charitable Org.)","955V","HOSPITALS","single use","Dedham",1,"single",9,FALSE,FALSE,"305",0
"996","Other, Non-Taxable Condominium Common Land","996X","Condo, Other","single use","North Andover",1,"single",12,TRUE,FALSE,"102",0
"996","Other, Non-Taxable Condominium Common Land","996O","Open Space, Other","single use","North Andover",1,"single",17,TRUE,FALSE,"995",0
"970","Housing Authority","9701","Housing Auth - residential","single use","Lunenburg",1,"single",26,FALSE,FALSE,"101",0
"995","Other, Open Space","995C","Condo Main - commercial","single use","Lunenburg",1,"single",23,FALSE,FALSE,"102",0
"942","College or University (Educational Private)","904V","Exemption vacant land","single use","Lunenburg",1,"single",21,FALSE,FALSE,"106",0
"951","Other (Charitable Org.)","905V","IMPUTED - (formerly Charitable Organizations (private hospitals, etc...).  Removed June 2009. )","single use","Lunenburg",1,"single",95,FALSE,FALSE,"305",0
"992","Improved, County or Regional, Deeds or Administration","9925","IMPUTED - Improved, County or Regional, Deeds or Administration","single use","Lunenburg",1,"single",63,FALSE,FALSE,"992",1
"911","Division of Fish and Game Wildlife, Environmental Law Enforcement -- formerly Division of Fisheries and Wildlife, Environmental Law Enforcement","911V","DFW REIMB","single use","Clinton",1,"single",9,FALSE,FALSE,"921",0
"935","Improved, Municipal Public Safety","9351","CLINTON PUBLIC SAFETY C","single use","Clinton",1,"single",23,FALSE,FALSE,"356",0
"943","Other Educational (Educational Private)","9431","OTHER PRIVATE ED C","single use","Clinton",1,"single",18,TRUE,FALSE,"305",0
"954","Function Halls, Community Centers, Fraternal Organizations (Charitable Org.)","9541","AFFILIATED HOUSING C","single use","Clinton",1,"single",20,FALSE,FALSE,"945",0
"956","Libraries, Museums (Charitable Org.)","9561","LIBRARY/MUSEUM C","single use","Clinton",1,"single",16,FALSE,FALSE,"956",1
"957","Charitable Services","9571","CHAR SERVICES C","single use","Clinton",1,"single",15,FALSE,FALSE,"371",0
"959","Housing, Other (Charitable Org.)","9592","CHAR SERVICES C","single use","Clinton",1,"single",15,FALSE,FALSE,"371",0
"960","Church, Mosque, Synagogue, Temple, etc...","9602","CHURCH/TEMPLE C","single use","Clinton",1,"single",15,FALSE,FALSE,"960",1
"961","Rectory or Parsonage","9611","RECTORY/PARSONAGE R","single use","Clinton",1,"single",19,FALSE,FALSE,"961",1
"970","Housing Authority","9701","HOUSING AUTHORITY C","single use","Clinton",1,"single",19,FALSE,FALSE,"101",0
"994","Improved County or Regional Association Commission","9941","COUNTY C","single use","Clinton",1,"single",8,FALSE,FALSE,"286",0
"961","Rectory or Parsonage","9612","Rectory/Parsonage C","single use","Clinton",1,"single",19,FALSE,FALSE,"961",1
"931","Improved, Selectmen or City Council (Municipal)","9031","Police","single use","Norfolk",1,"single",6,FALSE,FALSE,"922",0
"935","Improved, Municipal Public Safety","9351","Princeton Public Safety C","single use","Princeton",1,"single",25,FALSE,FALSE,"356",0
"959","Housing, Other (Charitable Org.)","9591","Charity Housing R","single use","Princeton",1,"single",17,FALSE,FALSE,"101",0
"959","Housing, Other (Charitable Org.)","9592","Charity Housing C","single use","Princeton",1,"single",17,FALSE,FALSE,"101",0
"960","Church, Mosque, Synagogue, Temple, etc...","9601","Church/Temple R","single use","Princeton",1,"single",15,FALSE,FALSE,"960",1
"960","Church, Mosque, Synagogue, Temple, etc...","9602","Church/Temple C","single use","Princeton",1,"single",15,FALSE,FALSE,"960",1
"958","Recreation, Active Use (Charitable Org.)","9581","Recreational Activity R","single use","Princeton",1,"single",23,FALSE,FALSE,"106",0
"920","Dept. of Conservation and Recreation (DCR) - Division of Urban Parks and Recreation (non-reimbursable)","920C","NON PROFIT MDL 94","single use","Norfolk",1,"single",17,FALSE,FALSE,"125",0
"922","Dept. of Corrections (DOC) - Division of Youth Services,Mass. Military,State Police,Sheriffs' Depts. (non-reimbursable)","9222","Mass Dept Corr C","single use","Grafton",1,"single",16,FALSE,FALSE,"918",0
"930","Vacant, Selectmen or City Council (Municipal)","9302","Grafton Vacant C","single use","Grafton",1,"single",16,FALSE,FALSE,"106",0
"942","College or University (Educational Private)","9422","Private Edu Sec C","single use","Grafton",1,"single",17,FALSE,FALSE,"305",0
"950","Vacant, Conservation Organizations (Charitable Org.)","9507","Char V CH 61A","single use","Grafton",1,"single",13,FALSE,FALSE,"261",0
"956","Libraries, Museums (Charitable Org.)","9561","Libraries-Museums V","single use","Grafton",1,"single",19,FALSE,FALSE,"956",1
"956","Libraries, Museums (Charitable Org.)","9562","Libraries-Museums R","single use","Grafton",1,"single",19,FALSE,FALSE,"956",1
"959","Housing, Other (Charitable Org.)","9591","Housing Other R","single use","Grafton",1,"single",15,TRUE,FALSE,"101",0
"960","Church, Mosque, Synagogue, Temple, etc...","9601","Church/Temple V","single use","Grafton",1,"single",15,FALSE,FALSE,"960",1
"960","Church, Mosque, Synagogue, Temple, etc...","9602","Church/Temple R","single use","Grafton",1,"single",15,FALSE,FALSE,"960",1
"961","Rectory or Parsonage","9611","Rectory/Parsonage C","single use","Grafton",1,"single",19,FALSE,FALSE,"961",1
"971","Utility Authority - Electric, Light, Sewer, Water","9711","Utility Authority V","single use","Grafton",1,"single",19,FALSE,FALSE,"317",0
"960","Church, Mosque, Synagogue, Temple, etc...","9601","IMUTED - Church/Temple R","single use","West Brookfield",1,"single",24,FALSE,FALSE,"960",1
"931","Improved, Selectmen or City Council (Municipal)","931C","Municipal, Improved, Selectman - Commercial","single use","Monson",1,"single",43,FALSE,FALSE,"813",0
"934","Improved, Education (Municipal or County)","934C","Municipal, Improved, Education - Commercial","single use","Monson",1,"single",43,FALSE,FALSE,"813",0
"935","Improved, Municipal Public Safety","935C","Municipal, Improved, Public Safety - Commercial","single use","Monson",1,"single",47,FALSE,FALSE,"356",0
"953","Cemeteries (Charitable Org.)","953C","Charitable, Cemeteries - Commercial","single use","Monson",1,"single",35,FALSE,FALSE,"953",1
"954","Function Halls, Community Centers, Fraternal Organizations (Charitable Org.)","954C","Charitable, Function Hall - Commercial","single use","Monson",1,"single",38,FALSE,FALSE,"954",1
"954","Function Halls, Community Centers, Fraternal Organizations (Charitable Org.)","954R","Charitable, Function Hall - Commercial","single use","Monson",1,"single",38,FALSE,FALSE,"954",1
"955","Hospitals (Charitable Org.)","955C","Charitable, Hospitals - Commercial","single use","Monson",1,"single",34,FALSE,FALSE,"305",0
"956","Libraries, Museums (Charitable Org.)","956C","Charitable, Libraries - Commercial","single use","Monson",1,"single",34,FALSE,FALSE,"956",1
"956","Libraries, Museums (Charitable Org.)","956R","Charitable, Libraries - Residential","single use","Monson",1,"single",35,FALSE,FALSE,"956",1
"959","Housing, Other (Charitable Org.)","959R","Charitable, Housing, Other - Residential","single use","Monson",1,"single",40,TRUE,FALSE,"101",0
"960","Church, Mosque, Synagogue, Temple, etc...","960C","Religious, Church, Mosque, Synagogue, etc - Commercial","single use","Monson",1,"single",54,FALSE,FALSE,"960",1
"960","Church, Mosque, Synagogue, Temple, etc...","960V","Religious, Church, Mosque, Synagogue, etc - Vacant","single use","Monson",1,"single",50,FALSE,FALSE,"960",1
"961","Rectory or Parsonage","961C","Religious, Rectory, Parsonage - Commercial","single use","Monson",1,"single",42,FALSE,FALSE,"961",1
"970","Housing Authority","970V","Authorities, Housing Authority - Vacant","single use","Monson",1,"single",39,FALSE,FALSE,"101",0
"971","Utility Authority - Electric, Light, Sewer, Water","971C","Authorities, Utilities, Electric, Water - Commercial","single use","Monson",1,"single",52,FALSE,FALSE,"971",1
"924","Mass. Highway Dept. (MHD) (non-reimbursable)","9242","Service Shop","single use","Medford",1,"single",12,FALSE,FALSE,"371",0
"929","Comm. Of Mass. (Other, non-reimbursable)","9292","Office Bldg","single use","Medford",1,"single",11,FALSE,FALSE,"928",0
"934","Improved, Education (Municipal or County)","9341","Schools-Public","single use","Medford",1,"single",14,FALSE,FALSE,"904",0
"935","Improved, Municipal Public Safety","9351","Fire Station","single use","Medford",1,"single",12,FALSE,FALSE,"814",0
"942","College or University (Educational Private)","9421","Churches","single use","Medford",1,"single",8,FALSE,FALSE,"960",0
"943","Other Educational (Educational Private)","9431","School/College","single use","Medford",1,"single",14,FALSE,FALSE,"942",0
"947","Other (Educational Private)","9471","Library","single use","Medford",1,"single",7,FALSE,FALSE,"956",0
"951","Other (Charitable Org.)","9512","Auto Sales Rpr","single use","Medford",1,"single",14,FALSE,FALSE,"332",0
"951","Other (Charitable Org.)","9513","Condo Office","single use","Medford",1,"single",12,FALSE,FALSE,"928",0
"957","Charitable Services","9571","Home for Aged","single use","Medford",1,"single",13,FALSE,FALSE,"103",0
"959","Housing, Other (Charitable Org.)","9592","Apartments","single use","Medford",1,"single",10,FALSE,FALSE,"361",0
"960","Church, Mosque, Synagogue, Temple, etc...","9602","Churches","single use","Medford",1,"single",8,FALSE,FALSE,"960",1
"960","Church, Mosque, Synagogue, Temple, etc...","9603","Indust Condo","single use","Medford",1,"single",12,FALSE,FALSE,"102",0
"970","Housing Authority","9701","Apartments","single use","Medford",1,"single",10,FALSE,FALSE,"361",0
"996","Other, Non-Taxable Condominium Common Land","9962","Light Indust","single use","Medford",1,"single",12,FALSE,FALSE,"971",0
"997","Other","9972","Apartments","single use","Medford",1,"single",10,FALSE,FALSE,"361",0
"951","Other (Charitable Org.)","905C","IMPUTED - (formerly Charitable Organizations (private hospitals, etc...).  Removed June 2009. )","single use","North Brookfield",1,"single",95,FALSE,FALSE,"305",0
"922","Dept. of Corrections (DOC) - Division of Youth Services,Mass. Military,State Police,Sheriffs' Depts. (non-reimbursable)","922V","IMPUTED - Dept. of Corrections (DOC) - Division of Youth Services,Mass. Military,State Police,Sheriffs' Depts. (non-reimbursable)","single use","North Brookfield",1,"single",129,FALSE,FALSE,"918",0
"930","Vacant, Selectmen or City Council (Municipal)","930V","IMPUTED - Vacant, Selectmen or City Council (Municipal)","single use","North Brookfield",1,"single",55,FALSE,FALSE,"106",0
"932","Vacant, Conservation (Municipal or County)","932V","IMPUTED - Vacant, Conservation (Municipal or County)","single use","North Brookfield",1,"single",52,FALSE,FALSE,"106",0
"935","Improved, Municipal Public Safety","935C","IMPUTED - Improved, Municipal Public Safety","single use","North Brookfield",1,"single",43,FALSE,FALSE,"356",0
"936","Vacant, Tax Title/Treasurer","936V","IMPUTED - Vacant, Tax Title/Treasurer","single use","North Brookfield",1,"single",37,FALSE,FALSE,"106",0
"940","Elementary Level (Educational Private)","940C","IMPUTED - Elementary Level (Educational Private)","single use","North Brookfield",1,"single",48,FALSE,FALSE,"940",1
"946","Vacant (Educational Private)","946V","IMPUTED - Vacant (Educational Private)","single use","North Brookfield",1,"single",38,FALSE,FALSE,"106",0
"950","Vacant, Conservation Organizations (Charitable Org.)","950V","IMPUTED - Vacant, Conservation Organizations (Charitable Org.)","single use","North Brookfield",1,"single",62,FALSE,FALSE,"106",0
"953","Cemeteries (Charitable Org.)","953V","IMPUTED - Cemeteries (Charitable Org.)","single use","North Brookfield",1,"single",38,FALSE,FALSE,"953",1
"954","Function Halls, Community Centers, Fraternal Organizations (Charitable Org.)","954C","IMPUTED - Function Halls, Community Centers, Fraternal Organizations (Charitable Org.)","single use","North Brookfield",1,"single",86,FALSE,FALSE,"954",1
"956","Libraries, Museums (Charitable Org.)","956C","IMPUTED - Libraries, Museums (Charitable Org.)","single use","North Brookfield",1,"single",46,FALSE,FALSE,"956",1
"959","Housing, Other (Charitable Org.)","959C","IMPUTED - Housing, Other (Charitable Org.)","single use","North Brookfield",1,"single",42,TRUE,FALSE,"101",0
"959","Housing, Other (Charitable Org.)","959R","IMPUTED - Housing, Other (Charitable Org.)","single use","North Brookfield",1,"single",42,TRUE,FALSE,"101",0
"960","Church, Mosque, Synagogue, Temple, etc...","960C","IMPUTED - Church, Mosque, Synagogue, Temple, etc...","single use","North Brookfield",1,"single",51,FALSE,FALSE,"960",1
"960","Church, Mosque, Synagogue, Temple, etc...","960R","IMPUTED - Church, Mosque, Synagogue, Temple, etc...","single use","North Brookfield",1,"single",51,FALSE,FALSE,"960",1
"961","Rectory or Parsonage","961R","IMPUTED - Rectory or Parsonage","single use","North Brookfield",1,"single",30,FALSE,FALSE,"961",1
"962","Other (Religious Org.)","962V","IMPUTED - Other (Religious Org.)","single use","North Brookfield",1,"single",32,TRUE,FALSE,"962",1
"970","Housing Authority","970C","IMPUTED - Housing Authority","single use","North Brookfield",1,"single",27,FALSE,FALSE,"101",0
"970","Housing Authority","970R","IMPUTED - Housing Authority","single use","North Brookfield",1,"single",27,FALSE,FALSE,"101",0
"971","Utility Authority - Electric, Light, Sewer, Water","971C","IMPUTED - Utility Authority - Electric, Light, Sewer, Water","single use","North Brookfield",1,"single",59,FALSE,FALSE,"971",1
"971","Utility Authority - Electric, Light, Sewer, Water","971V","IMPUTED - Utility Authority - Electric, Light, Sewer, Water","single use","North Brookfield",1,"single",59,FALSE,FALSE,"971",1
"973","Vacant, Housing Authority","973V","IMPUTED - Vacant, Housing Authority","single use","North Brookfield",1,"single",35,FALSE,FALSE,"101",0
"980","Vacant, Selectmen or City Council, Other City or Town (Municipal)","980V","IMPUTED - Vacant, Selectmen or City Council, Other City or Town (Municipal)","single use","North Brookfield",1,"single",75,TRUE,FALSE,"106",0
"934","Improved, Education (Municipal or County)","934V","VAC Educational","single use","Hamilton",1,"single",15,FALSE,FALSE,"106",0
"960","Church, Mosque, Synagogue, Temple, etc...","960C","Church, etc. MDL","single use","Hamilton",1,"single",16,FALSE,FALSE,"960",1
"960","Church, Mosque, Synagogue, Temple, etc...","960I","Church Etc. MDL","single use","Hamilton",1,"single",15,FALSE,FALSE,"960",1
"960","Church, Mosque, Synagogue, Temple, etc...","960R","Church Etc. MDL","single use","Hamilton",1,"single",15,FALSE,FALSE,"960",1
"962","Other (Religious Org.)","962V","Religous MDL-0","single use","Hamilton",1,"single",14,FALSE,FALSE,"962",1
"970","Housing Authority","970R","Housing Authority","single use","Hamilton",1,"single",17,FALSE,FALSE,"101",0
"962","Other (Religious Org.)","906I","Church","single use","Millis",1,"single",6,FALSE,FALSE,"960",0
"962","Other (Religious Org.)","906R","Church, Rear","single use","Millis",1,"single",12,FALSE,FALSE,"960",0
"930","Vacant, Selectmen or City Council (Municipal)","930V","Vacant, Selectmen","single use","Millis",1,"single",17,FALSE,FALSE,"106",0
"932","Vacant, Conservation (Municipal or County)","932V","Vacant, Conservation","single use","Millis",1,"single",20,FALSE,FALSE,"106",0
"950","Vacant, Conservation Organizations (Charitable Org.)","950V","Conservation  Vacant","single use","Millis",1,"single",20,FALSE,FALSE,"106",0
"953","Cemeteries (Charitable Org.)","953V","Cemetery, Vacant","single use","Millis",1,"single",16,FALSE,FALSE,"953",1
"960","Church, Mosque, Synagogue, Temple, etc...","960V","Church, Vacant","single use","Millis",1,"single",14,FALSE,FALSE,"960",1
"931","Improved, Selectmen or City Council (Municipal)","903I","Town of Millis Fire/Polic Station","single use","Millis",1,"single",33,FALSE,FALSE,"814",0
"931","Improved, Selectmen or City Council (Municipal)","903R","Town of Millis Oak Grove Farm","single use","Millis",1,"single",29,FALSE,FALSE,"716",0
"931","Improved, Selectmen or City Council (Municipal)","9031","Town of Millis Police Station","single use","Millis",1,"single",29,FALSE,FALSE,"922",0
"931","Improved, Selectmen or City Council (Municipal)","9032","Fire Dept.","single use","Millis",1,"single",10,FALSE,FALSE,"918",0
"931","Improved, Selectmen or City Council (Municipal)","9035","Town Property","single use","Millis",1,"single",13,FALSE,FALSE,"505",0
"961","Rectory or Parsonage","961R","Exempt, Parsonage Rectory","single use","Millis",1,"single",25,FALSE,FALSE,"961",1
"924","Mass. Highway Dept. (MHD) (non-reimbursable)","924I","MHD M-96","single use","Walpole",1,"single",8,FALSE,FALSE,"924",1
"924","Mass. Highway Dept. (MHD) (non-reimbursable)","924V","MHD M-00","single use","Walpole",1,"single",8,FALSE,FALSE,"924",1
"930","Vacant, Selectmen or City Council (Municipal)","930V","Selectmen Vac M","single use","Walpole",1,"single",15,FALSE,FALSE,"106",0
"933","Vacant, Education (Municipal or County)","933V","Town Ed Vac M-0","single use","Walpole",1,"single",15,FALSE,FALSE,"106",0
"953","Cemeteries (Charitable Org.)","953V","Cemeteries M-00","single use","Walpole",1,"single",15,FALSE,FALSE,"953",1
"960","Church, Mosque, Synagogue, Temple, etc...","960C","Religious M-94","single use","Walpole",1,"single",14,FALSE,FALSE,"962",0
"960","Church, Mosque, Synagogue, Temple, etc...","960I","Religious M-96","single use","Walpole",1,"single",14,FALSE,FALSE,"962",0
"960","Church, Mosque, Synagogue, Temple, etc...","960V","Religious M-00","single use","Walpole",1,"single",14,FALSE,FALSE,"962",0
"961","Rectory or Parsonage","961R","Rectory/Parsona","single use","Walpole",1,"single",15,FALSE,FALSE,"961",1
"970","Housing Authority","970C","Housing Auth M-","single use","Walpole",1,"single",15,FALSE,FALSE,"101",0
"970","Housing Authority","970R","Housing Auth M-","single use","Walpole",1,"single",15,FALSE,FALSE,"101",0
"971","Utility Authority - Electric, Light, Sewer, Water","971I","Water & Sewer","single use","Walpole",1,"single",13,FALSE,FALSE,"971",1
"973","Vacant, Housing Authority","973V","Housing Authori","single use","Walpole",1,"single",15,FALSE,FALSE,"101",0
"974","Vacant, Utility Authority","974V","Utility Authori","single use","Walpole",1,"single",15,FALSE,FALSE,"317",0
"991","Vacant, County or Regional","991V","County/Regional","single use","Walpole",1,"single",15,FALSE,FALSE,"286",0
"992","Improved, County or Regional, Deeds or Administration","992I","County/Reg Deed","single use","Walpole",1,"single",15,FALSE,FALSE,"286",0
"992","Improved, County or Regional, Deeds or Administration","992R","County/Reg Deed","single use","Walpole",1,"single",15,FALSE,FALSE,"286",0
"996","Other, Non-Taxable Condominium Common Land","996V","Other non Tax C","single use","Walpole",1,"single",15,TRUE,FALSE,"125",0
"936","Vacant, Tax Title/Treasurer","936V","Other, Vacant, Tax Title/Treasurer","single use","Walpole",1,"single",34,TRUE,FALSE,"106",0
"960","Church, Mosque, Synagogue, Temple, etc...","960R","Other, Religious","single use","Walpole",1,"single",16,TRUE,FALSE,"962",0
"961","Rectory or Parsonage","961U","PARSONAGE-RE","single use","Auburn",1,"single",12,FALSE,FALSE,"961",1
"962","Other (Religious Org.)","962C","RELIG.-OTHER","single use","Auburn",1,"single",12,TRUE,FALSE,"962",1
"928","Division of Capital Asset Management (DCAM) - Bureau of State Office Buildings (non-reimbursable)","928V","IMPUTED - Division of Capital Asset Management (DCAM) - Bureau of State Office Buildings (non-reimbursable)","single use","Auburn",1,"single",107,FALSE,FALSE,"923",0
"940","Elementary Level (Educational Private)","940V","IMPUTED - Elementary Level (Educational Private)","single use","Auburn",1,"single",48,FALSE,FALSE,"940",1
"962","Other (Religious Org.)","906I","CHURCH ETC","single use","Kingston",1,"single",10,FALSE,FALSE,"960",0
"962","Other (Religious Org.)","906R","CHURCH ETC","single use","Kingston",1,"single",10,FALSE,FALSE,"960",0
"932","Vacant, Conservation (Municipal or County)","932V","Vacant, Conservation (Municipal or County)","single use","Kingston",1,"single",42,FALSE,FALSE,"106",0
"951","Other (Charitable Org.)","951I","Charitable Housing","single use","Kingston",1,"single",18,FALSE,FALSE,"101",0
"960","Church, Mosque, Synagogue, Temple, etc...","960V","Church, Mosque, Synagogue, Temple, etc...","single use","Kingston",1,"single",41,FALSE,FALSE,"960",1
"951","Other (Charitable Org.)","905C","Charitable Organization commercial/Exempt","single use","Kingston",1,"single",41,FALSE,FALSE,"813",0
"930","Vacant, Selectmen or City Council (Municipal)","930C","Municipal/ Commonwealth","single use","Kingston",1,"single",23,FALSE,FALSE,"901",0
"931","Improved, Selectmen or City Council (Municipal)","9035","Town Property","single use","Kingston",1,"single",13,FALSE,FALSE,"505",0
"9000","United States Government","9001","US Government MDL 01","single use","Nantucket",1,"single",20,FALSE,FALSE,"900",0
"9000","United States Government","9002","US Government MDL 94","single use","Nantucket",1,"single",20,FALSE,FALSE,"900",0
"930","Vacant, Selectmen or City Council (Municipal)","9301","Municipal Cemetery","single use","Nantucket",1,"single",18,FALSE,FALSE,"953",0
"930","Vacant, Selectmen or City Council (Municipal)","9302","Municipal Vacant Waterfront","single use","Nantucket",1,"single",27,FALSE,FALSE,"106",0
"935","Improved, Municipal Public Safety","9351","Municipal Public Safety Vacant","single use","Nantucket",1,"single",30,FALSE,FALSE,"106",0
"946","Vacant (Educational Private)","9461","Educational MDL 01","single use","Nantucket",1,"single",18,FALSE,FALSE,"351",0
"946","Vacant (Educational Private)","9462","Educational Condo","single use","Nantucket",1,"single",17,FALSE,FALSE,"102",0
"955","Hospitals (Charitable Org.)","9551","Charitable Hospitals MDL 01","single use","Nantucket",1,"single",27,FALSE,FALSE,"305",0
"956","Libraries, Museums (Charitable Org.)","9561","Charitable Museums MDL 01","single use","Nantucket",1,"single",25,FALSE,FALSE,"956",1
"957","Charitable Services","9571","Charitable Services M06","single use","Nantucket",1,"single",23,FALSE,FALSE,"371",0
"972","Transportation Authority","9721","Transit Authority Vacant","single use","Nantucket",1,"single",24,FALSE,FALSE,"106",0
"992","Improved, County or Regional, Deeds or Administration","9921","Land Bank MDL 01","single use","Nantucket",1,"single",16,FALSE,FALSE,"341",0
"9000","United States Government","900C","Imputed - U.S. Government","single use","Tisbury",1,"single",25,FALSE,FALSE,"900",0
"9000","United States Government","900R","Imputed - U.S. Government","single use","Tisbury",1,"single",25,FALSE,FALSE,"900",0
"9000","United States Government","900V","US Government MDL-00","single use","Harvard",1,"single",20,FALSE,FALSE,"900",0
"920","Dept. of Conservation and Recreation (DCR) - Division of Urban Parks and Recreation (non-reimbursable)","920C","Non Profit MDL-94","single use","Harvard",1,"single",17,FALSE,FALSE,"125",0
"920","Dept. of Conservation and Recreation (DCR) - Division of Urban Parks and Recreation (non-reimbursable)","920V","Non Profit MDL-00","single use","Harvard",1,"single",17,FALSE,FALSE,"125",0
"924","Mass. Highway Dept. (MHD) (non-reimbursable)","924V","MA Highway MDL-00","single use","Harvard",1,"single",17,FALSE,FALSE,"924",1
"930","Vacant, Selectmen or City Council (Municipal)","930C","Cemetery-Town","single use","Harvard",1,"single",13,FALSE,FALSE,"953",0
"962","Other (Religious Org.)","962R","Church Other","single use","Harvard",1,"single",12,TRUE,FALSE,"960",0
"962","Other (Religious Org.)","962V","Church Land","single use","Harvard",1,"single",11,FALSE,FALSE,"960",0
"931","Improved, Selectmen or City Council (Municipal)","9039","Cemetery MDL-96","single use","Harvard",1,"single",15,FALSE,FALSE,"953",0
"951","Other (Charitable Org.)","905V","Chart Org MDL-00","single use","Harvard",1,"single",16,FALSE,FALSE,"361",0
"962","Other (Religious Org.)","906R","Church ETC MDL-01","single use","Harvard",1,"single",17,FALSE,FALSE,"960",0
"962","Other (Religious Org.)","906V","Church ETC MDL-00","single use","Harvard",1,"single",17,FALSE,FALSE,"960",0
"931","Improved, Selectmen or City Council (Municipal)","9312","Condominium, Selectmen or City Council (Municipal)","single use","Harvard",1,"single",50,FALSE,FALSE,"996",0
"931","Improved, Selectmen or City Council (Municipal)","931C","Condominium, Selectmen or City Council (Municipal)","single use","Harvard",1,"single",50,FALSE,FALSE,"996",0
"996","Other, Non-Taxable Condominium Common Land","996V","Other, Non-Taxable Condominium Vacant Common Land","single use","Harvard",1,"single",49,TRUE,FALSE,"996",1
"9000","United States Government","9001","US GOVERNMENT - C","single use","Athol",1,"single",17,FALSE,FALSE,"900",0
"931","Improved, Selectmen or City Council (Municipal)","9035","IMPUTED - (formerly Municipalities/Districts.  Removed June 2009.)","single use","Athol",1,"single",66,FALSE,FALSE,"903",0
"930","Vacant, Selectmen or City Council (Municipal)","9301","IMPUTED - Vacant, Selectmen or City Council (Municipal)","single use","Athol",1,"single",55,FALSE,FALSE,"106",0
"934","Improved, Education (Municipal or County)","9341","IMPUTED - Improved, Education (Municipal or County)","single use","Athol",1,"single",51,FALSE,FALSE,"286",0
"935","Improved, Municipal Public Safety","9351","IMPUTED - Improved, Municipal Public Safety","single use","Athol",1,"single",43,FALSE,FALSE,"356",0
"939","Improved, District (County)","9391","IMPUTED - Improved, District (County)","single use","Athol",1,"single",37,FALSE,FALSE,"286",0
"954","Function Halls, Community Centers, Fraternal Organizations (Charitable Org.)","9541","IMPUTED - Function Halls, Community Centers, Fraternal Organizations (Charitable Org.)","single use","Athol",1,"single",86,FALSE,FALSE,"954",1
"955","Hospitals (Charitable Org.)","9552","IMPUTED - Hospitals (Charitable Org.)","single use","Athol",1,"single",37,FALSE,FALSE,"305",0
"959","Housing, Other (Charitable Org.)","9592","IMPUTED - Housing, Other (Charitable Org.)","single use","Athol",1,"single",42,TRUE,FALSE,"101",0
"960","Church, Mosque, Synagogue, Temple, etc...","9602","IMPUTED - Church, Mosque, Synagogue, Temple, etc...","single use","Athol",1,"single",51,FALSE,FALSE,"960",1
"962","Other (Religious Org.)","9622","IMPUTED - Other (Religious Org.)","single use","Athol",1,"single",32,TRUE,FALSE,"962",1
"970","Housing Authority","9701","IMPUTED - Housing Authority","single use","Athol",1,"single",27,FALSE,FALSE,"101",0
"970","Housing Authority","9702","IMPUTED - Housing Authority","single use","Athol",1,"single",27,FALSE,FALSE,"101",0
"972","Transportation Authority","9721","IMPUTED - Transportation Authority","single use","Athol",1,"single",34,FALSE,FALSE,"354",0
"990","121A Corporations","9901","IMPUTED - 121A Corporations","single use","Athol",1,"single",27,FALSE,FALSE,"502",0
"937","Improved, Tax Title/Treasurer","9372","Condo - Town FCL","single use","Athol",1,"single",16,FALSE,FALSE,"102",0
"957","Charitable Services","9571","IMPUTED - Charitable Services","single use","Athol",1,"single",29,FALSE,FALSE,"371",0
"960","Church, Mosque, Synagogue, Temple, etc...","9601","IMPUTED - Church, Mosque, Synagogue, Temple, etc...","single use","Athol",1,"single",51,FALSE,FALSE,"960",1
"9000","United States Government","9004","United States Government","single use","Templeton",1,"single",24,FALSE,FALSE,"900",0
"934","Improved, Education (Municipal or County)","9341","Improved, Education (Municipal or County)","single use","Templeton",1,"single",41,FALSE,FALSE,"286",0
"935","Improved, Municipal Public Safety","9351","Improved, Municipal Public Safety","single use","Templeton",1,"single",33,FALSE,FALSE,"356",0
"939","Improved, District (County)","9391","Improved, District (County)","single use","Templeton",1,"single",27,FALSE,FALSE,"286",0
"941","Secondary Level (Educational Private)","9411","Secondary Level (Educational Private)","single use","Templeton",1,"single",37,FALSE,FALSE,"941",1
"954","Function Halls, Community Centers, Fraternal Organizations (Charitable Org.)","9541","Function Halls, Community Centers, Fraternal Organizations (Charitable Org.)","single use","Templeton",1,"single",76,FALSE,FALSE,"954",1
"955","Hospitals (Charitable Org.)","9552","Hospitals (Charitable Org.)","single use","Templeton",1,"single",27,FALSE,FALSE,"305",0
"959","Housing, Other (Charitable Org.)","9591","Housing, Other (Charitable Org.)","single use","Templeton",1,"single",32,TRUE,FALSE,"101",0
"960","Church, Mosque, Synagogue, Temple, etc...","9601","Church, Mosque, Synagogue, Temple, etc...","single use","Templeton",1,"single",41,FALSE,FALSE,"960",1
"960","Church, Mosque, Synagogue, Temple, etc...","9602","Church, Mosque, Synagogue, Temple, etc...","single use","Templeton",1,"single",41,FALSE,FALSE,"960",1
"961","Rectory or Parsonage","9611","Rectory or Parsonage","single use","Templeton",1,"single",20,FALSE,FALSE,"961",1
"970","Housing Authority","9701","Housing Authority","single use","Templeton",1,"single",17,FALSE,FALSE,"101",0
"971","Utility Authority - Electric, Light, Sewer, Water","9711","Utility Authority - Electric, Light, Sewer, Water","single use","Templeton",1,"single",49,FALSE,FALSE,"971",1
"956","Libraries, Museums (Charitable Org.)","9561","Libraries, Museums (Charitable Org.)","single use","Templeton",1,"single",36,FALSE,FALSE,"956",1
"919","Comm. Of Mass. (Other)","901V","Public Service Property","single use","Plainville",1,"single",23,FALSE,FALSE,"356",0
"962","Other (Religious Org.)","906C","Church","single use","Plainville",1,"single",6,FALSE,FALSE,"960",0
"962","Other (Religious Org.)","906V","Church","single use","Plainville",1,"single",6,FALSE,FALSE,"960",0
"970","Housing Authority","908C","Housing Authority","single use","Plainville",1,"single",17,FALSE,FALSE,"101",0
"910","Dept. of Conservation and Recreation (DCR), Division of State Parks and Recreation","910V","Commonwealth of MA","single use","Plainville",1,"single",18,FALSE,FALSE,"901",0
"962","Other (Religious Org.)","906R","IMPUTED - (formerly Religious Organizations.  Removed June 2009.)","single use","Plainville",1,"single",65,FALSE,FALSE,"962",1
"931","Improved, Selectmen or City Council (Municipal)","9032","IMPUTED - (formerly Municipalities/Districts.  Removed June 2009.)","single use","Stockbridge",1,"single",66,FALSE,FALSE,"903",0
"931","Improved, Selectmen or City Council (Municipal)","9033","IMPUTED - (formerly Municipalities/Districts.  Removed June 2009.)","single use","Stockbridge",1,"single",66,FALSE,FALSE,"903",0
"931","Improved, Selectmen or City Council (Municipal)","9035","IMPUTED - (formerly Municipalities/Districts.  Removed June 2009.)","single use","Stockbridge",1,"single",66,FALSE,FALSE,"903",0
"931","Improved, Selectmen or City Council (Municipal)","903C","IMPUTED - (formerly Municipalities/Districts.  Removed June 2009.)","single use","Stockbridge",1,"single",66,FALSE,FALSE,"903",0
"931","Improved, Selectmen or City Council (Municipal)","903V","IMPUTED - (formerly Municipalities/Districts.  Removed June 2009.)","single use","Stockbridge",1,"single",66,FALSE,FALSE,"903",0
"951","Other (Charitable Org.)","905V","IMPUTED - (formerly Charitable Organizations (private hospitals, etc...).  Removed June 2009. )","single use","Stockbridge",1,"single",95,FALSE,FALSE,"305",0
"971","Utility Authority - Electric, Light, Sewer, Water","971C","UTILITIES - MD 94","single use","Taunton",1,"single",17,FALSE,FALSE,"504",0
"971","Utility Authority - Electric, Light, Sewer, Water","971I","COT - UTILITY M96","single use","Taunton",1,"single",17,FALSE,FALSE,"317",0
"9000","United States Government","900I","FEDRAL POST OFFICE","single use","Taunton",1,"single",18,FALSE,FALSE,"928",0
"931","Improved, Selectmen or City Council (Municipal)","931U","EXEMPT CONDO COT","single use","Taunton",1,"single",16,FALSE,FALSE,"102",0
"954","Function Halls, Community Centers, Fraternal Organizations (Charitable Org.)","954E","FRAT CONDO","single use","Taunton",1,"single",10,FALSE,FALSE,"102",0
"961","Rectory or Parsonage","961U","EXEMPT CONDO RELIG","single use","Taunton",1,"single",18,FALSE,FALSE,"962",0
"971","Utility Authority - Electric, Light, Sewer, Water","971V","UTILITY VACANT","single use","Taunton",1,"single",14,FALSE,FALSE,"106",0
"951","Other (Charitable Org.)","905B","Non-profit","single use","Taunton",1,"single",10,FALSE,FALSE,"125",0
"962","Other (Religious Org.)","906R","Church","single use","Taunton",1,"single",6,FALSE,FALSE,"960",0
"919","Comm. Of Mass. (Other)","901C","Light Indust","single use","Westfield",1,"single",12,FALSE,FALSE,"971",0
"910","Dept. of Conservation and Recreation (DCR), Division of State Parks and Recreation","910C","Apartment GD","single use","Westfield",1,"single",12,FALSE,FALSE,"361",0
"953","Cemeteries (Charitable Org.)","953V","CEMETERIES VACANT","single use","Westfield",1,"single",17,FALSE,FALSE,"953",1
"956","Libraries, Museums (Charitable Org.)","956V","VACANT MUSEUM","single use","Westfield",1,"single",13,FALSE,FALSE,"106",0
"958","Recreation, Active Use (Charitable Org.)","958R","Bungalow","single use","Westfield",1,"single",8,FALSE,FALSE,"918",0
"962","Other (Religious Org.)","962I","Bowling/Arena","single use","Westfield",1,"single",13,FALSE,FALSE,"370",0
"970","Housing Authority","970R","Apartments","single use","Westfield",1,"single",10,FALSE,FALSE,"361",0
"990","121A Corporations","990V","121A VACANT","single use","Westfield",1,"single",11,FALSE,FALSE,"106",0
"912","Dept. of Corrections (DOC) - Division of Youth Services","912V","Dept of Corrections","single use","Westfield",1,"single",19,FALSE,FALSE,"918",0
"913","Dept. of Public Health (DPH) - Soldiers' Homes","913V","Dept of Health","single use","Westfield",1,"single",14,FALSE,FALSE,"918",0
"914","Dept. of Mental Health (DMH) - Dept. of Mental Retardation","914V","Dept of Mental Health","single use","Westfield",1,"single",21,FALSE,FALSE,"918",0
"959","Housing, Other (Charitable Org.)","959R","Housing, Other (Charitable Org.) Residential","single use","Hampden",1,"single",44,TRUE,FALSE,"101",0
"962","Other (Religious Org.)","962R","Other (Religious Org.) Residential","single use","Hampden",1,"single",34,TRUE,FALSE,"962",1
"960","Church, Mosque, Synagogue, Temple, etc...","960V","Church, Mosque, Synangogue, Temple, etc.","single use","Lawrence",1,"single",40,FALSE,FALSE,"960",1
"960","Church, Mosque, Synagogue, Temple, etc...","960R","Church, Mosque, Synangogue, Temple, etc.","single use","Lawrence",1,"single",40,FALSE,FALSE,"960",1
"960","Church, Mosque, Synagogue, Temple, etc...","960C","Church, Mosque, Synangogue, Temple, etc.","single use","Lawrence",1,"single",40,FALSE,FALSE,"960",1
"959","Housing, Other (Charitable Org.)","959V","Housing, Other","single use","Lawrence",1,"single",14,TRUE,FALSE,"101",0
"959","Housing, Other (Charitable Org.)","959C","Housing, Other","single use","Lawrence",1,"single",14,TRUE,FALSE,"101",0
"955","Hospitals (Charitable Org.)","955V","Hospitals","single use","Lawrence",1,"single",9,FALSE,FALSE,"305",0
"924","Mass. Highway Dept. (MHD) (non-reimbursable)","924V","Mass Highway Department","single use","Lawrence",1,"single",23,FALSE,FALSE,"918",0
"922","Dept. of Corrections (DOC) - Division of Youth Services,Mass. Military,State Police,Sheriffs' Depts. (non-reimbursable)","9221","corrections vacant","single use","Gardner",1,"single",18,FALSE,FALSE,"106",0
"931","Improved, Selectmen or City Council (Municipal)","9311","city commercial","single use","Gardner",1,"single",15,FALSE,FALSE,"813",0
"934","Improved, Education (Municipal or County)","9341","city education commercial","single use","Gardner",1,"single",25,FALSE,FALSE,"813",0
"935","Improved, Municipal Public Safety","9351","city public safety","single use","Gardner",1,"single",18,FALSE,FALSE,"356",0
"940","Elementary Level (Educational Private)","9401","private elementary commercial","single use","Gardner",1,"single",29,FALSE,FALSE,"940",1
"954","Function Halls, Community Centers, Fraternal Organizations (Charitable Org.)","9541","fraternal order","single use","Gardner",1,"single",15,FALSE,FALSE,"954",1
"955","Hospitals (Charitable Org.)","9552","hospital commercial","single use","Gardner",1,"single",19,FALSE,FALSE,"813",0
"956","Libraries, Museums (Charitable Org.)","9561","library/museum","single use","Gardner",1,"single",14,FALSE,FALSE,"956",1
"957","Charitable Services","9571","charitable svcs commercial","single use","Gardner",1,"single",26,FALSE,FALSE,"813",0
"958","Recreation, Active Use (Charitable Org.)","9581","charitable recreation activity residential","single use","Gardner",1,"single",42,FALSE,FALSE,"106",0
"959","Housing, Other (Charitable Org.)","9591","charitable housing residential","single use","Gardner",1,"single",30,FALSE,FALSE,"101",0
"959","Housing, Other (Charitable Org.)","9592","charitable housing commercial","single use","Gardner",1,"single",29,FALSE,FALSE,"101",0
"960","Church, Mosque, Synagogue, Temple, etc...","9601","church/temple residential","single use","Gardner",1,"single",25,FALSE,FALSE,"960",1
"960","Church, Mosque, Synagogue, Temple, etc...","9602","church/temple commercial","single use","Gardner",1,"single",24,FALSE,FALSE,"960",1
"961","Rectory or Parsonage","9611","rectory/parsonage residential","single use","Gardner",1,"single",29,FALSE,FALSE,"961",1
"962","Other (Religious Org.)","9622","other commercial","single use","Gardner",1,"single",16,TRUE,FALSE,"813",0
"970","Housing Authority","9701","housing authority commercial","single use","Gardner",1,"single",28,FALSE,FALSE,"101",0
"990","121A Corporations","9901","121A Corporation C","single use","Gardner",1,"single",18,FALSE,FALSE,"502",0
"994","Improved County or Regional Association Commission","9941","county commission commercial","single use","Gardner",1,"single",28,FALSE,FALSE,"994",1
"990","121A Corporations","9902","Vacant, 121 A Corporation","single use","Gardner",1,"single",25,FALSE,FALSE,"106",0
"958","Recreation, Active Use (Charitable Org.)","9582","charity recreation activity","single use","Gardner",1,"single",27,FALSE,FALSE,"106",0
"937","Improved, Tax Title/Treasurer","9371","Gardner Tax Title Commercial","single use","Gardner",1,"single",28,FALSE,FALSE,"813",0
"109","Multiple Houses on one parcel","905C","none","single use","Foxborough",1,"single",4,FALSE,FALSE,"109",1
"109","Multiple Houses on one parcel","914V","none","single use","Foxborough",1,"single",4,FALSE,FALSE,"109",1
"922","Dept. of Corrections (DOC) - Division of Youth Services,Mass. Military,State Police,Sheriffs' Depts. (non-reimbursable)","922I","Department correction","single use","Foxborough",1,"single",21,FALSE,FALSE,"918",0
"930","Vacant, Selectmen or City Council (Municipal)","930V","Vacant Municipal Exempt","single use","Foxborough",1,"single",23,FALSE,FALSE,"106",0
"931","Improved, Selectmen or City Council (Municipal)","931C","Municipal Lot","single use","Foxborough",1,"single",13,FALSE,FALSE,"337",0
"931","Improved, Selectmen or City Council (Municipal)","931I","Municipal Lot Industrial","single use","Foxborough",1,"single",24,FALSE,FALSE,"337",0
"971","Utility Authority - Electric, Light, Sewer, Water","971V","Utility Improved Lot","single use","Foxborough",1,"single",20,FALSE,FALSE,"317",0
"975","Vacant, Transportation Authority","975V","MBTA/Transportation relatedd vacant land","single use","Foxborough",1,"single",40,FALSE,FALSE,"106",0
"989","Improved, Other District (County)","989I","Municipal Improved lot","single use","Foxborough",1,"single",22,FALSE,FALSE,"337",0
"931","Improved, Selectmen or City Council (Municipal)","9033","Exempt Property","single use","Foxborough",1,"single",15,FALSE,FALSE,"505",0
"931","Improved, Selectmen or City Council (Municipal)","903V","Exempt Property","single use","Foxborough",1,"single",15,FALSE,FALSE,"505",0
"919","Comm. Of Mass. (Other)","919R","Exempt Property","single use","Foxborough",1,"single",15,FALSE,FALSE,"505",0
"933","Vacant, Education (Municipal or County)","933V","Exempt Property","single use","Foxborough",1,"single",15,FALSE,FALSE,"505",0
"995","Other, Open Space","995V","other, open space (Exempt vacant land)","single use","Foxborough",1,"single",38,TRUE,FALSE,"995",1
"109","Multiple Houses on one parcel","920R","none","single use","Foxborough",1,"single",4,FALSE,FALSE,"109",1
"950","Vacant, Conservation Organizations (Charitable Org.)","950V","Vacant Conservation","single use","Foxborough",1,"single",19,FALSE,FALSE,"106",0
"931","Improved, Selectmen or City Council (Municipal)","931R","Municipal Lot residential","single use","Foxborough",1,"single",25,FALSE,FALSE,"337",0
"931","Improved, Selectmen or City Council (Municipal)","931V","Municpal Lot vacant","single use","Foxborough",1,"single",19,FALSE,FALSE,"106",0
"932","Vacant, Conservation (Municipal or County)","932V","Vacant Conservation Municipal","single use","Foxborough",1,"single",29,FALSE,FALSE,"106",0
"943","Other Educational (Educational Private)","943C","Private school","single use","Foxborough",1,"single",14,FALSE,FALSE,"305",0
"953","Cemeteries (Charitable Org.)","953I","Cemeteries","single use","Foxborough",1,"single",10,FALSE,FALSE,"953",1
"953","Cemeteries (Charitable Org.)","953V","Cemeteries vacant","single use","Foxborough",1,"single",17,FALSE,FALSE,"953",1
"954","Function Halls, Community Centers, Fraternal Organizations (Charitable Org.)","954C","Charitable lot","single use","Foxborough",1,"single",14,FALSE,FALSE,"337",0
"957","Charitable Services","957V","Charitable vacant","single use","Foxborough",1,"single",17,FALSE,FALSE,"106",0
"958","Recreation, Active Use (Charitable Org.)","958C","Charitable Recreation lot","single use","Foxborough",1,"single",25,FALSE,FALSE,"337",0
"959","Housing, Other (Charitable Org.)","959R","Charitable lot","single use","Foxborough",1,"single",14,FALSE,FALSE,"337",0
"960","Church, Mosque, Synagogue, Temple, etc...","960I","Church","single use","Foxborough",1,"single",6,FALSE,FALSE,"960",1
"961","Rectory or Parsonage","961R","Rectory","single use","Foxborough",1,"single",7,FALSE,FALSE,"961",1
"962","Other (Religious Org.)","962R","Religious group","single use","Foxborough",1,"single",15,FALSE,FALSE,"962",1
"962","Other (Religious Org.)","962V","Religious grup vacant","single use","Foxborough",1,"single",21,FALSE,FALSE,"962",1
"970","Housing Authority","970C","Housing authority","single use","Foxborough",1,"single",17,FALSE,FALSE,"101",0
"954","Function Halls, Community Centers, Fraternal Organizations (Charitable Org.)","954V","Charitable lot","single use","Foxborough",1,"single",14,FALSE,FALSE,"337",0
"970","Housing Authority","970R","Housing authority","single use","Foxborough",1,"single",17,FALSE,FALSE,"101",0
"971","Utility Authority - Electric, Light, Sewer, Water","971I","Utility Improved Lot","single use","Foxborough",1,"single",20,FALSE,FALSE,"317",0
"931","Improved, Selectmen or City Council (Municipal)","9032","EXEMPT - Town owned - Fire Dept.","single use","Spencer",1,"single",32,FALSE,FALSE,"918",0
"931","Improved, Selectmen or City Council (Municipal)","9033","EXEMPT - Public schools","single use","Spencer",1,"single",23,FALSE,FALSE,"904",0
"931","Improved, Selectmen or City Council (Municipal)","9035","EXEMPT - Town property","single use","Spencer",1,"single",22,FALSE,FALSE,"505",0
"929","Comm. Of Mass. (Other, non-reimbursable)","9291","Other V Non","single use","Spencer",1,"single",11,TRUE,FALSE,"125",0
"935","Improved, Municipal Public Safety","9351","Public Safety C
Public Safety C","single use","Spencer",1,"single",32,FALSE,FALSE,"356",0
"954","Function Halls, Community Centers, Fraternal Organizations (Charitable Org.)","9541","Fraternal Org C","single use","Spencer",1,"single",15,FALSE,FALSE,"954",1
"957","Charitable Services","9571","Charity Services C","single use","Spencer",1,"single",18,FALSE,FALSE,"371",0
"958","Recreation, Active Use (Charitable Org.)","9581","Recreational R","single use","Spencer",1,"single",14,FALSE,FALSE,"282",0
"959","Housing, Other (Charitable Org.)","9591","Charity Housing R","single use","Spencer",1,"single",17,FALSE,FALSE,"101",0
"959","Housing, Other (Charitable Org.)","9592","Charity Housing C","single use","Spencer",1,"single",17,FALSE,FALSE,"101",0
"960","Church, Mosque, Synagogue, Temple, etc...","9601","Church/Temple R","single use","Spencer",1,"single",15,FALSE,FALSE,"960",1
"960","Church, Mosque, Synagogue, Temple, etc...","9602","Church/Temple C","single use","Spencer",1,"single",15,FALSE,FALSE,"960",1
"970","Housing Authority","9701","Housing Authority","single use","Spencer",1,"single",17,FALSE,FALSE,"101",0
"935","Improved, Municipal Public Safety","935F","Fire M96","single use","West Tisbury",1,"single",8,FALSE,FALSE,"814",0
"935","Improved, Municipal Public Safety","935P","Police M94","single use","West Tisbury",1,"single",10,FALSE,FALSE,"922",0
"950","Vacant, Conservation Organizations (Charitable Org.)","950R","Vacant Rear","single use","West Tisbury",1,"single",11,FALSE,FALSE,"106",0
"992","Improved, County or Regional, Deeds or Administration","992I","Improved County","single use","West Tisbury",1,"single",15,FALSE,FALSE,"286",0
"971","Utility Authority - Electric, Light, Sewer, Water","971V","Town Owned Vacant land","single use","Rowley",1,"single",22,FALSE,FALSE,"106",0
"9000","United States Government","900C","IMPUTED - United States Government","single use","Ipswich",1,"single",34,FALSE,FALSE,"900",0
"9000","United States Government","900V","IMPUTED - United States Government","single use","Ipswich",1,"single",34,FALSE,FALSE,"900",0
"919","Comm. Of Mass. (Other)","901V","IMPUTED - (formerly Commonwealth of Massachusetts.  Removed June 2009.)","single use","Ipswich",1,"single",71,FALSE,FALSE,"901",0
"951","Other (Charitable Org.)","905C","IMPUTED - (formerly Charitable Organizations (private hospitals, etc...).  Removed June 2009. )","single use","Ipswich",1,"single",95,FALSE,FALSE,"305",0
"929","Comm. Of Mass. (Other, non-reimbursable)","929V","IMPUTED - Comm. Of Mass. (Other, non-reimbursable)","single use","Ipswich",1,"single",50,TRUE,FALSE,"923",0
"930","Vacant, Selectmen or City Council (Municipal)","930V","IMPUTED - Vacant, Selectmen or City Council (Municipal)","single use","Ipswich",1,"single",55,FALSE,FALSE,"106",0
"932","Vacant, Conservation (Municipal or County)","932V","IMPUTED - Vacant, Conservation (Municipal or County)","single use","Ipswich",1,"single",52,FALSE,FALSE,"106",0
"933","Vacant, Education (Municipal or County)","933V","IMPUTED - Vacant, Education (Municipal or County)","single use","Ipswich",1,"single",49,FALSE,FALSE,"106",0
"934","Improved, Education (Municipal or County)","934C","IMPUTED - Improved, Education (Municipal or County)","single use","Ipswich",1,"single",51,FALSE,FALSE,"286",0
"935","Improved, Municipal Public Safety","935C","IMPUTED - Improved, Municipal Public Safety","single use","Ipswich",1,"single",43,FALSE,FALSE,"356",0
"935","Improved, Municipal Public Safety","935V","IMPUTED - Vacant, Tax Title/Treasurer","single use","Ipswich",1,"single",37,FALSE,FALSE,"106",0
"936","Vacant, Tax Title/Treasurer","936V","IMPUTED - Vacant, Tax Title/Treasurer","single use","Ipswich",1,"single",37,FALSE,FALSE,"106",0
"950","Vacant, Conservation Organizations (Charitable Org.)","950V","IMPUTED - Function Halls, Community Centers, Fraternal Organizations (Charitable Org.)","single use","Ipswich",1,"single",86,FALSE,FALSE,"954",0
"953","Cemeteries (Charitable Org.)","953C","IMPUTED - Cemeteries (Charitable Org.)","single use","Ipswich",1,"single",38,FALSE,FALSE,"953",1
"953","Cemeteries (Charitable Org.)","953V","IMPUTED - Cemeteries (Charitable Org.)","single use","Ipswich",1,"single",38,FALSE,FALSE,"953",1
"954","Function Halls, Community Centers, Fraternal Organizations (Charitable Org.)","954C","IMPUTED - Function Halls, Community Centers, Fraternal Organizations (Charitable Org.)","single use","Ipswich",1,"single",86,FALSE,FALSE,"954",1
"956","Libraries, Museums (Charitable Org.)","956C","IMPUTED - Libraries, Museums (Charitable Org.)","single use","Ipswich",1,"single",46,FALSE,FALSE,"956",1
"957","Charitable Services","957C","IMPUTED - Charitable Services","single use","Ipswich",1,"single",29,FALSE,FALSE,"371",0
"957","Charitable Services","957V","IMPUTED - Charitable Services","single use","Ipswich",1,"single",29,FALSE,FALSE,"371",0
"960","Church, Mosque, Synagogue, Temple, etc...","960C","IMPUTED - Church, Mosque, Synagogue, Temple, etc...","single use","Ipswich",1,"single",51,FALSE,FALSE,"960",1
"960","Church, Mosque, Synagogue, Temple, etc...","960V","IMPUTED - Church, Mosque, Synagogue, Temple, etc...","single use","Ipswich",1,"single",51,FALSE,FALSE,"960",1
"961","Rectory or Parsonage","961V","IMPUTED - Rectory or Parsonage","single use","Ipswich",1,"single",30,FALSE,FALSE,"961",1
"970","Housing Authority","970C","IMPUTED - Housing Authority","single use","Ipswich",1,"single",27,FALSE,FALSE,"101",0
"970","Housing Authority","970V","IMPUTED - Housing Authority","single use","Ipswich",1,"single",27,FALSE,FALSE,"101",0
"971","Utility Authority - Electric, Light, Sewer, Water","971C","IMPUTED - Utility Authority - Electric, Light, Sewer, Water","single use","Ipswich",1,"single",59,FALSE,FALSE,"971",1
"971","Utility Authority - Electric, Light, Sewer, Water","971I","IMPUTED - Utility Authority - Electric, Light, Sewer, Water","single use","Ipswich",1,"single",59,FALSE,FALSE,"971",1
"971","Utility Authority - Electric, Light, Sewer, Water","971V","IMPUTED - Utility Authority - Electric, Light, Sewer, Water","single use","Ipswich",1,"single",59,FALSE,FALSE,"971",1
"980","Vacant, Selectmen or City Council, Other City or Town (Municipal)","980V","IMPUTED - Vacant, Selectmen or City Council, Other City or Town (Municipal)","single use","Ipswich",1,"single",75,TRUE,FALSE,"106",0
"932","Vacant, Conservation (Municipal or County)","9321","IMPUTED - Vacant, Conservation (Municipal or County)","single use","Georgetown",1,"single",52,FALSE,FALSE,"106",0
"919","Comm. Of Mass. (Other)","901C","APT OVER 8 M94","single use","Taunton",1,"single",14,FALSE,FALSE,"112",0
"951","Other (Charitable Org.)","905J","NON PROFIT M94","single use","Taunton",1,"single",14,FALSE,FALSE,"125",0
"951","Other (Charitable Org.)","905L","NON PROFIT M96","single use","Taunton",1,"single",14,FALSE,FALSE,"125",0
"962","Other (Religious Org.)","906A","CHURCH M05","single use","Taunton",1,"single",10,FALSE,FALSE,"960",0
"962","Other (Religious Org.)","906I","CHURCH ETC M96","single use","Taunton",1,"single",14,FALSE,FALSE,"960",0
"923","Dept. of Public Health (DPH) - Soldiers' Homes, Dept. of Mental Health (DMH) - Dept. of Mental Retardation (non-reimburs","923V","DOH VAC","single use","Taunton",1,"single",7,FALSE,FALSE,"106",0
"929","Comm. Of Mass. (Other, non-reimbursable)","929V","OTHER VACANT","single use","Taunton",1,"single",12,TRUE,FALSE,"106",0
"945","Affiliated Housing (Educational Private)","945R","HOUSING","single use","Taunton",1,"single",7,FALSE,FALSE,"101",0
"953","Cemeteries (Charitable Org.)","953V","CEMETARY - VACANT","single use","Taunton",1,"single",17,FALSE,FALSE,"106",0
"960","Church, Mosque, Synagogue, Temple, etc...","960C","CHURCH MD 94","single use","Taunton",1,"single",12,FALSE,FALSE,"960",1
"960","Church, Mosque, Synagogue, Temple, etc...","960I","CHURCH - M96","single use","Taunton",1,"single",12,FALSE,FALSE,"960",1
"960","Church, Mosque, Synagogue, Temple, etc...","960R","CHURCH MD 00","single use","Taunton",1,"single",12,FALSE,FALSE,"960",1
"960","Church, Mosque, Synagogue, Temple, etc...","960V","CHURCH - VACANT","single use","Taunton",1,"single",15,FALSE,FALSE,"960",1
"921","Division of Fish and Game (DFW, formerly DFWELE), DFW Environmental Law Enforcement, Dept. of Environmental Protection (non-reimbursable)","9211","DFW non reimb C","single use","Phillipston",1,"single",15,FALSE,FALSE,"921",1
"935","Improved, Municipal Public Safety","9351","Town Public Safety C","single use","Phillipston",1,"single",20,FALSE,FALSE,"356",0
"959","Housing, Other (Charitable Org.)","9591","Char Housing R","single use","Phillipston",1,"single",14,FALSE,FALSE,"101",0
"960","Church, Mosque, Synagogue, Temple, etc...","9602","Church/Temple C","single use","Phillipston",1,"single",15,FALSE,FALSE,"960",1
"9000","United States Government","900V","US Government","single use","Wayland",1,"single",13,FALSE,FALSE,"900",0
"951","Other (Charitable Org.)","905R","DCR State Parks - Recreation","single use","Wayland",1,"single",28,FALSE,FALSE,"103",0
"931","Improved, Selectmen or City Council (Municipal)","9031","Exempt Police","single use","Longmeadow",1,"single",13,FALSE,FALSE,"922",0
"931","Improved, Selectmen or City Council (Municipal)","9032","Exempt Fire","single use","Longmeadow",1,"single",11,FALSE,FALSE,"814",0
"931","Improved, Selectmen or City Council (Municipal)","9033","Exempt Town Property","single use","Longmeadow",1,"single",20,FALSE,FALSE,"505",0
"931","Improved, Selectmen or City Council (Municipal)","9035","Exempt Town Property","single use","Longmeadow",1,"single",20,FALSE,FALSE,"505",0
"931","Improved, Selectmen or City Council (Municipal)","903A","Exempt Town Property","single use","Longmeadow",1,"single",20,FALSE,FALSE,"505",0
"931","Improved, Selectmen or City Council (Municipal)","903B","Exempt Town Property","single use","Longmeadow",1,"single",20,FALSE,FALSE,"505",0
"942","College or University (Educational Private)","904R","Exempt Private School","single use","Longmeadow",1,"single",21,FALSE,FALSE,"305",0
"962","Other (Religious Org.)","906R","Exempt Church","single use","Longmeadow",1,"single",13,FALSE,FALSE,"960",0
"962","Other (Religious Org.)","906V","Exempt Church","single use","Longmeadow",1,"single",13,FALSE,FALSE,"960",0
"960","Church, Mosque, Synagogue, Temple, etc...","960R","Religious Residence","single use","Wayland",1,"single",19,FALSE,FALSE,"962",0
"962","Other (Religious Org.)","962V","Religious","single use","Wayland",1,"single",9,FALSE,FALSE,"962",1
"970","Housing Authority","970C","Housing Authority","single use","Wayland",1,"single",17,FALSE,FALSE,"101",0
"9000","United States Government","900R","US government residential","single use","Wayland",1,"single",25,FALSE,FALSE,"900",0
"931","Improved, Selectmen or City Council (Municipal)","903R","Wayand Historical Society property","single use","Wayland",1,"single",34,FALSE,FALSE,"306",0
"942","College or University (Educational Private)","904R","Exempt Private School residential (Carroll School)","single use","Wayland",1,"single",50,FALSE,FALSE,"305",0
"942","College or University (Educational Private)","904V","Exempt Private School vacant (Carroll School)","single use","Wayland",1,"single",45,FALSE,FALSE,"106",0
"910","Dept. of Conservation and Recreation (DCR), Division of State Parks and Recreation","910R","Commonwealth of Massachusetts Residential (Cochituate State Park Buildings)","single use","Wayland",1,"single",75,FALSE,FALSE,"901",0
"962","Other (Religious Org.)","906V","Church Vacant Land","single use","Wayland",1,"single",18,FALSE,FALSE,"960",0
"920","Dept. of Conservation and Recreation (DCR) - Division of Urban Parks and Recreation (non-reimbursable)","920R","NON PROFIT M01","single use","Yarmouth",1,"single",14,FALSE,FALSE,"125",0
"920","Dept. of Conservation and Recreation (DCR) - Division of Urban Parks and Recreation (non-reimbursable)","920V","NON PROFIT MOO","single use","Yarmouth",1,"single",14,FALSE,FALSE,"125",0
"930","Vacant, Selectmen or City Council (Municipal)","930V","SELECTMEN VAC","single use","Yarmouth",1,"single",13,FALSE,FALSE,"106",0
"946","Vacant (Educational Private)","946V","EDUCAT VACANT","single use","Yarmouth",1,"single",13,FALSE,FALSE,"106",0
"955","Hospitals (Charitable Org.)","955V","HOSPITAL VACANT","single use","Yarmouth",1,"single",15,FALSE,FALSE,"106",0
"958","Recreation, Active Use (Charitable Org.)","958V","RECREA ACTV VAC","single use","Yarmouth",1,"single",15,FALSE,FALSE,"106",0
"959","Housing, Other (Charitable Org.)","959R","HOUSING RES","single use","Yarmouth",1,"single",11,FALSE,FALSE,"101",0
"960","Church, Mosque, Synagogue, Temple, etc...","960R","CHURCH RES","single use","Yarmouth",1,"single",10,FALSE,FALSE,"960",1
"933","Vacant, Education (Municipal or County)","933V","EDUCATION VAC","single use","Yarmouth",1,"single",13,FALSE,FALSE,"106",0
"930","Vacant, Selectmen or City Council (Municipal)","930F","EXEMPT VACANT","single use","Yarmouth",1,"single",13,FALSE,FALSE,"106",0
"956","Libraries, Museums (Charitable Org.)","956R","EXEMPT LIBRARIES, MUSEUMS","single use","Yarmouth",1,"single",25,FALSE,FALSE,"956",1
"109","Multiple Houses on one parcel","1091","IMPUTED - Multiple Houses on one parcel",NA,"Palmer",NA,NA,NA,NA,TRUE,"010",0
"109","Multiple Houses on one parcel","109C","IMPUTED - Multiple Houses on one parcel",NA,"Palmer",NA,NA,NA,NA,TRUE,"010",0
"111","Apartments with Four to Eight Units","111C","IMPUTED - Apartments with Four to Eight Units",NA,"Palmer",NA,NA,NA,NA,TRUE,"010",0
"111","Apartments with Four to Eight Units","111R","IMPUTED - Apartments with Four to Eight Units",NA,"Palmer",NA,NA,NA,NA,TRUE,"010",0
"112","Apartments with More than Eight Units","112C","IMPUTED - Apartments with More than Eight Units",NA,"Palmer",NA,NA,NA,NA,TRUE,"010",0
"106","Accessory Land with Improvement","106 ","IMPUTED - Accessory Land with Improvement",NA,"Danvers",NA,NA,NA,NA,TRUE,"010",0
"109","Multiple Houses on one parcel","109 ","IMPUTED - Multiple Houses on one parcel",NA,"Danvers",NA,NA,NA,NA,TRUE,"010",0
"111","Apartments with Four to Eight Units","111 ","IMPUTED - Apartments with Four to Eight Units",NA,"Danvers",NA,NA,NA,NA,TRUE,"010",0
"112","Apartments with More than Eight Units","112 ","IMPUTED - Apartments with More than Eight Units",NA,"Danvers",NA,NA,NA,NA,TRUE,"010",0
"101","Single Family Residential","101V","Local Use Code Variation for tracking and administrative purposes, Same as ""1010"".",NA,"Chicopee",NA,NA,NA,NA,TRUE,"010",0
"111","Apartments with Four to Eight Units","1111","Local Use Code Variation for tracking and administrative purposes, Same as ""1110.",NA,"Chicopee",NA,NA,NA,NA,TRUE,"010",0
"106","Accessory Land with Improvement","106R","IMPUTED - Accessory Land with Improvement",NA,"Marlborough",NA,NA,NA,NA,TRUE,"010",0
"112","Apartments with More than Eight Units","1123","IMPUTED - Apartments with More than Eight Units",NA,"Marlborough",NA,NA,NA,NA,TRUE,"010",0
"103","Mobile Home (includes mobile home park land)","103C","Local Use Code Variation for tracking and administrative purposes, Same as ""1030"".",NA,"Chicopee",NA,NA,NA,NA,TRUE,"010",0
"103","Mobile Home (includes mobile home park land)","103V","Local Use Code Variation for tracking and administrative purposes, Same as ""1030"".",NA,"Chicopee",NA,NA,NA,NA,TRUE,"010",0
"111","Apartments with Four to Eight Units","111C","Local Use Code Variation for tracking and administrative purposes, Same as ""1110.",NA,"Chicopee",NA,NA,NA,NA,TRUE,"010",0
"125","Other Congregate Housing (includes non-transient shared living arrangements)","1251","Local Use Code Variation for tracking and administrative purposes, Same as ""1250"".",NA,"Chicopee",NA,NA,NA,NA,TRUE,"012",0
"140","Child Care Facility","1401","Local Use Code Variation for tracking and administrative purposes, Same as ""1400"".",NA,"Chicopee",NA,NA,NA,NA,TRUE,"014",0
"106","Accessory Land with Improvement","1063","IMPUTED - Accessory Land with Improvement",NA,"Hubbardston",NA,NA,NA,NA,TRUE,"010",0
"109","Multiple Houses on one parcel","1091","IMPUTED - Multiple Houses on one parcel",NA,"Hubbardston",NA,NA,NA,NA,TRUE,"010",0
"111","Apartments with Four to Eight Units","111C","Apartments with Four to Eight Units",NA,"Wareham",NA,NA,NA,NA,TRUE,"010",0
"112","Apartments with More than Eight Units","112V","Apartments with More than Eight Units",NA,"Wareham",NA,NA,NA,NA,TRUE,"010",0
"109","Multiple Houses on one parcel","1017","Single Family with in-law",NA,"Wareham",NA,NA,NA,NA,TRUE,"010",0
"106","Accessory Land with Improvement","106C","IMPUTED - Accessory Land with Improvement",NA,"Wareham",NA,NA,NA,NA,TRUE,"010",0
"106","Accessory Land with Improvement","106V","Accessory Land with Improvement",NA,"Wareham",NA,NA,NA,NA,TRUE,"010",0
"109","Multiple Houses on one parcel","1091","Multiple Houses on one parcel",NA,"Wareham",NA,NA,NA,NA,TRUE,"010",0
"112","Apartments with More than Eight Units","112C","Apartments with More than Eight Units",NA,"Wareham",NA,NA,NA,NA,TRUE,"010",0
"109","Multiple Houses on one parcel","1011","SINGLE WITH IN-LAW",NA,"Carver",NA,NA,NA,NA,TRUE,"010",0
"106","Accessory Land with Improvement","106V","IMPUTED - Accessory Land with Improvement",NA,"East Longmeadow",NA,NA,NA,NA,TRUE,"010",0
"101","Single Family Residential","1013","Singe Family Home on Water Front",NA,"Ashburnham",NA,NA,NA,NA,TRUE,"010",0
"112","Apartments with More than Eight Units","112V","IMPUTED - Apartments with More than Eight Units",NA,"Worcester",NA,NA,NA,NA,TRUE,"010",0
"109","Multiple Houses on one parcel","1015","Single Family Residential with Inlaw Apartment",NA,"Mattapoisett",NA,NA,NA,NA,TRUE,"010",0
"112","Apartments with More than Eight Units","112R","Apt 9 Units and Up R",NA,"Lowell",NA,NA,NA,NA,TRUE,"010",0
"109","Multiple Houses on one parcel","1091","Residences - Multiple Houses on one parcel (for example, a single and a two-family on one parcel)",NA,"Lowell",NA,NA,NA,NA,TRUE,"010",0
"111","Apartments with Four to Eight Units","1111","Apartments with Four to Eight Units",NA,"Lowell",NA,NA,NA,NA,TRUE,"010",0
"111","Apartments with Four to Eight Units","111C","IMPUTED - Apartments with Four to Eight Units",NA,"Wrentham",NA,NA,NA,NA,TRUE,"010",0
"109","Multiple Houses on one parcel","1011","Single family with an in-law apartment",NA,"Norton",NA,NA,NA,NA,TRUE,"010",0
"111","Apartments with Four to Eight Units","111B","NOT USED",NA,"North Attleborough",NA,NA,NA,NA,TRUE,"010",0
"109","Multiple Houses on one parcel","1017","SINGLE FAMILY WITH IN-LAW",NA,"North Attleborough",NA,NA,NA,NA,TRUE,"010",0
"106","Accessory Land with Improvement","1061","Accessory Land with Improvement",NA,"Hinsdale",NA,NA,NA,NA,TRUE,"010",0
"101","Single Family Residential","1013","Single Family Residential - With Waterfront",NA,"Southampton",NA,NA,NA,NA,TRUE,"010",0
"101","Single Family Residential","1013","Single family with attached commercial",NA,"South Hadley",NA,NA,NA,NA,TRUE,"010",0
"101","Single Family Residential","1014","Single family with attached industrial",NA,"South Hadley",NA,NA,NA,NA,TRUE,"010",0
"111","Apartments with Four to Eight Units","111C","Apartments with Four to Eight Units - Commercial",NA,"South Hadley",NA,NA,NA,NA,TRUE,"010",0
"109","Multiple Houses on one parcel","1092","Multiple Houses on one parcel",NA,"Amesbury",NA,NA,NA,NA,TRUE,"010",0
"112","Apartments with More than Eight Units","1121","Apartments with More than Eight Units",NA,"Amesbury",NA,NA,NA,NA,TRUE,"010",0
"111","Apartments with Four to Eight Units","111C","IMPUTED - Apartments with Four to Eight Units",NA,"Sutton",NA,NA,NA,NA,TRUE,"010",0
"109","Multiple Houses on one parcel","1091","Multiple Houses on one parcel",NA,"Amesbury",NA,NA,NA,NA,TRUE,"010",0
"109","Multiple Houses on one parcel","1017","Accessory use, indicating an in-law or apartment or similar setup",NA,"Hopkinton",NA,NA,NA,NA,TRUE,"010",0
"109","Multiple Houses on one parcel","1091","multiple buildings on a single lot",NA,"Millbury",NA,NA,NA,NA,TRUE,"010",0
"101","Single Family Residential","1012","Dwelling with Accessory Apartment",NA,"Ludlow",NA,NA,NA,NA,TRUE,"010",0
"111","Apartments with Four to Eight Units","1111","Apartments with Four to Eight Units",NA,"Oxford",NA,NA,NA,NA,TRUE,"010",0
"112","Apartments with More than Eight Units","112R","Apartments with More than Eight Units",NA,"Oxford",NA,NA,NA,NA,TRUE,"010",0
"106","Accessory Land with Improvement","106I","Accessory Land With Improvement",NA,"Dartmouth",NA,NA,NA,NA,TRUE,"010",0
"106","Accessory Land with Improvement","106V","Accessory Land With Improvement",NA,"Dartmouth",NA,NA,NA,NA,TRUE,"010",0
"111","Apartments with Four to Eight Units","111C","Apartments with Four to Eight Units",NA,"Newton",NA,NA,NA,NA,TRUE,"010",0
"112","Apartments with More than Eight Units","112C","Apartments with More than Eight Units",NA,"Newton",NA,NA,NA,NA,TRUE,"010",0
"112","Apartments with More than Eight Units","112V","Apartments with More than Eight Units",NA,"Newton",NA,NA,NA,NA,TRUE,"010",0
"111","Apartments with Four to Eight Units","1111","Apartments with Four to Eight Units",NA,"Newton",NA,NA,NA,NA,TRUE,"010",0
"111","Apartments with Four to Eight Units","111C","Apartments with Four to Eight Units Commercial",NA,"Leominster",NA,NA,NA,NA,TRUE,"010",0
"112","Apartments with More than Eight Units","112C","Apartments with More than Eight Units Commercial",NA,"Leominster",NA,NA,NA,NA,TRUE,"010",0
"121","Rooming and Boarding Houses","121C","Rooming and Boarding Houses Commercial",NA,"Leominster",NA,NA,NA,NA,TRUE,"012",0
"109","Multiple Houses on one parcel","1015","single family with in-law",NA,"Randolph",NA,NA,NA,NA,TRUE,"010",0
"106","Accessory Land with Improvement","106R","residential with assessory bldg",NA,"Randolph",NA,NA,NA,NA,TRUE,"010",0
"106","Accessory Land with Improvement","106R","LAND WITH IMPROVEMENTS",NA,"Agawam",NA,NA,NA,NA,TRUE,"010",0
"112","Apartments with More than Eight Units","112R","APARTMENT 9 AND UP R",NA,"Sturbridge",NA,NA,NA,NA,TRUE,"010",0
"106","Accessory Land with Improvement","106V","Accessory Land with Improvement",NA,"Barnstable",NA,NA,NA,NA,TRUE,"010",0
"101","Single Family Residential","1012","Single Family on Water",NA,"Rutland",NA,NA,NA,NA,TRUE,"010",0
"101","Single Family Residential","1013","Single Family on Water",NA,"Rutland",NA,NA,NA,NA,TRUE,"010",0
"112","Apartments with More than Eight Units","112C","Apartments with More than Eight Units",NA,"Boylston",NA,NA,NA,NA,TRUE,"010",0
"106","Accessory Land with Improvement","106C","Land with improvements - Commercial",NA,"Granby",NA,NA,NA,NA,TRUE,"010",0
"106","Accessory Land with Improvement","106G","Accessory Land with Improvement",NA,"Edgartown",NA,NA,NA,NA,TRUE,"010",0
"111","Apartments with Four to Eight Units","111C","Apartments with Four to Eight Units",NA,"Wilbraham",NA,NA,NA,NA,TRUE,"010",0
"101","Single Family Residential","101C","Single Family Commercial Use",NA,"Wilbraham",NA,NA,NA,NA,TRUE,"010",0
"109","Multiple Houses on one parcel","109M","Mixed Use (Primarily Residential, some Tax-Exempt)",NA,"Winthrop",NA,NA,NA,NA,TRUE,"010",0
"109","Multiple Houses on one parcel","109R","IMPUTED - Multiple Houses on one parcel",NA,"Russell",NA,NA,NA,NA,TRUE,"010",0
"111","Apartments with Four to Eight Units","1111","IMPUTED - Apartments with Four to Eight Units",NA,"Russell",NA,NA,NA,NA,TRUE,"010",0
"111","Apartments with Four to Eight Units","1111","Apartments with Four to Eight Units",NA,"Holden",NA,NA,NA,NA,TRUE,"010",0
"106","Accessory Land with Improvement","106V","Vacant land with outbuildings",NA,"Sterling",NA,NA,NA,NA,TRUE,"010",0
"106","Accessory Land with Improvement","106I","IMPUTED - Accessory Land with Improvement",NA,"Sterling",NA,NA,NA,NA,TRUE,"010",0
"106","Accessory Land with Improvement","106V","Accessory Land with Improvement, Vacant",NA,"Clinton",NA,NA,NA,NA,TRUE,"010",0
"109","Multiple Houses on one parcel","1011","Single Family Residential with In-Law Apartment",NA,"Freetown",NA,NA,NA,NA,TRUE,"010",0
"112","Apartments with More than Eight Units","1123","Apt 9 and Up C",NA,"Grafton",NA,NA,NA,NA,TRUE,"010",0
"111","Apartments with Four to Eight Units","1111","IMPUTED - Apartments with Four to Eight Units",NA,"Grafton",NA,NA,NA,NA,TRUE,"010",0
"112","Apartments with More than Eight Units","112C","IMPUTED - Apartments with More than Eight Units",NA,"Grafton",NA,NA,NA,NA,TRUE,"010",0
"109","Multiple Houses on one parcel","1012","Single Family with In-Law Apartment",NA,"Mendon",NA,NA,NA,NA,TRUE,"010",0
"111","Apartments with Four to Eight Units","111R","IMPUTED - Apartments with Four to Eight Units",NA,"North Brookfield",NA,NA,NA,NA,TRUE,"010",0
"112","Apartments with More than Eight Units","112R","IMPUTED - Apartments with More than Eight Units",NA,"North Brookfield",NA,NA,NA,NA,TRUE,"010",0
"121","Rooming and Boarding Houses","1211","Imputed - Rooming and Boarding Houses",NA,"Tisbury",NA,NA,NA,NA,TRUE,"012",0
"109","Multiple Houses on one parcel","1011","Single Family with In-law Apartment",NA,"Harvard",NA,NA,NA,NA,TRUE,"010",0
"109","Multiple Houses on one parcel","109R","IMPUTED - Multiple Houses on one parcel",NA,"Athol",NA,NA,NA,NA,TRUE,"010",0
"111","Apartments with Four to Eight Units","1114","IMPUTED - Apartments with Four to Eight Units",NA,"Athol",NA,NA,NA,NA,TRUE,"010",0
"112","Apartments with More than Eight Units","1121","IMPUTED - Apartments with More than Eight Units",NA,"Athol",NA,NA,NA,NA,TRUE,"010",0
"111","Apartments with Four to Eight Units","1112","Apartments with Four to Eight Units",NA,"Templeton",NA,NA,NA,NA,TRUE,"010",0
"111","Apartments with Four to Eight Units","111F","Apartments with Four to Eight Units",NA,"Templeton",NA,NA,NA,NA,TRUE,"010",0
"112","Apartments with More than Eight Units","112C","Apartments with More than Eight Units",NA,"Templeton",NA,NA,NA,NA,TRUE,"010",0
"109","Multiple Houses on one parcel","109C","Multiple Commercial Apartments on one parcel",NA,"Stockbridge",NA,NA,NA,NA,TRUE,"010",0
"111","Apartments with Four to Eight Units","111C","Apartments with Four to Eight Units Commercial",NA,"Gardner",NA,NA,NA,NA,TRUE,"010",0
"112","Apartments with More than Eight Units","112R","Apartments with More than Eight Units Residential",NA,"Gardner",NA,NA,NA,NA,TRUE,"010",0
"109","Multiple Houses on one parcel","109M","Multiple Houses on one parcel",NA,"Lawrence",NA,NA,NA,NA,TRUE,"010",0
"109","Multiple Houses on one parcel","1012","Single Family with In Law",NA,"Gardner",NA,NA,NA,NA,TRUE,"010",0
"109","Multiple Houses on one parcel","1091","2 or more buildings on parcel",NA,"Spencer",NA,NA,NA,NA,TRUE,"010",0
"106","Accessory Land with Improvement","106V","Accessory land with improvement (Vacant)",NA,"Spencer",NA,NA,NA,NA,TRUE,"010",0
"106","Accessory Land with Improvement","106V","IMPUTED - Accessory Land with Improvement",NA,"Ipswich",NA,NA,NA,NA,TRUE,"010",0
"111","Apartments with Four to Eight Units","1111","IMPUTED - Apartments with Four to Eight Units",NA,"Georgetown",NA,NA,NA,NA,TRUE,"010",0
"109","Multiple Houses on one parcel","1014","SF WITH IN-LAW",NA,"Taunton",NA,NA,NA,NA,TRUE,"010",0
"106","Accessory Land with Improvement","1063","Vacant with acc WF",NA,"Phillipston",NA,NA,NA,NA,TRUE,"010",0
"102","Residential Condominium","102L","Condo with Land",NA,"Wayland",NA,NA,NA,NA,TRUE,"010",0
"106","Accessory Land with Improvement","106C","Residential Accessory Land with improvements",NA,"Longmeadow",NA,NA,NA,NA,TRUE,"010",0
"109","Multiple Houses on one parcel","1018","Single family with inlaw unit",NA,"Wayland",NA,NA,NA,NA,TRUE,"010",0
"332","Auto Repair Facilities","332I","AUTO REPR  MDL-96",NA,"Chelsea",NA,NA,NA,NA,TRUE,"030",0
"332","Auto Repair Facilities","332S","AUTO REPR  MDL-95",NA,"Chelsea",NA,NA,NA,NA,TRUE,"030",0
"311","Bottled Gas and Propane Gas Tanks","311I","IMPUTED - Bottled Gas and Propane Gas Tanks",NA,"Palmer",NA,NA,NA,NA,TRUE,"031",0
"311","Bottled Gas and Propane Gas Tanks","311S","IMPUTED - Bottled Gas and Propane Gas Tanks",NA,"Palmer",NA,NA,NA,NA,TRUE,"031",0
"325","Small Retail and Services stores (under 10,000 sq. ft.)","325I","IMPUTED - Small Retail and Services stores (under 10,000 sq. ft.)",NA,"Palmer",NA,NA,NA,NA,TRUE,"032",0
"326","Eating and Drinking Establishments - restaurants, diners, fast food establishments, bars, nightclubs","326R","IMPUTED - Eating and Drinking Establishments - restaurants, diners, fast food establishments, bars, nightclubs",NA,"Palmer",NA,NA,NA,NA,TRUE,"032",0
"326","Eating and Drinking Establishments - restaurants, diners, fast food establishments, bars, nightclubs","326V","IMPUTED - Eating and Drinking Establishments - restaurants, diners, fast food establishments, bars, nightclubs",NA,"Palmer",NA,NA,NA,NA,TRUE,"032",0
"330","Automotive Vehicles Sales and Service","330I","IMPUTED - Automotive Vehicles Sales and Service",NA,"Palmer",NA,NA,NA,NA,TRUE,"030",0
"331","Automotive Supplies Sales and Service","331I","IMPUTED - Automotive Supplies Sales and Service",NA,"Palmer",NA,NA,NA,NA,TRUE,"030",0
"333","Fuel Service Areas - providing only fuel products","333V","IMPUTED - Fuel Service Areas - providing only fuel products",NA,"Palmer",NA,NA,NA,NA,TRUE,"030",0
"304","Nursing Homes - includes property designed for minimal care with or without medical facilities","304 ","IMPUTED - Nursing Homes - includes property designed for minimal care with or without medical facilities",NA,"Danvers",NA,NA,NA,NA,TRUE,"030",0
"306","Care and Treatment Facilities - designed and used on a transient basis, including half-way houses and similar facilities","306 ","IMPUTED - Care and Treatment Facilities - designed and used on a transient basis, including half-way houses and similar facilities",NA,"Danvers",NA,NA,NA,NA,TRUE,"030",0
"310","Tanks Holding Fuel and Oil Products for Retail Distribution, either Above Ground or Underground","310 ","IMPUTED - Tanks Holding Fuel and Oil Products for Retail Distribution, either Above Ground or Underground",NA,"Danvers",NA,NA,NA,NA,TRUE,"031",0
"311","Bottled Gas and Propane Gas Tanks","311 ","IMPUTED - Bottled Gas and Propane Gas Tanks",NA,"Danvers",NA,NA,NA,NA,TRUE,"031",0
"316","Other Storage, Warehouse, and Distribution facilities (see also usecode 401)","316 ","IMPUTED - Other Storage, Warehouse, and Distribution facilities (see also usecode 401)",NA,"Danvers",NA,NA,NA,NA,TRUE,"031",0
"321","Facilities providing building materials, hardware and farm equip, heating, hardware, plumbing, lumber supplies and equip","321 ","IMPUTED - Facilities providing building materials, hardware and farm equip, heating, hardware, plumbing, lumber supplies and equip",NA,"Danvers",NA,NA,NA,NA,TRUE,"032",0
"325","Small Retail and Services stores (under 10,000 sq. ft.)","325 ","IMPUTED - Small Retail and Services stores (under 10,000 sq. ft.)",NA,"Danvers",NA,NA,NA,NA,TRUE,"032",0
"326","Eating and Drinking Establishments - restaurants, diners, fast food establishments, bars, nightclubs","326 ","IMPUTED - Eating and Drinking Establishments - restaurants, diners, fast food establishments, bars, nightclubs",NA,"Danvers",NA,NA,NA,NA,TRUE,"032",0
"330","Automotive Vehicles Sales and Service","330 ","IMPUTED - Automotive Vehicles Sales and Service",NA,"Danvers",NA,NA,NA,NA,TRUE,"030",0
"331","Automotive Supplies Sales and Service","331 ","IMPUTED - Automotive Supplies Sales and Service",NA,"Danvers",NA,NA,NA,NA,TRUE,"030",0
"333","Fuel Service Areas - providing only fuel products","333 ","IMPUTED - Fuel Service Areas - providing only fuel products",NA,"Danvers",NA,NA,NA,NA,TRUE,"030",0
"334","Gasoline Service Stations - providing engine repair or maintenance services, and fuel products","334 ","IMPUTED - Gasoline Service Stations - providing engine repair or maintenance services, and fuel products",NA,"Danvers",NA,NA,NA,NA,TRUE,"030",0
"338","Other Motor Vehicles Sales and Services","338 ","IMPUTED - Other Motor Vehicles Sales and Services",NA,"Danvers",NA,NA,NA,NA,TRUE,"030",0
"384","Marinas - including marine terminals & associated areas primarily for recreational marine craft (not Ch. 61B)","384 ","IMPUTED - Marinas - including marine terminals & associated areas primarily for recreational marine craft (not Ch. 61B)",NA,"Danvers",NA,NA,NA,NA,TRUE,"038",0
"322","Discount Stores, Junior Department Stores, Department Stores","322V","Local Use Code Variation for tracking and administrative purposes, Same as ""3220"".",NA,"Chicopee",NA,NA,NA,NA,TRUE,"032",0
"334","Gasoline Service Stations - providing engine repair or maintenance services, and fuel products","334I","IMPUTED - Gasoline Service Stations - providing engine repair or maintenance services, and fuel products",NA,"Chicopee",NA,NA,NA,NA,TRUE,"030",0
"314","Trucking Terminals","314V","Local Use Code Variation for tracking and administrative purposes, Same as ""3140"".",NA,"Chicopee",NA,NA,NA,NA,TRUE,"031",0
"316","Other Storage, Warehouse, and Distribution facilities (see also usecode 401)","316V","Local Use Code Variation for tracking and administrative purposes, Same as ""3300"".",NA,"Chicopee",NA,NA,NA,NA,TRUE,"031",0
"330","Automotive Vehicles Sales and Service","3301","Local Use Code Variation for tracking and administrative purposes, Same as ""3300"".",NA,"Chicopee",NA,NA,NA,NA,TRUE,"030",0
"330","Automotive Vehicles Sales and Service","3302","Local Use Code Variation for tracking and administrative purposes, Same as ""3300"".",NA,"Chicopee",NA,NA,NA,NA,TRUE,"030",0
"330","Automotive Vehicles Sales and Service","330I","Local Use Code Variation for tracking and administrative purposes, Same as ""3300"".",NA,"Chicopee",NA,NA,NA,NA,TRUE,"030",0
"331","Automotive Supplies Sales and Service","331C","Local Use Code Variation for tracking and administrative purposes, Same as ""3310"".",NA,"Chicopee",NA,NA,NA,NA,TRUE,"030",0
"338","Other Motor Vehicles Sales and Services","338V","Local Use Code Variation for tracking and administrative purposes, Same as ""3380"".",NA,"Chicopee",NA,NA,NA,NA,TRUE,"030",0
"340","General Office Buildings","340R","Local Use Code Variation for tracking and administrative purposes, Same as ""3400"".",NA,"Chicopee",NA,NA,NA,NA,TRUE,"034",0
"330","Automotive Vehicles Sales and Service","330I","Automotive Vehicles Sales and Service, Table I",NA,"Hudson",NA,NA,NA,NA,TRUE,"030",0
"333","Fuel Service Areas - providing only fuel products","333V","FUEL SV/PR MDL-00",NA,"Barre",NA,NA,NA,NA,TRUE,"030",0
"316","Other Storage, Warehouse, and Distribution facilities (see also usecode 401)","316I","Other Storage, Warehouse, and Distribution facilities (see also usecode 401)",NA,"Wareham",NA,NA,NA,NA,TRUE,"031",0
"384","Marinas - including marine terminals & associated areas primarily for recreational marine craft (not Ch. 61B)","384V","Marinas - including marine terminals & associated areas primarily for recreational marine craft (not Ch. 61B)",NA,"Wareham",NA,NA,NA,NA,TRUE,"038",0
"330","Automotive Vehicles Sales and Service","330I","IMPUTED - Automotive Vehicles Sales and Service",NA,"Wareham",NA,NA,NA,NA,TRUE,"030",0
"338","Other Motor Vehicles Sales and Services","338S","IMPUTED - Other Motor Vehicles Sales and Services",NA,"Wareham",NA,NA,NA,NA,TRUE,"030",0
"384","Marinas - including marine terminals & associated areas primarily for recreational marine craft (not Ch. 61B)","384I","IMPUTED - Marinas - including marine terminals & associated areas primarily for recreational marine craft (not Ch. 61B)",NA,"Wareham",NA,NA,NA,NA,TRUE,"038",0
"316","Other Storage, Warehouse, and Distribution facilities (see also usecode 401)","316S","Other Storage, Warehouse, and Distribution facilities (see also usecode 401)",NA,"Wareham",NA,NA,NA,NA,TRUE,"031",0
"330","Automotive Vehicles Sales and Service","330I","Auto vehicle sales and service",NA,"Abington",NA,NA,NA,NA,TRUE,"030",0
"302","Inns, Resorts, or Tourist Homes","302M","Mixed Use - Store with Single Family Home",NA,"Abington",NA,NA,NA,NA,TRUE,"030",0
"334","Gasoline Service Stations - providing engine repair or maintenance services, and fuel products","334I","gas station/service shop the owner hasn’t informed us of changing the use yet",NA,"Abington",NA,NA,NA,NA,TRUE,"030",0
"316","Other Storage, Warehouse, and Distribution facilities (see also usecode 401)","316I","Other Storage, Warehouse, and Distribution facilities (see also usecode 401)",NA,"Hadley",NA,NA,NA,NA,TRUE,"031",0
"304","Nursing Homes - includes property designed for minimal care with or without medical facilities","3041","IMPUTED - Nursing Homes - includes property designed for minimal care with or without medical facilities",NA,"Westwood",NA,NA,NA,NA,TRUE,"030",0
"393","Agricultural/Horticultural Land not included in Chapter 61A","3931","APR VEGETA",NA,"Middleborough",NA,NA,NA,NA,TRUE,"039",0
"393","Agricultural/Horticultural Land not included in Chapter 61A","3932","APR FIELD",NA,"Middleborough",NA,NA,NA,NA,TRUE,"039",0
"393","Agricultural/Horticultural Land not included in Chapter 61A","3933","APR ORCHAR",NA,"Middleborough",NA,NA,NA,NA,TRUE,"039",0
"393","Agricultural/Horticultural Land not included in Chapter 61A","3934","APR FORAGE",NA,"Middleborough",NA,NA,NA,NA,TRUE,"039",0
"393","Agricultural/Horticultural Land not included in Chapter 61A","3935","APR PASTUR",NA,"Middleborough",NA,NA,NA,NA,TRUE,"039",0
"393","Agricultural/Horticultural Land not included in Chapter 61A","3936","APR PR WOD",NA,"Middleborough",NA,NA,NA,NA,TRUE,"039",0
"393","Agricultural/Horticultural Land not included in Chapter 61A","3937","APR PASTUR",NA,"Middleborough",NA,NA,NA,NA,TRUE,"039",0
"393","Agricultural/Horticultural Land not included in Chapter 61A","3938","APR NECREL",NA,"Middleborough",NA,NA,NA,NA,TRUE,"039",0
"393","Agricultural/Horticultural Land not included in Chapter 61A","3939","APR NONPRO",NA,"Middleborough",NA,NA,NA,NA,TRUE,"039",0
"325","Small Retail and Services stores (under 10,000 sq. ft.)","325V","IMPUTED - Small Retail and Services stores (under 10,000 sq. ft.)",NA,"East Longmeadow",NA,NA,NA,NA,TRUE,"032",0
"310","Tanks Holding Fuel and Oil Products for Retail Distribution, either Above Ground or Underground","310V","IMPUTED - Tanks Holding Fuel and Oil Products for Retail Distribution, either Above Ground or Underground",NA,"Ashburnham",NA,NA,NA,NA,TRUE,"031",0
"332","Auto Repair Facilities","332I","AUTO REPR  MDL-96",NA,"Newburyport",NA,NA,NA,NA,TRUE,"030",0
"326","Eating and Drinking Establishments - restaurants, diners, fast food establishments, bars, nightclubs","326I","Retail Trade - Facilities providing building materials, hardware and farm equipment, heating hardware, plumbing, lumber supplies and equipment",NA,"Lowell",NA,NA,NA,NA,TRUE,"032",0
"334","Gasoline Service Stations - providing engine repair or maintenance services, and fuel products","334V","Retail Trade - Gasoline Service Stations - providing engine repair or maintenance services, and fuel products",NA,"Lowell",NA,NA,NA,NA,TRUE,"030",0
"332","Auto Repair Facilities","332S","AUTO REPR M95",NA,"Northbridge",NA,NA,NA,NA,TRUE,"030",0
"318","Commercial Greenhouses","318V","Commercial greenhouses on lot",NA,"Berlin",NA,NA,NA,NA,TRUE,"031",0
"333","Fuel Service Areas - providing only fuel products","333A","FUEL SV/PR  MDL-00",NA,"North Attleborough",NA,NA,NA,NA,TRUE,"030",0
"316","Other Storage, Warehouse, and Distribution facilities (see also usecode 401)","316S","Other Storage, Warehouse, and Distribution facilities",NA,"North Attleborough",NA,NA,NA,NA,TRUE,"031",0
"354","Bus Transportation Facilities and Related Properties","3545","Bus Transportation Facilities and Related Properties",NA,"Hinsdale",NA,NA,NA,NA,TRUE,"035",0
"326","Eating and Drinking Establishments - restaurants, diners, fast food establishments, bars, nightclubs","326R","eating and drinking establishments",NA,"Southampton",NA,NA,NA,NA,TRUE,"032",0
"304","Nursing Homes - includes property designed for minimal care with or without medical facilities","3041","IMPUTED - Nursing Homes - includes property designed for minimal care with or without medical facilities",NA,"Hanover",NA,NA,NA,NA,TRUE,"030",0
"316","Other Storage, Warehouse, and Distribution facilities (see also usecode 401)","3169","IMPUTED - Other Storage, Warehouse, and Distribution facilities (see also usecode 401)",NA,"Hanover",NA,NA,NA,NA,TRUE,"031",0
"316","Other Storage, Warehouse, and Distribution facilities (see also usecode 401)","316C","IMPUTED - Other Storage, Warehouse, and Distribution facilities (see also usecode 401)",NA,"Hanover",NA,NA,NA,NA,TRUE,"031",0
"322","Discount Stores, Junior Department Stores, Department Stores","3222","Service shop with vacant land",NA,"South Hadley",NA,NA,NA,NA,TRUE,"032",0
"384","Marinas - including marine terminals & associated areas primarily for recreational marine craft (not Ch. 61B)","3841","Auxiliary Marina buildings and land",NA,"South Hadley",NA,NA,NA,NA,TRUE,"038",0
"334","Gasoline Service Stations - providing engine repair or maintenance services, and fuel products","334I","Gasoline Service Stations - providing engine repair or maintenance services, and fuel products - Industrial",NA,"South Hadley",NA,NA,NA,NA,TRUE,"030",0
"334","Gasoline Service Stations - providing engine repair or maintenance services, and fuel products","334S","Gasoline Service Stations - providing engine repair or maintenance services, and fuel products",NA,"South Hadley",NA,NA,NA,NA,TRUE,"030",0
"384","Marinas - including marine terminals & associated areas primarily for recreational marine craft (not Ch. 61B)","384I","Marinas - including marine terminals & associated areas primarily for recreational marine craft (not Ch. 61B) - Industrial",NA,"South Hadley",NA,NA,NA,NA,TRUE,"038",0
"322","Discount Stores, Junior Department Stores, Department Stores","322V","Mixed Use",NA,"South Hadley",NA,NA,NA,NA,TRUE,"032",0
"310","Tanks Holding Fuel and Oil Products for Retail Distribution, either Above Ground or Underground","3101","Tanks Holding Fuel and Oil Products for Retail Distribution, either Above Ground or Underground",NA,"Amesbury",NA,NA,NA,NA,TRUE,"031",0
"354","Bus Transportation Facilities and Related Properties","3541","Bus Transportation Facilities and Related Properties",NA,"Amesbury",NA,NA,NA,NA,TRUE,"035",0
"316","Other Storage, Warehouse, and Distribution facilities (see also usecode 401)","316I","IMPUTED - Other Storage, Warehouse, and Distribution facilities (see also usecode 401)",NA,"Sutton",NA,NA,NA,NA,TRUE,"031",0
"384","Marinas - including marine terminals & associated areas primarily for recreational marine craft (not Ch. 61B)","3842","Marinas - including marine terminals & associated areas primarily for recreational marine craft (not Ch. 61B)",NA,"Amesbury",NA,NA,NA,NA,TRUE,"038",0
"311","Bottled Gas and Propane Gas Tanks","311V","Bottled Gas and Propane Gas Tanks",NA,"Oxford",NA,NA,NA,NA,TRUE,"031",0
"316","Other Storage, Warehouse, and Distribution facilities (see also usecode 401)","316R","Other Storage, Warehouse, and Distribution facilities (see also usecode 401)",NA,"Oxford",NA,NA,NA,NA,TRUE,"031",0
"316","Other Storage, Warehouse, and Distribution facilities (see also usecode 401)","316V","Other Storage, Warehouse, and Distribution facilities (see also usecode 401)",NA,"Oxford",NA,NA,NA,NA,TRUE,"031",0
"325","Small Retail and Services stores (under 10,000 sq. ft.)","325R","Small Retail and Services stores (under 10,000 sq. ft.)",NA,"Oxford",NA,NA,NA,NA,TRUE,"032",0
"330","Automotive Vehicles Sales and Service","330V","Automotive Vehicles Sales and Service",NA,"Oxford",NA,NA,NA,NA,TRUE,"030",0
"338","Other Motor Vehicles Sales and Services","338V","Other Motor Vehicles Sales and Services",NA,"Oxford",NA,NA,NA,NA,TRUE,"030",0
"350","Property Used for Postal Services","350V","Property Used for Postal Services",NA,"Oxford",NA,NA,NA,NA,TRUE,"035",0
"316","Other Storage, Warehouse, and Distribution facilities (see also usecode 401)","316I","Other Storage, Warehouse, and Distribution facilities (see also usecode 401)",NA,"Dartmouth",NA,NA,NA,NA,TRUE,"031",0
"325","Small Retail and Services stores (under 10,000 sq. ft.)","325I","Small Retail and Services stores (under 10,000 sq. ft.)",NA,"Dartmouth",NA,NA,NA,NA,TRUE,"032",0
"325","Small Retail and Services stores (under 10,000 sq. ft.)","325R","Small Retail and Services stores (under 10,000 sq. ft.)",NA,"Dartmouth",NA,NA,NA,NA,TRUE,"032",0
"326","Eating and Drinking Establishments - restaurants, diners, fast food establishments, bars, nightclubs","326I","Eating and Drinking Establishments - restaurants, diners, fast food establishments, bars, nightclubs",NA,"Dartmouth",NA,NA,NA,NA,TRUE,"032",0
"330","Automotive Vehicles Sales and Service","330V","Automotive Vehicles Sales and Service",NA,"Dartmouth",NA,NA,NA,NA,TRUE,"030",0
"338","Other Motor Vehicles Sales and Services","338I","Other Motor Vehicles Sales and Services",NA,"Dartmouth",NA,NA,NA,NA,TRUE,"030",0
"384","Marinas - including marine terminals & associated areas primarily for recreational marine craft (not Ch. 61B)","3841","Marinas - including marine terminals & associated areas primarily for recreational marine craft (not Ch. 61B)",NA,"Dartmouth",NA,NA,NA,NA,TRUE,"038",0
"330","Automotive Vehicles Sales and Service","330V","Automotive Vehicles Sales and Service",NA,"Newton",NA,NA,NA,NA,TRUE,"030",0
"332","Auto Repair Facilities","332I","AUTO REPR MDL",NA,"Acton",NA,NA,NA,NA,TRUE,"030",0
"310","Tanks Holding Fuel and Oil Products for Retail Distribution, either Above Ground or Underground","310V","Tanks Holding Fuel and Oil Products for Retail Distribution, either Above Ground or Underground Vacant",NA,"Leominster",NA,NA,NA,NA,TRUE,"031",0
"316","Other Storage, Warehouse, and Distribution facilities (see also usecode 401)","316V","Other Storage, Warehouse, and Distribution facilities Vacant",NA,"Leominster",NA,NA,NA,NA,TRUE,"031",0
"330","Automotive Vehicles Sales and Service","330V","Automotive Vehicles Sales and Service Vacant",NA,"Leominster",NA,NA,NA,NA,TRUE,"030",0
"331","Automotive Supplies Sales and Service","331R","Automotive Supplies Sales and Service Residential",NA,"Leominster",NA,NA,NA,NA,TRUE,"030",0
"331","Automotive Supplies Sales and Service","331V","Automotive Supplies Sales and Service Vacant",NA,"Leominster",NA,NA,NA,NA,TRUE,"030",0
"333","Fuel Service Areas - providing only fuel products","333I","Fuel Service Areas - providing only fuel products Industrial",NA,"Leominster",NA,NA,NA,NA,TRUE,"030",0
"333","Fuel Service Areas - providing only fuel products","333V","Fuel Service Areas - providing only fuel products Vacant",NA,"Leominster",NA,NA,NA,NA,TRUE,"030",0
"334","Gasoline Service Stations - providing engine repair or maintenance services, and fuel products","334I","Gasoline Service Stations - providing engine repair or maintenance services, and fuel products Industrial",NA,"Leominster",NA,NA,NA,NA,TRUE,"030",0
"338","Other Motor Vehicles Sales and Services","338V","Other Motor Vehicles Sales and Services Vacant",NA,"Leominster",NA,NA,NA,NA,TRUE,"030",0
"354","Bus Transportation Facilities and Related Properties","354V","Bus Transportation Facilities and Related Properties Vacant",NA,"Leominster",NA,NA,NA,NA,TRUE,"035",0
"332","Auto Repair Facilities","332I","AUTO REPR MDL-96",NA,"Tewksbury",NA,NA,NA,NA,TRUE,"030",0
"332","Auto Repair Facilities","332C","AUTO REPR  MDL-94",NA,"West Springfield",NA,NA,NA,NA,TRUE,"030",0
"393","Agricultural/Horticultural Land not included in Chapter 61A","3931","APR VEGETA",NA,"Chelmsford",NA,NA,NA,NA,TRUE,"039",0
"393","Agricultural/Horticultural Land not included in Chapter 61A","3932","APR FIELD",NA,"Chelmsford",NA,NA,NA,NA,TRUE,"039",0
"393","Agricultural/Horticultural Land not included in Chapter 61A","3933","APR ORCHAR",NA,"Chelmsford",NA,NA,NA,NA,TRUE,"039",0
"393","Agricultural/Horticultural Land not included in Chapter 61A","3934","APR FORAGE",NA,"Chelmsford",NA,NA,NA,NA,TRUE,"039",0
"393","Agricultural/Horticultural Land not included in Chapter 61A","3935","APR PASTUR",NA,"Chelmsford",NA,NA,NA,NA,TRUE,"039",0
"393","Agricultural/Horticultural Land not included in Chapter 61A","3936","APR PR WOD",NA,"Chelmsford",NA,NA,NA,NA,TRUE,"039",0
"393","Agricultural/Horticultural Land not included in Chapter 61A","3937","APR PASTUR",NA,"Chelmsford",NA,NA,NA,NA,TRUE,"039",0
"393","Agricultural/Horticultural Land not included in Chapter 61A","3938","APR NECREL",NA,"Chelmsford",NA,NA,NA,NA,TRUE,"039",0
"393","Agricultural/Horticultural Land not included in Chapter 61A","3939","APR NONPRO",NA,"Chelmsford",NA,NA,NA,NA,TRUE,"039",0
"393","Agricultural/Horticultural Land not included in Chapter 61A","393O","Residential with Orchard or Nursery Land",NA,"Stow",NA,NA,NA,NA,TRUE,"039",0
"393","Agricultural/Horticultural Land not included in Chapter 61A","393P","Residential with Pasture Land",NA,"Stow",NA,NA,NA,NA,TRUE,"039",0
"333","Fuel Service Areas - providing only fuel products","333I","FUEL SV/PR MDL-96",NA,"Attleboro",NA,NA,NA,NA,TRUE,"030",0
"332","Auto Repair Facilities","332V","AUTO REPR MDL-96",NA,"Attleboro",NA,NA,NA,NA,TRUE,"030",0
"316","Other Storage, Warehouse, and Distribution facilities (see also usecode 401)","316I","IMPUTED - Other Storage, Warehouse, and Distribution facilities (see also usecode 401)",NA,"Attleboro",NA,NA,NA,NA,TRUE,"031",0
"330","Automotive Vehicles Sales and Service","330V","IMPUTED - Automotive Vehicles Sales and Service",NA,"Attleboro",NA,NA,NA,NA,TRUE,"030",0
"338","Other Motor Vehicles Sales and Services","338I","IMPUTED - Other Motor Vehicles Sales and Services",NA,"Attleboro",NA,NA,NA,NA,TRUE,"030",0
"332","Auto Repair Facilities","332V","AUTO REPR  MDL-00",NA,"Agawam",NA,NA,NA,NA,TRUE,"030",0
"334","Gasoline Service Stations - providing engine repair or maintenance services, and fuel products","334C","Gasoline Service Stations - providing engine repair or maintenance services, and fuel products",NA,"Barnstable",NA,NA,NA,NA,TRUE,"030",0
"333","Fuel Service Areas - providing only fuel products","333I","Fuel Service Areas - providing only fuel products",NA,"Barnstable",NA,NA,NA,NA,TRUE,"030",0
"316","Other Storage, Warehouse, and Distribution facilities (see also usecode 401)","316V","Other Storage, Warehouse, and Distribution facilities (see also usecode 401)",NA,"Barnstable",NA,NA,NA,NA,TRUE,"031",0
"326","Eating and Drinking Establishments - restaurants, diners, fast food establishments, bars, nightclubs","326F","Eating and Drinking Establishments - restaurants, diners, fast food establishments, bars, nightclubs",NA,"Barnstable",NA,NA,NA,NA,TRUE,"032",0
"316","Other Storage, Warehouse, and Distribution facilities (see also usecode 401)","316I","Other Storage, Warehouse, and Distribution facilities (see also usecode 401)",NA,"Barnstable",NA,NA,NA,NA,TRUE,"031",0
"354","Bus Transportation Facilities and Related Properties","354I","Bus Transportation Facilities and Related Properties",NA,"Barnstable",NA,NA,NA,NA,TRUE,"035",0
"354","Bus Transportation Facilities and Related Properties","3542","Bus Transportation Facilities and Related Properties",NA,"Barnstable",NA,NA,NA,NA,TRUE,"035",0
"325","Small Retail and Services stores (under 10,000 sq. ft.)","325I","Small Retail and Services stores (under 10,000 sq. ft.)",NA,"Barnstable",NA,NA,NA,NA,TRUE,"032",0
"338","Other Motor Vehicles Sales and Services","338V","Other Motor Vehicles Sales and Services",NA,"Barnstable",NA,NA,NA,NA,TRUE,"030",0
"393","Agricultural/Horticultural Land not included in Chapter 61A","3939","Associated Commercial land (vacant or with site improvements)",NA,"Barnstable",NA,NA,NA,NA,TRUE,"039",0
"333","Fuel Service Areas - providing only fuel products","333V","FUEL SV/PR M-00",NA,"Barnstable",NA,NA,NA,NA,TRUE,"030",0
"332","Auto Repair Facilities","332I","AUTO REPR MDL-",NA,"Boylston",NA,NA,NA,NA,TRUE,"030",0
"316","Other Storage, Warehouse, and Distribution facilities (see also usecode 401)","316I","Other Storage, Warehouse, and Distribution facilities (see also usecode 401)",NA,"Edgartown",NA,NA,NA,NA,TRUE,"031",0
"316","Other Storage, Warehouse, and Distribution facilities (see also usecode 401)","316V","Other Storage, Warehouse, and Distribution facilities (see also usecode 401)",NA,"Edgartown",NA,NA,NA,NA,TRUE,"031",0
"326","Eating and Drinking Establishments - restaurants, diners, fast food establishments, bars, nightclubs","3261","Eating and Drinking Establishments - restaurants, diners, fast food establishments, bars, nightclubs",NA,"Edgartown",NA,NA,NA,NA,TRUE,"032",0
"326","Eating and Drinking Establishments - restaurants, diners, fast food establishments, bars, nightclubs","326C","Eating and Drinking Establishments - restaurants, diners, fast food establishments, bars, nightclubs",NA,"Edgartown",NA,NA,NA,NA,TRUE,"032",0
"354","Bus Transportation Facilities and Related Properties","3541","Bus Transportation Facilities and Related Properties",NA,"Edgartown",NA,NA,NA,NA,TRUE,"035",0
"375","Tennis and/or Racquetball Clubs","375C","Tennis and/or Racquetball Clubs",NA,"Edgartown",NA,NA,NA,NA,TRUE,"037",0
"384","Marinas - including marine terminals & associated areas primarily for recreational marine craft (not Ch. 61B)","3841","Marinas - including marine terminals & associated areas primarily for recreational marine craft (not Ch. 61B)",NA,"Edgartown",NA,NA,NA,NA,TRUE,"038",0
"384","Marinas - including marine terminals & associated areas primarily for recreational marine craft (not Ch. 61B)","384I","Marinas - including marine terminals & associated areas primarily for recreational marine craft (not Ch. 61B)",NA,"Edgartown",NA,NA,NA,NA,TRUE,"038",0
"325","Small Retail and Services stores (under 10,000 sq. ft.)","325I","Small Retail and Services stores (under 10,000 sq. ft.)",NA,"Edgartown",NA,NA,NA,NA,TRUE,"032",0
"375","Tennis and/or Racquetball Clubs","375V","Tennis and/or Racquetball Clubs",NA,"Edgartown",NA,NA,NA,NA,TRUE,"037",0
"316","Other Storage, Warehouse, and Distribution facilities (see also usecode 401)","316S","IMPUTED - Other Storage, Warehouse, and Distribution facilities (see also usecode 401)",NA,"Edgartown",NA,NA,NA,NA,TRUE,"031",0
"311","Bottled Gas and Propane Gas Tanks","311I","Bottled Gas and Propane Gas Tanks",NA,"Wilbraham",NA,NA,NA,NA,TRUE,"031",0
"316","Other Storage, Warehouse, and Distribution facilities (see also usecode 401)","316I","Other Storage, Warehouse, and Distribution facilities (see also usecode 401)",NA,"Wilbraham",NA,NA,NA,NA,TRUE,"031",0
"316","Other Storage, Warehouse, and Distribution facilities (see also usecode 401)","316V","Other Storage, Warehouse, and Distribution facilities (see also usecode 401)",NA,"Wilbraham",NA,NA,NA,NA,TRUE,"031",0
"331","Automotive Supplies Sales and Service","331I","Automotive Supplies Sales and Service",NA,"Wilbraham",NA,NA,NA,NA,TRUE,"030",0
"332","Auto Repair Facilities","332O","Automotive Supplies Sales and Service",NA,"Wilbraham",NA,NA,NA,NA,TRUE,"030",0
"332","Auto Repair Facilities","332I","Automotive Supplies Sales and Service",NA,"Wilbraham",NA,NA,NA,NA,TRUE,"030",0
"326","Eating and Drinking Establishments - restaurants, diners, fast food establishments, bars, nightclubs","326I","Eating and Drinking Establishments - restaurants, diners, fast food establishments, bars, nightclubs",NA,"Wilbraham",NA,NA,NA,NA,TRUE,"032",0
"384","Marinas - including marine terminals & associated areas primarily for recreational marine craft (not Ch. 61B)","384I","Marinas - including marine terminals & associated areas primarily for recreational marine craft",NA,"Winthrop",NA,NA,NA,NA,TRUE,"038",0
"384","Marinas - including marine terminals & associated areas primarily for recreational marine craft (not Ch. 61B)","384V","IMPUTED - Marinas - including marine terminals & associated areas primarily for recreational marine craft (not Ch. 61B)",NA,"Winthrop",NA,NA,NA,NA,TRUE,"038",0
"322","Discount Stores, Junior Department Stores, Department Stores","3222","IMPUTED - Primarily Exempt Religious Group, Some Commercial",NA,"Weston",NA,NA,NA,NA,TRUE,"032",0
"332","Auto Repair Facilities","332I","AUTO REPR MDL-96",NA,"Somerville",NA,NA,NA,NA,TRUE,"030",0
"332","Auto Repair Facilities","332I","AUTO REPR  MDL-96",NA,"Holden",NA,NA,NA,NA,TRUE,"030",0
"393","Agricultural/Horticultural Land not included in Chapter 61A","3932","Apr Field",NA,"Amherst",NA,NA,NA,NA,TRUE,"039",0
"332","Auto Repair Facilities","332I","Auto Repr - Ind",NA,"Amherst",NA,NA,NA,NA,TRUE,"030",0
"393","Agricultural/Horticultural Land not included in Chapter 61A","3936","Apr Pr Wod",NA,"Amherst",NA,NA,NA,NA,TRUE,"039",0
"333","Fuel Service Areas - providing only fuel products","333V","FUEL SV/PR MDL-00",NA,"Dedham",NA,NA,NA,NA,TRUE,"030",0
"332","Auto Repair Facilities","332I","AUTO REPR MDL-96",NA,"Dedham",NA,NA,NA,NA,TRUE,"030",0
"316","Other Storage, Warehouse, and Distribution facilities (see also usecode 401)","316V","IMPUTED - Other Storage, Warehouse, and Distribution facilities (see also usecode 401)",NA,"Medford",NA,NA,NA,NA,TRUE,"031",0
"310","Tanks Holding Fuel and Oil Products for Retail Distribution, either Above Ground or Underground","310V","IMPUTED - Tanks Holding Fuel and Oil Products for Retail Distribution, either Above Ground or Underground",NA,"North Brookfield",NA,NA,NA,NA,TRUE,"031",0
"316","Other Storage, Warehouse, and Distribution facilities (see also usecode 401)","316C","IMPUTED - Other Storage, Warehouse, and Distribution facilities (see also usecode 401)",NA,"North Brookfield",NA,NA,NA,NA,TRUE,"031",0
"316","Other Storage, Warehouse, and Distribution facilities (see also usecode 401)","316I","IMPUTED - Other Storage, Warehouse, and Distribution facilities (see also usecode 401)",NA,"North Brookfield",NA,NA,NA,NA,TRUE,"031",0
"316","Other Storage, Warehouse, and Distribution facilities (see also usecode 401)","316V","IMPUTED - Other Storage, Warehouse, and Distribution facilities (see also usecode 401)",NA,"North Brookfield",NA,NA,NA,NA,TRUE,"031",0
"325","Small Retail and Services stores (under 10,000 sq. ft.)","325I","IMPUTED - Small Retail and Services stores (under 10,000 sq. ft.)",NA,"Millis",NA,NA,NA,NA,TRUE,"032",0
"304","Nursing Homes - includes property designed for minimal care with or without medical facilities","3041","Retirement Homes - with medical facilities",NA,"Walpole",NA,NA,NA,NA,TRUE,"030",0
"302","Inns, Resorts, or Tourist Homes","302R","Inn/Bed and Breakfast M01",NA,"Nantucket",NA,NA,NA,NA,TRUE,"030",0
"310","Tanks Holding Fuel and Oil Products for Retail Distribution, either Above Ground or Underground","310I","Imputed - Taxk Holding Fuel and Oil Products",NA,"Tisbury",NA,NA,NA,NA,TRUE,"031",0
"316","Other Storage, Warehouse, and Distribution facilities (see also usecode 401)","316I","Imputed - Other Storage, Warehouse and Distrution Facilities.",NA,"Tisbury",NA,NA,NA,NA,TRUE,"031",0
"316","Other Storage, Warehouse, and Distribution facilities (see also usecode 401)","316V","Imputed - Other Storage, Warehouse and Distrution Facilities.",NA,"Tisbury",NA,NA,NA,NA,TRUE,"031",0
"326","Eating and Drinking Establishments - restaurants, diners, fast food establishments, bars, nightclubs","326I","Imputed - Eating And Drinking Establishment",NA,"Tisbury",NA,NA,NA,NA,TRUE,"032",0
"316","Other Storage, Warehouse, and Distribution facilities (see also usecode 401)","316I","Other Storage, Warehouse, and Distribution facilities (see also usecode 401)",NA,"Templeton",NA,NA,NA,NA,TRUE,"031",0
"354","Bus Transportation Facilities and Related Properties","3541","Bus Transportation Facilities and Related Properties",NA,"Templeton",NA,NA,NA,NA,TRUE,"035",0
"354","Bus Transportation Facilities and Related Properties","3543","Bus Transportation Facilities and Related Properties",NA,"Templeton",NA,NA,NA,NA,TRUE,"035",0
"385","Fish and Game Clubs (not Ch. 61B)","385C","Fish and Game Clubs (not Ch. 61B)",NA,"Templeton",NA,NA,NA,NA,TRUE,"038",0
"385","Fish and Game Clubs (not Ch. 61B)","385M","Fish and Game Clubs (not Ch. 61B)",NA,"Templeton",NA,NA,NA,NA,TRUE,"038",0
"385","Fish and Game Clubs (not Ch. 61B)","385V","Fish and Game Clubs (not Ch. 61B)",NA,"Templeton",NA,NA,NA,NA,TRUE,"038",0
"316","Other Storage, Warehouse, and Distribution facilities (see also usecode 401)","3165","Other Storage, Warehouse, and Distribution Facility",NA,"Plainville",NA,NA,NA,NA,TRUE,"031",0
"316","Other Storage, Warehouse, and Distribution facilities (see also usecode 401)","316C","Other Storage, Warehouse, and Distribution Facility",NA,"Plainville",NA,NA,NA,NA,TRUE,"031",0
"316","Other Storage, Warehouse, and Distribution facilities (see also usecode 401)","316R","Other Storage, Warehouse, and Distribution Facility",NA,"Plainville",NA,NA,NA,NA,TRUE,"031",0
"318","Commercial Greenhouses","318V","ther Storage, Warehouse, and Distribution Facility",NA,"Plainville",NA,NA,NA,NA,TRUE,"031",0
"326","Eating and Drinking Establishments - restaurants, diners, fast food establishments, bars, nightclubs","326I","Eating and Drinking Estalishment",NA,"Plainville",NA,NA,NA,NA,TRUE,"032",0
"331","Automotive Supplies Sales and Service","331C","Automotive Supplies Sales and Services",NA,"Plainville",NA,NA,NA,NA,TRUE,"030",0
"384","Marinas - including marine terminals & associated areas primarily for recreational marine craft (not Ch. 61B)","3841","IMPUTED - Marinas - including marine terminals & associated areas primarily for recreational marine craft (not Ch. 61B)",NA,"Stockbridge",NA,NA,NA,NA,TRUE,"038",0
"331","Automotive Supplies Sales and Service","331C","Automotive Supplies Sales and Service Commercial",NA,"Gardner",NA,NA,NA,NA,TRUE,"030",0
"338","Other Motor Vehicles Sales and Services","338V","Other Motor Vehicles Sales and Services Vacant",NA,"Gardner",NA,NA,NA,NA,TRUE,"030",0
"385","Fish and Game Clubs (not Ch. 61B)","385V","Fish and game club",NA,"Foxborough",NA,NA,NA,NA,TRUE,"038",0
"386","Camping Facilities - accomodations for tents, campers, or travel trailers (not Ch. 61B)","386I","Campground with a Commercial Building",NA,"Foxborough",NA,NA,NA,NA,TRUE,"038",0
"310","Tanks Holding Fuel and Oil Products for Retail Distribution, either Above Ground or Underground","310C","IMPUTED - Tanks Holding Fuel and Oil Products for Retail Distribution, either Above Ground or Underground",NA,"Ipswich",NA,NA,NA,NA,TRUE,"031",0
"316","Other Storage, Warehouse, and Distribution facilities (see also usecode 401)","316C","IMPUTED - Other Storage, Warehouse, and Distribution facilities (see also usecode 401)",NA,"Ipswich",NA,NA,NA,NA,TRUE,"031",0
"316","Other Storage, Warehouse, and Distribution facilities (see also usecode 401)","316I","IMPUTED - Other Storage, Warehouse, and Distribution facilities (see also usecode 401)",NA,"Ipswich",NA,NA,NA,NA,TRUE,"031",0
"321","Facilities providing building materials, hardware and farm equip, heating, hardware, plumbing, lumber supplies and equip","321C","IMPUTED - Facilities providing building materials, hardware and farm equip, heating, hardware, plumbing, lumber supplies and equip",NA,"Ipswich",NA,NA,NA,NA,TRUE,"032",0
"325","Small Retail and Services stores (under 10,000 sq. ft.)","325C","IMPUTED - Small Retail and Services stores (under 10,000 sq. ft.)",NA,"Ipswich",NA,NA,NA,NA,TRUE,"032",0
"325","Small Retail and Services stores (under 10,000 sq. ft.)","325V","IMPUTED - Small Retail and Services stores (under 10,000 sq. ft.)",NA,"Ipswich",NA,NA,NA,NA,TRUE,"032",0
"326","Eating and Drinking Establishments - restaurants, diners, fast food establishments, bars, nightclubs","326C","IMPUTED - Eating and Drinking Establishments - restaurants, diners, fast food establishments, bars, nightclubs",NA,"Ipswich",NA,NA,NA,NA,TRUE,"032",0
"331","Automotive Supplies Sales and Service","331C","IMPUTED - Automotive Supplies Sales and Service",NA,"Ipswich",NA,NA,NA,NA,TRUE,"030",0
"333","Fuel Service Areas - providing only fuel products","333C","IMPUTED - Fuel Service Areas - providing only fuel products",NA,"Ipswich",NA,NA,NA,NA,TRUE,"030",0
"334","Gasoline Service Stations - providing engine repair or maintenance services, and fuel products","334C","IMPUTED - Gasoline Service Stations - providing engine repair or maintenance services, and fuel products",NA,"Ipswich",NA,NA,NA,NA,TRUE,"030",0
"375","Tennis and/or Racquetball Clubs","375C","IMPUTED - Tennis and/or Racquetball Clubs",NA,"Ipswich",NA,NA,NA,NA,TRUE,"037",0
"384","Marinas - including marine terminals & associated areas primarily for recreational marine craft (not Ch. 61B)","384C","IMPUTED - Marinas - including marine terminals & associated areas primarily for recreational marine craft (not Ch. 61B)",NA,"Ipswich",NA,NA,NA,NA,TRUE,"038",0
"332","Auto Repair Facilities","332I","AUTO REPR M96",NA,"Yarmouth",NA,NA,NA,NA,TRUE,"030",0
"402","Office Building - part of manufacturing operation","402C","Office Building - strictly used as part of manufacturing operation",NA,"Chelsea",NA,NA,NA,NA,TRUE,"040",0
"410","Sand and Gravel Mining/Quarry","410V","SAND AND GRAVEL",NA,"Orange",NA,NA,NA,NA,TRUE,"041",0
"402","Office Building - part of manufacturing operation","4022","Manufacturing mixed use",NA,"New Salem",NA,NA,NA,NA,TRUE,"040",0
"410","Sand and Gravel Mining/Quarry","410C","IMPUTED - Sand and Gravel Mining/Quarry",NA,"Palmer",NA,NA,NA,NA,TRUE,"041",0
"404","Research and Development facilities","404 ","IMPUTED - Research and Development facilities",NA,"Danvers",NA,NA,NA,NA,TRUE,"040",0
"4500","Electric Generation Plants","450V","Local Use Code Variation for tracking and administrative purposes, Same as ""450"".",NA,"Chicopee",NA,NA,NA,NA,TRUE,"045",0
"4420","Undevelopable Industrial Land","4421","Local Use Code Variation for tracking and administrative purposes, Same as ""4220"".",NA,"Chicopee",NA,NA,NA,NA,TRUE,"040",0
"402","Office Building - part of manufacturing operation","4021","Local Use Code Variation for tracking and administrative purposes, Same as ""4020"".",NA,"Chicopee",NA,NA,NA,NA,TRUE,"040",0
"423","Electric Transmission Right-of-Way","4231","Local Use Code Variation for tracking and administrative purposes, Same as ""4230"".",NA,"Chicopee",NA,NA,NA,NA,TRUE,"042",0
"4330","Radio, Television Transmission Facilities","433C","Local Use Code Variation for tracking and administrative purposes, Same as ""4330"".",NA,"Chicopee",NA,NA,NA,NA,TRUE,"043",0
"4330","Radio, Television Transmission Facilities","433V","Local Use Code Variation for tracking and administrative purposes, Same as ""4330"".",NA,"Chicopee",NA,NA,NA,NA,TRUE,"043",0
"4310","Telephone Relay Towers; Cell Towers","4311","Vacant Land with a Cell Tower",NA,"Barre",NA,NA,NA,NA,TRUE,"043",0
"404","Research and Development facilities","404C","Manufacturing and Processing - Research and Development facilities",NA,"Lowell",NA,NA,NA,NA,TRUE,"040",0
"403","Land - integral part of manufacturing operation","403V","Land associated with mfrg, abutting lot",NA,"Berlin",NA,NA,NA,NA,TRUE,"040",0
"410","Sand and Gravel Mining/Quarry","410V","IMPUTED - Sand and Gravel Mining/Quarry",NA,"Blackstone",NA,NA,NA,NA,TRUE,"041",0
"410","Sand and Gravel Mining/Quarry","4102","Sand and Gravel Mining/Quarry",NA,"Hinsdale",NA,NA,NA,NA,TRUE,"041",0
"410","Sand and Gravel Mining/Quarry","410I","IMPUTED - Sand and Gravel Mining/Quarry",NA,"Hinsdale",NA,NA,NA,NA,TRUE,"041",0
"400","Buildings for manufacturing operations","400V","Mixed Use Manufacturing",NA,"South Hadley",NA,NA,NA,NA,TRUE,"040",0
"410","Sand and Gravel Mining/Quarry","410V","Sand and Gravel - Vacant",NA,"Holland",NA,NA,NA,NA,TRUE,"041",0
"410","Sand and Gravel Mining/Quarry","410C","IMPUTED - Sand and Gravel Mining/Quarry",NA,"Sutton",NA,NA,NA,NA,TRUE,"041",0
"410","Sand and Gravel Mining/Quarry","410I","IMPUTED - Sand and Gravel Mining/Quarry",NA,"Sutton",NA,NA,NA,NA,TRUE,"041",0
"410","Sand and Gravel Mining/Quarry","410V","Sand and Gravel Mining/Quarry",NA,"Oxford",NA,NA,NA,NA,TRUE,"041",0
"410","Sand and Gravel Mining/Quarry","410V","Sand and Gravel Mining/Quarry",NA,"Dartmouth",NA,NA,NA,NA,TRUE,"041",0
"4520","Electric Generation Plants, Agreement Value","452S","Solar with PILOT",NA,"Wilbraham",NA,NA,NA,NA,TRUE,"045",0
"404","Research and Development facilities","4041","Research and Development facilities",NA,"Holden",NA,NA,NA,NA,TRUE,"040",0
"410","Sand and Gravel Mining/Quarry","410V","Industrial sand and gravel",NA,"Sterling",NA,NA,NA,NA,TRUE,"041",0
"410","Sand and Gravel Mining/Quarry","410I","Sand and gravel - commercial",NA,"Lunenburg",NA,NA,NA,NA,TRUE,"041",0
"410","Sand and Gravel Mining/Quarry","410I","Sand and Gravel M96",NA,"Nantucket",NA,NA,NA,NA,TRUE,"041",0
"410","Sand and Gravel Mining/Quarry","410V","Sand and Gravel M00",NA,"Nantucket",NA,NA,NA,NA,TRUE,"041",0
"410","Sand and Gravel Mining/Quarry","410C","Sand and Gravel Mining/Quarry",NA,"Templeton",NA,NA,NA,NA,TRUE,"041",0
"410","Sand and Gravel Mining/Quarry","410V","Sand and Gravel Mining/Quarry",NA,"Templeton",NA,NA,NA,NA,TRUE,"041",0
"410","Sand and Gravel Mining/Quarry","410C","IMPUTED - Sand and Gravel Mining/Quarry",NA,"Taunton",NA,NA,NA,NA,TRUE,"041",0
"410","Sand and Gravel Mining/Quarry","410V","IMPUTED - Sand and Gravel Mining/Quarry",NA,"Taunton",NA,NA,NA,NA,TRUE,"041",0
"404","Research and Development facilities","404I","IMPUTED - Research and Development facilities",NA,"Ipswich",NA,NA,NA,NA,TRUE,"040",0
"410","Sand and Gravel Mining/Quarry","410C","IMPUTED - Sand and Gravel Mining/Quarry",NA,"Ipswich",NA,NA,NA,NA,TRUE,"041",0
"410","Sand and Gravel Mining/Quarry","410I","IMPUTED - Sand and Gravel Mining/Quarry",NA,"Ipswich",NA,NA,NA,NA,TRUE,"041",0
"410","Sand and Gravel Mining/Quarry","410V","IMPUTED - Sand and Gravel Mining/Quarry",NA,"Ipswich",NA,NA,NA,NA,TRUE,"041",0
"7120","Truck Crops - vegetables (Ch. 61A, not classified as Open Space)","7121","APR - VEG
",NA,"Hadley",NA,NA,NA,NA,TRUE,"071",0
"7120","Truck Crops - vegetables (Ch. 61A, not classified as Open Space)","712A","APR Vegetable",NA,"Hatfield",NA,NA,NA,NA,TRUE,"071",0
"7130","Field Crops - hay, wheat, tillable forage, cropland, etc... (Ch. 61A, not classified as Open Space)","713A","APR Haygrain",NA,"Hatfield",NA,NA,NA,NA,TRUE,"071",0
"942","College or University (Educational Private)","904I","PRI SCHOOL M96",NA,"Marion",NA,NA,NA,NA,TRUE,"090",0
"942","College or University (Educational Private)","904M","PRI SCHOOL M03",NA,"Marion",NA,NA,NA,NA,TRUE,"090",0
"942","College or University (Educational Private)","904R","PRI SCHOOL M01",NA,"Marion",NA,NA,NA,NA,TRUE,"090",0
"942","College or University (Educational Private)","904V","PRI SCHOOL M00",NA,"Marion",NA,NA,NA,NA,TRUE,"090",0
"939","Improved, District (County)","939C","IMPR DISTRICT M",NA,"Swansea",NA,NA,NA,NA,TRUE,"093",0
"958","Recreation, Active Use (Charitable Org.)","958V","REC ACTIVE USE",NA,"Swansea",NA,NA,NA,NA,TRUE,"095",0
"942","College or University (Educational Private)","904C","PRI SCHOOL  MDL-94",NA,"Concord",NA,NA,NA,NA,TRUE,"090",0
"942","College or University (Educational Private)","904I","PRI SCHOOL  MDL-96",NA,"Concord",NA,NA,NA,NA,TRUE,"090",0
"942","College or University (Educational Private)","904U","PRI SCHOOL  MDL-05",NA,"Concord",NA,NA,NA,NA,TRUE,"090",0
"942","College or University (Educational Private)","904V","PRI SCHOOL  MDL-00",NA,"Concord",NA,NA,NA,NA,TRUE,"090",0
"932","Vacant, Conservation (Municipal or County)","932R","MUN IMPR CONSER",NA,"Concord",NA,NA,NA,NA,TRUE,"093",0
"941","Secondary Level (Educational Private)","941I","PRI SCHOOL IND",NA,"Concord",NA,NA,NA,NA,TRUE,"094",0
"941","Secondary Level (Educational Private)","941R","PRI SCHOOL RES",NA,"Concord",NA,NA,NA,NA,TRUE,"094",0
"942","College or University (Educational Private)","904R","Pri School R",NA,"Groton",NA,NA,NA,NA,TRUE,"090",0
"920","Dept. of Conservation and Recreation (DCR) - Division of Urban Parks and Recreation (non-reimbursable)","920C","IMPUTED - Dept. of Conservation and Recreation (DCR) - Division of Urban Parks and Recreation (non-reimbursable)",NA,"Groton",NA,NA,NA,NA,TRUE,"092",0
"920","Dept. of Conservation and Recreation (DCR) - Division of Urban Parks and Recreation (non-reimbursable)","920R","IMPUTED - Dept. of Conservation and Recreation (DCR) - Division of Urban Parks and Recreation (non-reimbursable)",NA,"Groton",NA,NA,NA,NA,TRUE,"092",0
"958","Recreation, Active Use (Charitable Org.)","958 ","IMPUTED - Recreation, Active Use (Charitable Org.)",NA,"Danvers",NA,NA,NA,NA,TRUE,"095",0
"961","Rectory or Parsonage","9611","Local Use Code Variation for tracking and administrative purposes, Same as ""9610"".",NA,"Chicopee",NA,NA,NA,NA,TRUE,"096",0
"962","Other (Religious Org.)","9621","Local Use Code Variation for tracking and administrative purposes, Same as ""9620"".",NA,"Chicopee",NA,NA,NA,NA,TRUE,"096",0
"962","Other (Religious Org.)","9622","Local Use Code Variation for tracking and administrative purposes, Same as ""9620"".",NA,"Chicopee",NA,NA,NA,NA,TRUE,"096",0
"970","Housing Authority","9701","Local Use Code Variation for tracking and administrative purposes, Same as ""9700"".",NA,"Chicopee",NA,NA,NA,NA,TRUE,"097",0
"971","Utility Authority - Electric, Light, Sewer, Water","9711","Local Use Code Variation for tracking and administrative purposes, Same as ""9710"".",NA,"Chicopee",NA,NA,NA,NA,TRUE,"097",0
"985","Improved Municipal or Public Safety, Other City or Town","9851","Local Use Code Variation for tracking and administrative purposes, Same as ""9850"".",NA,"Chicopee",NA,NA,NA,NA,TRUE,"098",0
"947","Other (Educational Private)","9471","Local Use Code Variation for tracking and administrative purposes, Same as ""947"".",NA,"Chicopee",NA,NA,NA,NA,TRUE,"094",0
"994","Improved County or Regional Association Commission","9941","Local Use Code Variation for tracking and administrative purposes, Same as ""994"".",NA,"Chicopee",NA,NA,NA,NA,TRUE,"090",0
"997","Other","9971","Local Use Code Variation for tracking and administrative purposes, Same as ""997"".",NA,"Chicopee",NA,NA,NA,NA,TRUE,"090",0
"931","Improved, Selectmen or City Council (Municipal)","9312","Local Use Code Variation for tracking and administrative purposes, Same as ""9310"".",NA,"Chicopee",NA,NA,NA,NA,TRUE,"093",0
"958","Recreation, Active Use (Charitable Org.)","9582","Local Use Code Variation for tracking and administrative purposes, Same as ""9580"".",NA,"Chicopee",NA,NA,NA,NA,TRUE,"095",0
"9000","United States Government","9001","Local Use Code Variation for tracking and administrative purposes, Same as ""9000"".",NA,"Chicopee",NA,NA,NA,NA,TRUE,"090",0
"913","Dept. of Public Health (DPH) - Soldiers' Homes","9131","Local Use Code Variation for tracking and administrative purposes, Same as ""9130"".",NA,"Chicopee",NA,NA,NA,NA,TRUE,"091",0
"922","Dept. of Corrections (DOC) - Division of Youth Services,Mass. Military,State Police,Sheriffs' Depts. (non-reimbursable)","9221","Local Use Code Variation for tracking and administrative purposes, Same as ""9220"".",NA,"Chicopee",NA,NA,NA,NA,TRUE,"092",0
"931","Improved, Selectmen or City Council (Municipal)","9311","Local Use Code Variation for tracking and administrative purposes, Same as ""9310"".",NA,"Chicopee",NA,NA,NA,NA,TRUE,"093",0
"934","Improved, Education (Municipal or County)","9341","Local Use Code Variation for tracking and administrative purposes, Same as ""9340"".",NA,"Chicopee",NA,NA,NA,NA,TRUE,"093",0
"935","Improved, Municipal Public Safety","9351","Local Use Code Variation for tracking and administrative purposes, Same as ""9350"".",NA,"Chicopee",NA,NA,NA,NA,TRUE,"093",0
"937","Improved, Tax Title/Treasurer","9371","Local Use Code Variation for tracking and administrative purposes, Same as ""9370"".",NA,"Chicopee",NA,NA,NA,NA,TRUE,"093",0
"941","Secondary Level (Educational Private)","9411","Local Use Code Variation for tracking and administrative purposes, Same as ""9410"".",NA,"Chicopee",NA,NA,NA,NA,TRUE,"094",0
"943","Other Educational (Educational Private)","9431","Local Use Code Variation for tracking and administrative purposes, Same as ""9430"".",NA,"Chicopee",NA,NA,NA,NA,TRUE,"094",0
"951","Other (Charitable Org.)","9511","Local Use Code Variation for tracking and administrative purposes, Same as ""9510"".",NA,"Chicopee",NA,NA,NA,NA,TRUE,"095",0
"951","Other (Charitable Org.)","9512","Local Use Code Variation for tracking and administrative purposes, Same as ""9510"".",NA,"Chicopee",NA,NA,NA,NA,TRUE,"095",0
"953","Cemeteries (Charitable Org.)","9532","Local Use Code Variation for tracking and administrative purposes, Same as ""9530"".",NA,"Chicopee",NA,NA,NA,NA,TRUE,"095",0
"954","Function Halls, Community Centers, Fraternal Organizations (Charitable Org.)","9541","Local Use Code Variation for tracking and administrative purposes, Same as ""9540"".",NA,"Chicopee",NA,NA,NA,NA,TRUE,"095",0
"955","Hospitals (Charitable Org.)","9552","Local Use Code Variation for tracking and administrative purposes, Same as ""9550"".",NA,"Chicopee",NA,NA,NA,NA,TRUE,"095",0
"957","Charitable Services","9571","Local Use Code Variation for tracking and administrative purposes, Same as ""9570"".",NA,"Chicopee",NA,NA,NA,NA,TRUE,"095",0
"959","Housing, Other (Charitable Org.)","9591","Local Use Code Variation for tracking and administrative purposes, Same as ""9590"".",NA,"Chicopee",NA,NA,NA,NA,TRUE,"095",0
"959","Housing, Other (Charitable Org.)","9592","Local Use Code Variation for tracking and administrative purposes, Same as ""9590"".",NA,"Chicopee",NA,NA,NA,NA,TRUE,"095",0
"959","Housing, Other (Charitable Org.)","9593","Local Use Code Variation for tracking and administrative purposes, Same as ""9590"".",NA,"Chicopee",NA,NA,NA,NA,TRUE,"095",0
"960","Church, Mosque, Synagogue, Temple, etc...","9601","Local Use Code Variation for tracking and administrative purposes, Same as ""9600"".",NA,"Chicopee",NA,NA,NA,NA,TRUE,"096",0
"960","Church, Mosque, Synagogue, Temple, etc...","9602","Local Use Code Variation for tracking and administrative purposes, Same as ""9600"".",NA,"Chicopee",NA,NA,NA,NA,TRUE,"096",0
"958","Recreation, Active Use (Charitable Org.)","958V","Recreation, Active Use (Charitable Org.)",NA,"Wareham",NA,NA,NA,NA,TRUE,"095",0
"109","Multiple Houses on one parcel","911R","Dept. of Fish and Game (DFG) -- formerly Division of Fisheries and Wildlife, Environmental Law Enforcement (DFWELE)",NA,"Wareham",NA,NA,NA,NA,TRUE,"091",0
"942","College or University (Educational Private)","904C","Pri School",NA,"Hingham",NA,NA,NA,NA,TRUE,"090",0
"942","College or University (Educational Private)","904R","Pri School",NA,"Hingham",NA,NA,NA,NA,TRUE,"090",0
"920","Dept. of Conservation and Recreation (DCR) - Division of Urban Parks and Recreation (non-reimbursable)","920V","IMPUTED - Dept. of Conservation and Recreation (DCR) - Division of Urban Parks and Recreation (non-reimbursable)",NA,"Hadley",NA,NA,NA,NA,TRUE,"092",0
"961","Rectory or Parsonage","961N","Religious - Use",NA,"Shrewsbury",NA,NA,NA,NA,TRUE,"096",0
"961","Rectory or Parsonage","961R","Religious - Use",NA,"Shrewsbury",NA,NA,NA,NA,TRUE,"096",0
"942","College or University (Educational Private)","9041","PRI SCHL R",NA,"Middleborough",NA,NA,NA,NA,TRUE,"090",0
"942","College or University (Educational Private)","9042","PRI SCHL C",NA,"Middleborough",NA,NA,NA,NA,TRUE,"090",0
"942","College or University (Educational Private)","9043","PRI SCHL I",NA,"Middleborough",NA,NA,NA,NA,TRUE,"090",0
"942","College or University (Educational Private)","904M","PRI SCHL R",NA,"Middleborough",NA,NA,NA,NA,TRUE,"090",0
"942","College or University (Educational Private)","904R","PRI SCHL R",NA,"Middleborough",NA,NA,NA,NA,TRUE,"090",0
"937","Improved, Tax Title/Treasurer","9373","IMPR COMM TT",NA,"Middleborough",NA,NA,NA,NA,TRUE,"093",0
"971","Utility Authority - Electric, Light, Sewer, Water","9717","IMPUTED - Mixed Use, Primarily Agriculture",NA,"Ashburnham",NA,NA,NA,NA,TRUE,"097",0
"911","Division of Fish and Game Wildlife, Environmental Law Enforcement -- formerly Division of Fisheries and Wildlife, Environmental Law Enforcement","911I","IMPUTED - Exempt - Commonwealth - Division of Fisheries and Wildlife",NA,"Ashburnham",NA,NA,NA,NA,TRUE,"091",0
"942","College or University (Educational Private)","904R","PRI SCHOOL  MDL-01",NA,"Newburyport",NA,NA,NA,NA,TRUE,"090",0
"946","Vacant (Educational Private)","946V","PRI SCHOOL MDL-00",NA,"Worcester",NA,NA,NA,NA,TRUE,"094",0
"931","Improved, Selectmen or City Council (Municipal)","903R","Municipal use with living area",NA,"Rehoboth",NA,NA,NA,NA,TRUE,"090",0
"942","College or University (Educational Private)","904R","PRI SCHOOL  MDL-01",NA,"Easthampton",NA,NA,NA,NA,TRUE,"090",0
"942","College or University (Educational Private)","904V","PRI SCHOOL  MDL-00",NA,"Easthampton",NA,NA,NA,NA,TRUE,"090",0
"942","College or University (Educational Private)","904C","PRI SCHOOL M94",NA,"Northbridge",NA,NA,NA,NA,TRUE,"090",0
"9000","United States Government","900R","U.S.Govt. residential and recreational",NA,"Gosnold",NA,NA,NA,NA,TRUE,"090",0
"931","Improved, Selectmen or City Council (Municipal)","903C","Municipality use",NA,"Gosnold",NA,NA,NA,NA,TRUE,"090",0
"931","Improved, Selectmen or City Council (Municipal)","903I","municipal industrial use",NA,"Gosnold",NA,NA,NA,NA,TRUE,"090",0
"931","Improved, Selectmen or City Council (Municipal)","903J","municipal use public use",NA,"Gosnold",NA,NA,NA,NA,TRUE,"090",0
"951","Other (Charitable Org.)","905C","charitable organizational use",NA,"Gosnold",NA,NA,NA,NA,TRUE,"090",0
"910","Dept. of Conservation and Recreation (DCR), Division of State Parks and Recreation","910R","municipal use other",NA,"Gosnold",NA,NA,NA,NA,TRUE,"091",0
"920","Dept. of Conservation and Recreation (DCR) - Division of Urban Parks and Recreation (non-reimbursable)","9203","IMPUTED - Dept. of Conservation and Recreation (DCR) - Division of Urban Parks and Recreation (non-reimbursable)",NA,"Hinsdale",NA,NA,NA,NA,TRUE,"092",0
"910","Dept. of Conservation and Recreation (DCR), Division of State Parks and Recreation","9101","Department of Conservation and Recreation",NA,"Shutesbury",NA,NA,NA,NA,TRUE,"091",0
"920","Dept. of Conservation and Recreation (DCR) - Division of Urban Parks and Recreation (non-reimbursable)","920V","IMPUTED - Dept. of Conservation and Recreation (DCR) - Division of Urban Parks and Recreation (non-reimbursable)",NA,"Southampton",NA,NA,NA,NA,TRUE,"092",0
"910","Dept. of Conservation and Recreation (DCR), Division of State Parks and Recreation","910C","IMPUTED - Dept. of Conservation and Recreation (DCR), Division of State Parks and Recreation",NA,"Sutton",NA,NA,NA,NA,TRUE,"091",0
"952","Auxiliary use - Storage, Barns, etc... (Charitable Org.)","9521","Auxiliary Use Storage etc",NA,"Cambridge",NA,NA,NA,NA,TRUE,"095",0
"952","Auxiliary use - Storage, Barns, etc... (Charitable Org.)","9523","Auxiliary Use Storage etc",NA,"Cambridge",NA,NA,NA,NA,TRUE,"095",0
"952","Auxiliary use - Storage, Barns, etc... (Charitable Org.)","9525","Auxiliary Use Storage etc",NA,"Cambridge",NA,NA,NA,NA,TRUE,"095",0
"958","Recreation, Active Use (Charitable Org.)","9581","Recreation, Active Use",NA,"Cambridge",NA,NA,NA,NA,TRUE,"095",0
"958","Recreation, Active Use (Charitable Org.)","9585","Recreation, Active Use",NA,"Cambridge",NA,NA,NA,NA,TRUE,"095",0
"931","Improved, Selectmen or City Council (Municipal)","9034","Municipal Farm (Tony Andrews Farm)",NA,"Falmouth",NA,NA,NA,NA,TRUE,"090",0
"942","College or University (Educational Private)","904C","PRI SCHOOL MDL-94",NA,"Easton",NA,NA,NA,NA,TRUE,"090",0
"958","Recreation, Active Use (Charitable Org.)","9581","Recreation, Active Use",NA,"Wilmington",NA,NA,NA,NA,TRUE,"095",0
"910","Dept. of Conservation and Recreation (DCR), Division of State Parks and Recreation","9101","DCR- State Parks and Rec",NA,"Cambridge",NA,NA,NA,NA,TRUE,"091",0
"910","Dept. of Conservation and Recreation (DCR), Division of State Parks and Recreation","9103","DCR- State Parks and Rec",NA,"Cambridge",NA,NA,NA,NA,TRUE,"091",0
"910","Dept. of Conservation and Recreation (DCR), Division of State Parks and Recreation","9105","DCR- State Parks and Rec",NA,"Cambridge",NA,NA,NA,NA,TRUE,"091",0
"911","Division of Fish and Game Wildlife, Environmental Law Enforcement -- formerly Division of Fisheries and Wildlife, Environmental Law Enforcement","9111","Division of Wildlife and Fishe",NA,"Cambridge",NA,NA,NA,NA,TRUE,"091",0
"911","Division of Fish and Game Wildlife, Environmental Law Enforcement -- formerly Division of Fisheries and Wildlife, Environmental Law Enforcement","9113","Division of Wildlife and Fishe",NA,"Cambridge",NA,NA,NA,NA,TRUE,"091",0
"911","Division of Fish and Game Wildlife, Environmental Law Enforcement -- formerly Division of Fisheries and Wildlife, Environmental Law Enforcement","9115","Division of Wildlife and Fishe",NA,"Cambridge",NA,NA,NA,NA,TRUE,"091",0
"910","Dept. of Conservation and Recreation (DCR), Division of State Parks and Recreation","910V","Dept. of Conservation and Recreation (DCR), Division of State Parks and Recreation",NA,"Oxford",NA,NA,NA,NA,TRUE,"091",0
"109","Multiple Houses on one parcel","911V","Dept. of Fish and Game (DFG) -- formerly Division of Fisheries and Wildlife, Environmental Law Enforcement (DFWELE)",NA,"Oxford",NA,NA,NA,NA,TRUE,"091",0
"109","Multiple Houses on one parcel","921V","Dept. of Fish and Game, Environmental Law Enforcement (DFG, formerly DFWELE) (non-reimbursable)",NA,"Oxford",NA,NA,NA,NA,TRUE,"092",0
"958","Recreation, Active Use (Charitable Org.)","958R","Recreation, Active Use (Charitable Org.)",NA,"Oxford",NA,NA,NA,NA,TRUE,"095",0
"910","Dept. of Conservation and Recreation (DCR), Division of State Parks and Recreation","910V","Dept. of Conservation and Recreation (DCR), Division of State Parks and Recreation",NA,"Dartmouth",NA,NA,NA,NA,TRUE,"091",0
"920","Dept. of Conservation and Recreation (DCR) - Division of Urban Parks and Recreation (non-reimbursable)","920C","Dept. of Conservation and Recreation (DCR) - Division of Urban Parks and Recreation (non-reimbursable)",NA,"Newton",NA,NA,NA,NA,TRUE,"092",0
"920","Dept. of Conservation and Recreation (DCR) - Division of Urban Parks and Recreation (non-reimbursable)","920R","Dept. of Conservation and Recreation (DCR) - Division of Urban Parks and Recreation (non-reimbursable)",NA,"Newton",NA,NA,NA,NA,TRUE,"092",0
"958","Recreation, Active Use (Charitable Org.)","958C","IMPUTED - Recreation, Active Use (Charitable Org.)",NA,"Newton",NA,NA,NA,NA,TRUE,"095",0
"958","Recreation, Active Use (Charitable Org.)","958V","IMPUTED - Recreation, Active Use (Charitable Org.)",NA,"Newton",NA,NA,NA,NA,TRUE,"095",0
"920","Dept. of Conservation and Recreation (DCR) - Division of Urban Parks and Recreation (non-reimbursable)","920V","Dept. of Conservation and Recreation (DCR) - Division of Urban Parks and Recreation (non-reimbursable) Vacant",NA,"Leominster",NA,NA,NA,NA,TRUE,"092",0
"920","Dept. of Conservation and Recreation (DCR) - Division of Urban Parks and Recreation (non-reimbursable)","920V","Dept. of Conservation and Recreation (DCR) - Division of Urban Parks and Recreation (non-reimbursable) vacant",NA,"Randolph",NA,NA,NA,NA,TRUE,"092",0
"910","Dept. of Conservation and Recreation (DCR), Division of State Parks and Recreation","910C","Department of Conservation and Recreation, Division of State Parks and Recreation",NA,"Randolph",NA,NA,NA,NA,TRUE,"091",0
"942","College or University (Educational Private)","9041","PRI SCHL R",NA,"Chelmsford",NA,NA,NA,NA,TRUE,"090",0
"942","College or University (Educational Private)","9042","PRI SCHL C",NA,"Chelmsford",NA,NA,NA,NA,TRUE,"090",0
"942","College or University (Educational Private)","9043","PRI SCHL I",NA,"Chelmsford",NA,NA,NA,NA,TRUE,"090",0
"942","College or University (Educational Private)","904M","PRI SCHL R",NA,"Chelmsford",NA,NA,NA,NA,TRUE,"090",0
"942","College or University (Educational Private)","904R","PRI SCHL R",NA,"Chelmsford",NA,NA,NA,NA,TRUE,"090",0
"942","College or University (Educational Private)","904C","PRI SCHOOL MDL-94",NA,"Chelmsford",NA,NA,NA,NA,TRUE,"090",0
"941","Secondary Level (Educational Private)","941V","PRI SCH SEC MDL-00",NA,"Attleboro",NA,NA,NA,NA,TRUE,"094",0
"910","Dept. of Conservation and Recreation (DCR), Division of State Parks and Recreation","910V","IMPUTED - Dept. of Conservation and Recreation (DCR), Division of State Parks and Recreation",NA,"Attleboro",NA,NA,NA,NA,TRUE,"091",0
"931","Improved, Selectmen or City Council (Municipal)","931C","IMPR SELCTM COM",NA,"Sharon",NA,NA,NA,NA,TRUE,"093",0
"109","Multiple Houses on one parcel","911V","Dept. of Fish and Game (DFG) -- formerly Division of Fisheries and Wildlife, Environmental Law Enforcement (DFWELE) vacant",NA,"Randolph",NA,NA,NA,NA,TRUE,"091",0
"934","Improved, Education (Municipal or County)","934C","IMPR EDUCATION",NA,"Quincy",NA,NA,NA,NA,TRUE,"093",0
"910","Dept. of Conservation and Recreation (DCR), Division of State Parks and Recreation","9101","Dept. of Conservation and Recreation (DCR), Division of State Parks and Recreation",NA,"Edgartown",NA,NA,NA,NA,TRUE,"091",0
"910","Dept. of Conservation and Recreation (DCR), Division of State Parks and Recreation","910V","Dept. of Conservation and Recreation (DCR), Division of State Parks and Recreation",NA,"Edgartown",NA,NA,NA,NA,TRUE,"091",0
"942","College or University (Educational Private)","904R","PRI SCHOOL",NA,"Wilbraham",NA,NA,NA,NA,TRUE,"090",0
"910","Dept. of Conservation and Recreation (DCR), Division of State Parks and Recreation","910R","Dept. of Conservation and Recreation (DCR), Division of State Parks and Recreation",NA,"Wilbraham",NA,NA,NA,NA,TRUE,"091",0
"910","Dept. of Conservation and Recreation (DCR), Division of State Parks and Recreation","910V","Dept. of Conservation and Recreation (DCR), Division of State Parks and Recreation",NA,"Wilbraham",NA,NA,NA,NA,TRUE,"091",0
"925","Dept. of Conservation and Recreation (DCR) - Division of Water Supply Protection, Urban Parks (non-reimbursable)","925V","Dept. of Conservation and Recreation (DCR) - Division of Water Supply Protection, Urban Parks (non-reimbursable)",NA,"Winthrop",NA,NA,NA,NA,TRUE,"092",0
"958","Recreation, Active Use (Charitable Org.)","958V","IMPUTED - Recreation, Active Use (Charitable Org.)",NA,"Russell",NA,NA,NA,NA,TRUE,"095",0
"942","College or University (Educational Private)","904R","PRI SCHOOL MDL-01
PRI SCHOOL MDL-01
",NA,"Weston",NA,NA,NA,NA,TRUE,"090",0
"925","Dept. of Conservation and Recreation (DCR) - Division of Water Supply Protection, Urban Parks (non-reimbursable)","925V","Exempt Department of Conservation and Recreation",NA,"Weston",NA,NA,NA,NA,TRUE,"092",0
"958","Recreation, Active Use (Charitable Org.)","958V","REC/ACTV USE  MDL-00",NA,"Holden",NA,NA,NA,NA,TRUE,"095",0
"910","Dept. of Conservation and Recreation (DCR), Division of State Parks and Recreation","910C","Exempt, Department of Conservation and Recreation, Division of State Parks and Recreation",NA,"Sterling",NA,NA,NA,NA,TRUE,"091",0
"942","College or University (Educational Private)","904R","PRI SCHOOL  MDL-01",NA,"Lexington",NA,NA,NA,NA,TRUE,"090",0
"942","College or University (Educational Private)","904I","PRI SCHOOL  MDL-96",NA,"Lexington",NA,NA,NA,NA,TRUE,"090",0
"995","Other, Open Space","995X","CONDO MAIN MIXED",NA,"Lexington",NA,NA,NA,NA,TRUE,"090",0
"942","College or University (Educational Private)","904V","PRI SCHOOL  MDL-00",NA,"Lexington",NA,NA,NA,NA,TRUE,"090",0
"942","College or University (Educational Private)","9041","Pri Schl R",NA,"Amherst",NA,NA,NA,NA,TRUE,"090",0
"942","College or University (Educational Private)","904R","Pri Schl R",NA,"Amherst",NA,NA,NA,NA,TRUE,"090",0
"942","College or University (Educational Private)","9042","Pri Schl C",NA,"Amherst",NA,NA,NA,NA,TRUE,"090",0
"942","College or University (Educational Private)","904I","PRI SCHOOL MDL-96",NA,"Dedham",NA,NA,NA,NA,TRUE,"090",0
"937","Improved, Tax Title/Treasurer","937R","MUN IMPR TT RES",NA,"Dedham",NA,NA,NA,NA,TRUE,"093",0
"920","Dept. of Conservation and Recreation (DCR) - Division of Urban Parks and Recreation (non-reimbursable)","920V","Dept. of Conservation and Recreation (DCR) - Division of Urban Parks and Recreation (non-reimbursable)",NA,"Norfolk",NA,NA,NA,NA,TRUE,"092",0
"109","Multiple Houses on one parcel","911V","IMPUTED - Dept. of Fish and Game (DFG) -- formerly Division of Fisheries and Wildlife, Environmental Law Enforcement (DFWELE)",NA,"North Brookfield",NA,NA,NA,NA,TRUE,"091",0
"109","Multiple Houses on one parcel","921V","IMPUTED - Dept. of Fish and Game, Environmental Law Enforcement (DFG, formerly DFWELE) (non-reimbursable)",NA,"North Brookfield",NA,NA,NA,NA,TRUE,"092",0
"958","Recreation, Active Use (Charitable Org.)","958V","IMPUTED - Recreation, Active Use (Charitable Org.)",NA,"North Brookfield",NA,NA,NA,NA,TRUE,"095",0
"941","Secondary Level (Educational Private)","941R","PRI School MDL",NA,"Hamilton",NA,NA,NA,NA,TRUE,"094",0
"958","Recreation, Active Use (Charitable Org.)","958R","IMPUTED - Recreation, Active Use (Charitable Org.)",NA,"Millis",NA,NA,NA,NA,TRUE,"095",0
"921","Division of Fish and Game (DFW, formerly DFWELE), DFW Environmental Law Enforcement, Dept. of Environmental Protection (non-reimbursable)","921V","STATE FISHERIES AND WILDLIFE VACANT",NA,"Taunton",NA,NA,NA,NA,TRUE,"092",0
"910","Dept. of Conservation and Recreation (DCR), Division of State Parks and Recreation","910V","Department of Conservation and Recreation, Division of State Parks and Recreation",NA,"Lawrence",NA,NA,NA,NA,TRUE,"091",0
"910","Dept. of Conservation and Recreation (DCR), Division of State Parks and Recreation","910R","Park and rec",NA,"Foxborough",NA,NA,NA,NA,TRUE,"091",0
"910","Dept. of Conservation and Recreation (DCR), Division of State Parks and Recreation","910V","Park and rec",NA,"Foxborough",NA,NA,NA,NA,TRUE,"091",0
"910","Dept. of Conservation and Recreation (DCR), Division of State Parks and Recreation","910V","IMPUTED - Dept. of Conservation and Recreation (DCR), Division of State Parks and Recreation",NA,"Ipswich",NA,NA,NA,NA,TRUE,"091",0
"109","Multiple Houses on one parcel","911V","IMPUTED - Div. of Fish and Game Wildlife, Environmental Law Enforcement -- fmry Div. of Fisheries and Wildlife, Environmental Law Enforce.",NA,"Ipswich",NA,NA,NA,NA,TRUE,"091",0
"920","Dept. of Conservation and Recreation (DCR) - Division of Urban Parks and Recreation (non-reimbursable)","920V","IMPUTED - Dept. of Conservation and Recreation (DCR) - Division of Urban Parks and Recreation (non-reimbursable)",NA,"Ipswich",NA,NA,NA,NA,TRUE,"092",0
"952","Auxiliary use - Storage, Barns, etc... (Charitable Org.)","952V","IMPUTED - Auxiliary use - Storage, Barns, etc... (Charitable Org.)",NA,"Ipswich",NA,NA,NA,NA,TRUE,"095",0
"910","Dept. of Conservation and Recreation (DCR), Division of State Parks and Recreation","910V","Department of Conservation and Recreation Vacant Land",NA,"Wayland",NA,NA,NA,NA,TRUE,"091",0
"109","Multiple Houses on one parcel","932C","Forested parcels in the Town-owned Pelham Lake Park, part of the original conveyance to the Town and are subject to special covenants",NA,"Rowe",NA,NA,NA,NA,TRUE,"093",0
