"STD.USE_CODE","STD.USE_DESC","MUNI.USE_CODE","MUNI.USE_DESC","MUNI.USE_CODE_underlying","muni_name","matched","other","char_count","initial.use_type"
"031","Mixed Use (Primarily Commercial, some Residential)","0316","Mixed Use-Commercial Warehouse/Two Family","316","Chelsea",1,FALSE,41,"mixed"
"013","Mixed Use (Primarily Residential, Some Commercial)","0134","mixed use and majority residential","134","Chelsea",1,FALSE,34,"mixed"
"013","Mixed Use (Primarily Residential, Some Commercial)","013C","PRI RES MDL-94","13C","Chatham",1,FALSE,14,"mixed"
"013","Mixed Use (Primarily Residential, Some Commercial)","013M","PRI RES MDL-03","13M","Chatham",1,FALSE,14,"mixed"
"013","Mixed Use (Primarily Residential, Some Commercial)","013R","PRI RES MDL-01","13R","Chatham",1,FALSE,14,"mixed"
"031","Mixed Use (Primarily Commercial, some Residential)","031R","PRI COMM MDL-01","31R","Chatham",1,FALSE,15,"mixed"
"013","Mixed Use (Primarily Residential, Some Commercial)","0137","Has house, commercial retail store, and sits on Chapter Land","137","Bellingham",1,FALSE,60,"mixed"
"034","Mixed Use (Primarily Commercial, some Industrial)","0341","Mixed use, has solar farm","341","Bellingham",1,FALSE,25,"mixed"
"071","Mixed Use (Primarily Agriculture, some Residential)","0712","Agricultural with Residential","712","Concord",1,FALSE,29,"mixed"
"071","Mixed Use (Primarily Agriculture, some Residential)","0713","Agricultural with Residential","713","Concord",1,FALSE,29,"mixed"
"071","Mixed Use (Primarily Agriculture, some Residential)","0714","Agricultural with Residential","714","Concord",1,FALSE,29,"mixed"
"071","Mixed Use (Primarily Agriculture, some Residential)","0715","Agricultural with Residential","715","Concord",1,FALSE,29,"mixed"
"071","Mixed Use (Primarily Agriculture, some Residential)","0717","Agricultural with Residential","717","Concord",1,FALSE,29,"mixed"
"013","Mixed Use (Primarily Residential, Some Commercial)","0134","PRI RS C/I","134","Marion",1,FALSE,10,"mixed"
"016","Mixed Use (Primarily Residential, Some Forest)","016R","MU RS CH61 M01","16R","Marion",1,FALSE,14,"mixed"
"017","Mixed Use (Primarily Residential, Some Agriculture)","017R","MU RS CH61A M01","17R","Marion",1,FALSE,15,"mixed"
"018","Mixed Use (Primarily Residential, Some Recreation)","018R","MU RS CH61B M01","18R","Marion",1,FALSE,15,"mixed"
"037","Mixed Use (Primarily Commercial, some Agriculture)","037I","MU CM CH61A M96","37I","Marion",1,FALSE,15,"mixed"
"038","Mixed Use (Primarily Commercial, some Recreation)","038G","MU CM CH61A M95","38G","Marion",1,FALSE,15,"mixed"
"038","Mixed Use (Primarily Commercial, some Recreation)","038I","MU CM CH61B M96","38I","Marion",1,FALSE,15,"mixed"
"013","Mixed Use (Primarily Residential, Some Commercial)","0136","Mixed use","136","Orange",1,FALSE,9,"mixed"
"017","Mixed Use (Primarily Residential, Some Agriculture)","0176","Mixed use","176","Orange",1,FALSE,9,"mixed"
"034","Mixed Use (Primarily Commercial, some Industrial)","0341","Mixed use","341","Orange",1,FALSE,9,"mixed"
"041","Mixed Use (Primarily Industrial, some Residential)","0416","Mixed Use (Primarily Industrial, Some Residential, Some Forestry)","416","Orange",1,FALSE,65,"mixed"
"016","Mixed Use (Primarily Residential, Some Forest)","016V","MIXED RES FOREST-VACANT","16V","Orange",1,FALSE,23,"mixed"
"018","Mixed Use (Primarily Residential, Some Recreation)","018V","MIXED RES-REC VACANT","18V","Orange",1,FALSE,20,"mixed"
"013","Mixed Use (Primarily Residential, Some Commercial)","0137","Residential, Commercial and Chapter 61A","137","Charlemont",1,FALSE,39,"mixed"
"016","Mixed Use (Primarily Residential, Some Forest)","0167","Residential, Chapter 61 and Chapter 61A","167","Charlemont",1,FALSE,39,"mixed"
"017","Mixed Use (Primarily Residential, Some Agriculture)","0176","Residential, Chapter 61A and Chapter 61","176","Charlemont",1,FALSE,39,"mixed"
"034","Mixed Use (Primarily Commercial, some Industrial)","0342","IMPUTED - Mixed Use Primarily Commercial, Some Industrial, Some Open Space","342","Orange",1,FALSE,74,"mixed"
"071","Mixed Use (Primarily Agriculture, some Residential)","0713","IMPUTED - Mixed Use Primarily Agricultural, Some Residential, Some Open Space","713","Orange",1,FALSE,77,"mixed"
"013","Mixed Use (Primarily Residential, Some Commercial)","0131","Mixed use, primarily Vacant land","131","New Salem",1,FALSE,32,"mixed"
"071","Mixed Use (Primarily Agriculture, some Residential)","0717","Mixed use, primarily Chapter 61-A Productive woodland","717","New Salem",1,FALSE,53,"mixed"
"071","Mixed Use (Primarily Agriculture, some Residential)","0718","Mixed use, primarily Chapter 61-A necessary related lands","718","New Salem",1,FALSE,57,"mixed"
"031","Mixed Use (Primarily Commercial, some Residential)","0311","IMPUTED - Bottled Gas and Propane Gas Tanks","311","Groton",1,FALSE,43,"mixed"
"031","Mixed Use (Primarily Commercial, some Residential)","0316","IMPUTED - Other Storage, Warehouse, and Distribution facilities (see also usecode 401)","316","Groton",1,TRUE,86,"mixed"
"071","Mixed Use (Primarily Agriculture, some Residential)","0714","Mixed Use Primarily Chapter 61-A Orchards","714","New Salem",1,FALSE,41,"mixed"
"013","Mixed Use (Primarily Residential, Some Commercial)","0137","mixed use, primarily 101, plus commercial & chapter land (7 = agricultural)","137","Northborough",1,FALSE,75,"mixed"
"031","Mixed Use (Primarily Commercial, some Residential)","0318","mixed use, primarily commercial, plus residential & chapter (8 = recreation)","318","Northborough",1,FALSE,76,"mixed"
"037","Mixed Use (Primarily Commercial, some Agriculture)","0371","mixed use, primarily commercial, plus chapter land and residential","371","Northborough",1,FALSE,66,"mixed"
"071","Mixed Use (Primarily Agriculture, some Residential)","0712","MIXED USE: TR CRP VEG","712","Palmer",1,FALSE,21,"mixed"
"071","Mixed Use (Primarily Agriculture, some Residential)","0713","MIXED USE: FIELD CRPS","713","Palmer",1,FALSE,21,"mixed"
"071","Mixed Use (Primarily Agriculture, some Residential)","0715","MIXED USE: VINEYARDS","715","Palmer",1,FALSE,20,"mixed"
"071","Mixed Use (Primarily Agriculture, some Residential)","0717","MIXED USE: PROD WOOD","717","Palmer",1,FALSE,20,"mixed"
"071","Mixed Use (Primarily Agriculture, some Residential)","0718","MIXED USE: PASTURE","718","Palmer",1,FALSE,18,"mixed"
"013","Mixed Use (Primarily Residential, Some Commercial)","0137","Mixed Use- Town Code","137","Danvers",1,FALSE,20,"mixed"
"013","Mixed Use (Primarily Residential, Some Commercial)","0131","Mixed Use Residential/Commercial","131","Chicopee",1,FALSE,32,"mixed"
"031","Mixed Use (Primarily Commercial, some Residential)","0311","Mixed Use Residential/Commercial","311","Chicopee",1,FALSE,32,"mixed"
"013","Mixed Use (Primarily Residential, Some Commercial)","0138","Mixed use, residential, commercial, recreational","138","Shirley",1,FALSE,48,"mixed"
"016","Mixed Use (Primarily Residential, Some Forest)","0168","Mixed use, residential, forest, recreational","168","Shirley",1,FALSE,44,"mixed"
"018","Mixed Use (Primarily Residential, Some Recreation)","0186","Mixed Use, residential, classified chapter recreational and forestry","186","Shirley",1,FALSE,68,"mixed"
"014","Mixed Use (Primarily Residential, Some Industrial)","0146","Mixed use, residential, chapter land, and energy (solar project)","146","Shirley",1,FALSE,64,"mixed"
"013","Mixed Use (Primarily Residential, Some Commercial)","0137","MIXED USE SINGLE FAMILY HOME, COMMERTICAL AND CHAPTER LAND 61A","137","Upton",1,FALSE,62,"mixed"
"017","Mixed Use (Primarily Residential, Some Agriculture)","0173","MIXED USE SINGLE FAMILY HOME, CHAPTER LAND &  COMMERTICAL CHAPTER LAND61A","173","Upton",1,FALSE,73,"mixed"
"071","Mixed Use (Primarily Agriculture, some Residential)","0713","MIXED USE CHAPTER LAND 61A, SINGLE FAMILY HOME AND COMMERICAL","713","Upton",1,FALSE,61,"mixed"
"017","Mixed Use (Primarily Residential, Some Agriculture)","0178","MIXED USE SINGLE FAMILY & CHAPTER BOTH 61A & 61B","178","Upton",1,FALSE,48,"mixed"
"071","Mixed Use (Primarily Agriculture, some Residential)","0718","MIXED USE 61A , SINGLE FAMILY  & 61B","718","Upton",1,FALSE,36,"mixed"
"013","Mixed Use (Primarily Residential, Some Commercial)","0137","IMPUTED - Mixed Use (Primarily Residential, some Commercial, some Agriculture)","137","Great Barrington",1,FALSE,78,"mixed"
"016","Mixed Use (Primarily Residential, Some Forest)","0167","IMPUTED - Mixed Use (Primarily Residential, some Forest, some Agriculture)","167","Great Barrington",1,FALSE,74,"mixed"
"018","Mixed Use (Primarily Residential, Some Recreation)","0187","IMPUTED - Mixed Use (Primarily Residential, some Recreation, some Agriculture)","187","Great Barrington",1,FALSE,78,"mixed"
"031","Mixed Use (Primarily Commercial, some Residential)","0317","IMPUTED - Mixed Use (Primarily Commercial, some Residential, some Agriculture)","317","Great Barrington",1,FALSE,78,"mixed"
"016","Mixed Use (Primarily Residential, Some Forest)","0161","IMPUTED - Mixed Use (Primarily Residential)","161","Westhampton",1,FALSE,43,"mixed"
"017","Mixed Use (Primarily Residential, Some Agriculture)","0171","IMPUTED - Mixed Use (Primarily Residential)","171","Westhampton",1,FALSE,43,"mixed"
"018","Mixed Use (Primarily Residential, Some Recreation)","0181","IMPUTED - Mixed Use (Primarily Residential)","181","Westhampton",1,FALSE,43,"mixed"
"071","Mixed Use (Primarily Agriculture, some Residential)","0712","IMPUTED - Mixed Use (Primarily Agriculture)","712","Westhampton",1,FALSE,43,"mixed"
"071","Mixed Use (Primarily Agriculture, some Residential)","0713","IMPUTED - Mixed Use (Primarily Agriculture)","713","Westhampton",1,FALSE,43,"mixed"
"071","Mixed Use (Primarily Agriculture, some Residential)","0717","IMPUTED - Mixed Use (Primarily Agriculture)","717","Westhampton",1,FALSE,43,"mixed"
"071","Mixed Use (Primarily Agriculture, some Residential)","0718","IMPUTED - Mixed Use (Primarily Agriculture)","718","Westhampton",1,FALSE,43,"mixed"
"071","Mixed Use (Primarily Agriculture, some Residential)","0717","IMPUTED - Mixed Use (Primarily Productive Woodland 61A with a Forest Management Plan, Some Forest)","717","Hubbardston",1,FALSE,98,"mixed"
"013","Mixed Use (Primarily Residential, Some Commercial)","0137","Mixed Use (Primarily Residential, some Commercial, some Agriculture)","137","Dalton",1,FALSE,68,"mixed"
"031","Mixed Use (Primarily Commercial, some Residential)","0317","Mixed Use (Primarily Residential, some Agriculture, some Commercial)","317","Dalton",1,FALSE,68,"mixed"
"043","Mixed Use (Primarily Industrial, some Commercial)","0431","Mixed Use (Primarily Industrial, some Commercial, some Residential)","431","Dalton",1,FALSE,67,"mixed"
"064","Mixed Use (Primarily Forest, some Industrial)","0641","Mixed Use (Primarily Forest, some Industrial, some Residential)","641","Dalton",1,FALSE,63,"mixed"
"017","Mixed Use (Primarily Residential, Some Agriculture)","0174","Mixed Use (Primarily Residential, some Agriculture, some Electric ROW)","174","Dalton",1,FALSE,70,"mixed"
"043","Mixed Use (Primarily Industrial, some Commercial)","0439","Mixed Use (Primarily Manufacture, some Commercial, some Tax Exempt)","439","Dalton",1,FALSE,67,"mixed"
"076","Mixed Use (Primarily Agriculture, some Forest)","0764","Mixed Use (Primarily Agriculture, some Forest, some Electric ROW)","764","Dalton",1,FALSE,65,"mixed"
"013","Mixed Use (Primarily Residential, Some Commercial)","0137","Mixed Use Residential","137","Westborough",1,FALSE,21,"mixed"
"034","Mixed Use (Primarily Commercial, some Industrial)","0342","Multiple Use, primarily office, table 2","342","Hudson",1,FALSE,39,"mixed"
"038","Mixed Use (Primarily Commercial, some Recreation)","0385","Multiple Use, primarily recreational, table 5","385","Hudson",1,FALSE,45,"mixed"
"031","Mixed Use (Primarily Commercial, some Residential)","031I","Mixed Use (Primarily Commercial, some Residential), table I","31I","Hudson",1,FALSE,59,"mixed"
"013","Mixed Use (Primarily Residential, Some Commercial)","013C","Multiple-Use, table C","13C","Hudson",1,FALSE,21,"mixed"
"031","Mixed Use (Primarily Commercial, some Residential)","0316","Other Storage, Warehouse, and Distribution facilities (see also usecode 401)","316","Hubbardston",1,TRUE,76,"mixed"
"013","Mixed Use (Primarily Residential, Some Commercial)","0134","IMPUTED - Mixed Use (Primarily Residential, some Commercial, some Industrial)","134","Hubbardston",1,FALSE,77,"mixed"
"071","Mixed Use (Primarily Agriculture, some Residential)","0713","IMPUTED - Mixed Use (Primarily Agriculture, some Residential, some Commercial)","713","Hubbardston",1,FALSE,78,"mixed"
"071","Mixed Use (Primarily Agriculture, some Residential)","0718","IMPUTED - Mixed Use (Primarily Agriculture, Some Residential, Some Recreation)","718","Hubbardston",1,FALSE,78,"mixed"
"086","Mixed Use (Primarily Recreation, some Forest)","0861","Mixed Use (Chapter 61 and Chapter 61b land)","861","Bedford",1,FALSE,43,"mixed"
"081","Mixed Use (Primarily Recreation, some Residential)","0816","Mixed Use (Chapter 61 and Residential with Chapter 61b land)","816","Bedford",1,FALSE,60,"mixed"
"013","Mixed Use (Primarily Residential, Some Commercial)","0139","Mixed Use (Residential, Commercial, and Exempt)","139","Bedford",1,FALSE,47,"mixed"
"013","Mixed Use (Primarily Residential, Some Commercial)","0137","Mixed Use (Residential, Commercial, and Agricultural)","137","Bedford",1,FALSE,53,"mixed"
"038","Mixed Use (Primarily Commercial, some Recreation)","0381","385, Fish and Game Clubs","381","Bedford",1,FALSE,24,"mixed"
"013","Mixed Use (Primarily Residential, Some Commercial)","0132","Mixed Use - Undevelopable Residential Land","132","Barre",1,FALSE,42,"mixed"
"031","Mixed Use (Primarily Commercial, some Residential)","0316","Mixed Use - Other Storage, Warehouse, and Distribution facilities (see also usecode 401)","316","Barre",1,TRUE,88,"mixed"
"036","Mixed Use (Primarily Commercial, some Forest)","0366","Mixed Use - Arenas and Field Houses","366","Barre",1,FALSE,35,"mixed"
"036","Mixed Use (Primarily Commercial, some Forest)","0369","Mixed Use - Other Cultural and Entertainment Properties","369","Barre",1,TRUE,55,"mixed"
"038","Mixed Use (Primarily Commercial, some Recreation)","0385","Mixed Use - Fish and Game Clubs (not Ch. 61B)","385","Barre",1,FALSE,45,"mixed"
"038","Mixed Use (Primarily Commercial, some Recreation)","0388","Mixed Use - Other Outdoor facilities - e.g. driving ranges, miniature golf, baseball batting ranges, etc... (not Ch. 61B)","388","Barre",1,TRUE,121,"mixed"
"071","Mixed Use (Primarily Agriculture, some Residential)","0713","Mixed Use - Field Crops - hay, wheat, tillable forage, cropland, etc... (Ch. 61A, not classified as Open Space)","713","Barre",1,FALSE,111,"mixed"
"071","Mixed Use (Primarily Agriculture, some Residential)","0716","Necessary Land (farm roads, ponds, and land under farm buildings)","716","Barre",1,FALSE,65,"mixed"
"013","Mixed Use (Primarily Residential, Some Commercial)","0137","Mixed use residential,commercial,Chapterland 61A","137","Fitchburg",1,FALSE,48,"mixed"
"016","Mixed Use (Primarily Residential, Some Forest)","0167","Mixed use residential,Chapterland 61,Chapterland 61A","167","Fitchburg",1,FALSE,52,"mixed"
"014","Mixed Use (Primarily Residential, Some Industrial)","0146","Mixed Use - Residential/Industrial/Chapterland","146","Fitchburg",1,FALSE,46,"mixed"
"017","Mixed Use (Primarily Residential, Some Agriculture)","0176","Mixed Use - Residential/Chapterland","176","Fitchburg",1,FALSE,35,"mixed"
"031","Mixed Use (Primarily Commercial, some Residential)","0316","Mixed Use - Commercial/Residential/Chapterland","316","Fitchburg",1,FALSE,46,"mixed"
"041","Mixed Use (Primarily Industrial, some Residential)","0416","Mixed Use - Industrial/Residedntial/Chapterland","416","Fitchburg",1,FALSE,47,"mixed"
"014","Mixed Use (Primarily Residential, Some Industrial)","0147","Primarily a residential property with an industrial building and some land in Chapter land","147","Fitchburg",1,FALSE,90,"mixed"
"018","Mixed Use (Primarily Residential, Some Recreation)","0187","Mixed Residential Chapter 61A/61B","187","Fitchburg",1,FALSE,33,"mixed"
"017","Mixed Use (Primarily Residential, Some Agriculture)","0178","Mixed Use - Residential/Agricultural/Recreational","178","Fitchburg",1,FALSE,49,"mixed"
"061","Mixed Use (Primarily Forest, some Residential)","0617","Mixed Use - Forestry/Residential/Agricultural","617","Fitchburg",1,FALSE,45,"mixed"
"013","Mixed Use (Primarily Residential, Some Commercial)","0132","IMPUTED -Mixed Use, Some Residential, Some Commercial, Some Open Space","132","East Bridgewater",1,FALSE,70,"mixed"
"031","Mixed Use (Primarily Commercial, some Residential)","0316","Other Storage, Warehouse and Distribution facilities","316","Wareham",1,TRUE,52,"mixed"
"038","Mixed Use (Primarily Commercial, some Recreation)","0384","Marinas - including marine terminals & associated areas primarily for recreational marine craft (not Ch. 61B)","384","Wareham",1,FALSE,109,"mixed"
"017","Mixed Use (Primarily Residential, Some Agriculture)","017R","Mixed Use (Primarily Residential)","17R","Wareham",1,FALSE,33,"mixed"
"018","Mixed Use (Primarily Residential, Some Recreation)","018R","Mixed Use (Primarily Residential)","18R","Wareham",1,FALSE,33,"mixed"
"031","Mixed Use (Primarily Commercial, some Residential)","031R","Mixed Use (Primarily Commercial)","31R","Wareham",1,FALSE,32,"mixed"
"038","Mixed Use (Primarily Commercial, some Recreation)","0389","Mixed Use (Primarily Commercial)","389","Wareham",1,FALSE,32,"mixed"
"071","Mixed Use (Primarily Agriculture, some Residential)","0713","Mixed Use (Primarily Agriculture)","713","Wareham",1,FALSE,33,"mixed"
"071","Mixed Use (Primarily Agriculture, some Residential)","0714","Mixed Use (Primarily Agriculture)","714","Wareham",1,FALSE,33,"mixed"
"071","Mixed Use (Primarily Agriculture, some Residential)","0716","Mixed Use (Primarily Agriculture)","716","Wareham",1,FALSE,33,"mixed"
"071","Mixed Use (Primarily Agriculture, some Residential)","071S","Mixed Use (Primarily Agriculture)","71S","Wareham",1,FALSE,33,"mixed"
"013","Mixed Use (Primarily Residential, Some Commercial)","0134","MU PRI RS C/I","134","Wareham",1,FALSE,13,"mixed"
"031","Mixed Use (Primarily Commercial, some Residential)","0315","MU DOCKYARDS","315","Wareham",1,FALSE,12,"mixed"
"043","Mixed Use (Primarily Industrial, some Commercial)","0431","MU TEL REL TW","431","Wareham",1,FALSE,13,"mixed"
"013","Mixed Use (Primarily Residential, Some Commercial)","013S","mixed use mdl 95","13S","Wareham",1,FALSE,16,"mixed"
"031","Mixed Use (Primarily Commercial, some Residential)","031I","mixed use mdl 96","31I","Wareham",1,FALSE,16,"mixed"
"031","Mixed Use (Primarily Commercial, some Residential)","031L","mixed use comm whs mdl 96","31L","Wareham",1,FALSE,25,"mixed"
"031","Mixed Use (Primarily Commercial, some Residential)","031S","mixed use mdl 95","31S","Wareham",1,FALSE,16,"mixed"
"016","Mixed Use (Primarily Residential, Some Forest)","016R","Mixed use chapter residential model (sf with chapter)","16R","Wareham",1,FALSE,53,"mixed"
"016","Mixed Use (Primarily Residential, Some Forest)","0167","Mixed Use (Primarily Residential, Chapter 61 Forest, Chapter 61A Agriculture)","167","Tyngsborough",1,FALSE,77,"mixed"
"076","Mixed Use (Primarily Agriculture, some Forest)","0761","Mixed Use (Primarily Chapter 61A Agriculture, Chapter 61 Forest, Residential)","761","Tyngsborough",1,FALSE,77,"mixed"
"013","Mixed Use (Primarily Residential, Some Commercial)","0134","IMPUTED - Mixed Use Primarily Residential, Some Commercial, Some Industrial","134","Bernardston",1,FALSE,75,"mixed"
"016","Mixed Use (Primarily Residential, Some Forest)","0167","IMPUTED - Mixed Use Primarily Residential, Some Forest, Some Agriculture","167","Bernardston",1,FALSE,72,"mixed"
"017","Mixed Use (Primarily Residential, Some Agriculture)","0176","IMPUTED - Mixed Use Primarily Residential, Some Agriculture, Some Forest","176","Bernardston",1,FALSE,72,"mixed"
"018","Mixed Use (Primarily Residential, Some Recreation)","0187","IMPUTED - Mixed Use Primarily Residential, Some Recreation, Some Agriculture","187","Bernardston",1,FALSE,76,"mixed"
"071","Mixed Use (Primarily Agriculture, some Residential)","0714","IMPUTED - Mixed Use Primarily Agriculture, Some Residential, Some Industrial","714","Bernardston",1,FALSE,76,"mixed"
"013","Mixed Use (Primarily Residential, Some Commercial)","013C","Mixed Use (Primarily Residential, some Commercial)","13C","Wareham",1,FALSE,50,"mixed"
"071","Mixed Use (Primarily Agriculture, some Residential)","071R","Mixed Use (Primarily Agriculture, some Residential)","71R","Wareham",1,FALSE,51,"mixed"
"073","Mixed Use (Primarily Agriculture, some Commercial)","0736","Mixed Use (Primarily Agriculture, some Commercial)","736","Sunderland",1,FALSE,50,"mixed"
"013","Mixed Use (Primarily Residential, Some Commercial)","013C","Primarily Residential","13C","Hingham",1,FALSE,21,"mixed"
"071","Mixed Use (Primarily Agriculture, some Residential)","0713","MULTI USE Field crops","713","Hingham",1,FALSE,21,"mixed"
"031","Mixed Use (Primarily Commercial, some Residential)","0316","Mixed-use, warehouse, plus residential","316","Abington",1,FALSE,38,"mixed"
"034","Mixed Use (Primarily Commercial, some Industrial)","034M","Mixed-use, office building, plus residential","34M","Abington",1,FALSE,44,"mixed"
"037","Mixed Use (Primarily Commercial, some Agriculture)","0374","Mixed-use, health spa, plus residential","374","Abington",1,FALSE,39,"mixed"
"013","Mixed Use (Primarily Residential, Some Commercial)","0132","UNBUILDABLE LAND MULTI USE
","132","Hadley",1,FALSE,28,"mixed"
"031","Mixed Use (Primarily Commercial, some Residential)","0316","WAREHOUSE MULTI USE
","316","Hadley",1,FALSE,21,"mixed"
"031","Mixed Use (Primarily Commercial, some Residential)","0318","GREENHOUSE MULTI USE
","318","Hadley",1,FALSE,22,"mixed"
"071","Mixed Use (Primarily Agriculture, some Residential)","0711","MIXED USE (PRIMARILY AGRICULTURE-TOBACCO CROPS)","711","Hadley",1,FALSE,47,"mixed"
"071","Mixed Use (Primarily Agriculture, some Residential)","0712","MIXED USE (PRIMARILY AGRICULTURE-TRUCK CROPS)","712","Hadley",1,FALSE,45,"mixed"
"071","Mixed Use (Primarily Agriculture, some Residential)","0713","MIXED USE (PRIMARILY AGRICULTURE-FIELD CROPS)","713","Hadley",1,FALSE,45,"mixed"
"071","Mixed Use (Primarily Agriculture, some Residential)","0714","MIXED USE (PRIMARILY AGRICULTURE-ORCHARDS)","714","Hadley",1,FALSE,42,"mixed"
"071","Mixed Use (Primarily Agriculture, some Residential)","0716","MIXED USE (PRIMARILY AGRICULTURE-OTHER LAND)","716","Hadley",1,TRUE,44,"mixed"
"071","Mixed Use (Primarily Agriculture, some Residential)","0717","MIXED USE (PRIMARILY AGRICULTURE-PRODUCTIVE WOODS)","717","Hadley",1,FALSE,50,"mixed"
"071","Mixed Use (Primarily Agriculture, some Residential)","0718","MIXED USE (PRIMARILY AGRICULTURE-PASTURE)","718","Hadley",1,FALSE,41,"mixed"
"071","Mixed Use (Primarily Agriculture, some Residential)","0719","MIXED USE (PRIMARILY AGRICULTURE-NURSERIES)","719","Hadley",1,FALSE,43,"mixed"
"013","Mixed Use (Primarily Residential, Some Commercial)","0131","Predom Res Com C","131","Shrewsbury",1,FALSE,16,"mixed"
"031","Mixed Use (Primarily Commercial, some Residential)","031R","Pri Comm - Res","31R","Shrewsbury",1,FALSE,14,"mixed"
"013","Mixed Use (Primarily Residential, Some Commercial)","013C","Multiple Use, Primarily Residential, Retail store on first Floor","13C","Millis",1,FALSE,64,"mixed"
"013","Mixed Use (Primarily Residential, Some Commercial)","0134","Mixed Use residential/commercial/industrial, primarily residential","134","Lynn",1,FALSE,66,"mixed"
"013","Mixed Use (Primarily Residential, Some Commercial)","0139","Mixed Use","139","Lynn",1,FALSE,9,"mixed"
"019","Mixed Use (Primarily Residential, Some Exempt)","0193","Mixed Use residential/exempt/ commercial, primarily residential","193","Lynn",1,FALSE,63,"mixed"
"014","Mixed Use (Primarily Residential, Some Industrial)","0143","Mixed Use (Primarily Residential, Some Industrial, Some Commercial)","143","Lynn",1,FALSE,67,"mixed"
"034","Mixed Use (Primarily Commercial, some Industrial)","0341","Mixed Use, Primarily Commercial","341","Lynn",1,FALSE,31,"mixed"
"014","Mixed Use (Primarily Residential, Some Industrial)","0146","101, Chapter 61, Quarry, and Chapter 61B","146","Goshen",1,FALSE,40,"mixed"
"016","Mixed Use (Primarily Residential, Some Forest)","0167","101, Chapter 61, and Chapter 61B","167","Goshen",1,FALSE,32,"mixed"
"064","Mixed Use (Primarily Forest, some Industrial)","0648","IMPUTED - Mixed Use (Primarily Forest, Some Industrial, Some Recreational)","648","Goshen",1,FALSE,74,"mixed"
"013","Mixed Use (Primarily Residential, Some Commercial)","013C","PRI RES MDL-94 R","13C","Middleborough",1,FALSE,16,"mixed"
"031","Mixed Use (Primarily Commercial, some Residential)","031R","PRI COMM MDL-0 C","31R","Middleborough",1,FALSE,16,"mixed"
"031","Mixed Use (Primarily Commercial, some Residential)","031V","PRI COMM MDL-0 C","31V","Middleborough",1,FALSE,16,"mixed"
"013","Mixed Use (Primarily Residential, Some Commercial)","0137","Mixed Use (Primarily Commercial, some Agriculture)","137","Milton",1,FALSE,50,"mixed"
"071","Mixed Use (Primarily Agriculture, some Residential)","0713","Mixed Use (Primarily Agriculturall, some Commercial)","713","Milton",1,FALSE,52,"mixed"
"013","Mixed Use (Primarily Residential, Some Commercial)","0132","RES VACANT LAND UNB -MIXED USE","132","Middleborough",1,FALSE,30,"mixed"
"071","Mixed Use (Primarily Agriculture, some Residential)","0718","Mixed Use- 61A Agriculture /Horticulture Pasture Land","718","Middleborough",1,FALSE,53,"mixed"
"013","Mixed Use (Primarily Residential, Some Commercial)","0134","Residential & Comm/Industrial Use","134","Middleborough",1,FALSE,33,"mixed"
"013","Mixed Use (Primarily Residential, Some Commercial)","0137","MULT-USE RES 61A","137","Carver",1,FALSE,16,"mixed"
"013","Mixed Use (Primarily Residential, Some Commercial)","0138","MULTI-USE RES 61B","138","Carver",1,FALSE,17,"mixed"
"031","Mixed Use (Primarily Commercial, some Residential)","0317","MULT-USE RES 61A","317","Carver",1,FALSE,16,"mixed"
"031","Mixed Use (Primarily Commercial, some Residential)","0318","MULTI-USE COMM 61B","318","Carver",1,FALSE,18,"mixed"
"016","Mixed Use (Primarily Residential, Some Forest)","016V","IMPUTED - Mixed Use (Primarily Residential, Some Forest)","16V","East Longmeadow",1,FALSE,56,"mixed"
"071","Mixed Use (Primarily Agriculture, some Residential)","0713","Mulitple-Use, Primarily Chapter Agri - Field Crops","713","Ashburnham",1,FALSE,50,"mixed"
"038","Mixed Use (Primarily Commercial, some Recreation)","0385","IMPUTED - Mixed Use, Primarily Commercial","385","Ashburnham",1,FALSE,41,"mixed"
"038","Mixed Use (Primarily Commercial, some Recreation)","0389","IMPUTED - Mixed Use, Primarily Commercial","389","Ashburnham",1,FALSE,41,"mixed"
"071","Mixed Use (Primarily Agriculture, some Residential)","0717","IMPUTED - Mixed Use, Primarily Agriculture","717","Ashburnham",1,FALSE,42,"mixed"
"013","Mixed Use (Primarily Residential, Some Commercial)","0137","Mixed Use (Primarily Residential, some Commercial, some Agriculture)","137","Winchendon",1,FALSE,68,"mixed"
"016","Mixed Use (Primarily Residential, Some Forest)","0167","Mixed Use (Primarily Residential, some Forest, some Agriculture)","167","Winchendon",1,FALSE,64,"mixed"
"014","Mixed Use (Primarily Residential, Some Industrial)","0147","Imputed - Mixed Use (Primarily Residential)","147","Winchendon",1,FALSE,43,"mixed"
"041","Mixed Use (Primarily Industrial, some Residential)","0416","Imputed - Mixed Use (Primarily Industrial, Some Residential, Some Forestry)","416","Winchendon",1,FALSE,75,"mixed"
"046","Mixed Use (Primarily Industrial, some Forest)","0461","Imputed - Mixed Use (Primarily Industrial, Some Forestry, Some Residential)","461","Winchendon",1,FALSE,75,"mixed"
"031","Mixed Use (Primarily Commercial, some Residential)","031R","Pri Comm (Motel)","31R","Mattapoisett",1,FALSE,16,"mixed"
"013","Mixed Use (Primarily Residential, Some Commercial)","0132","Mixed Use (primarily residential, some undevelopable)","132","Rehoboth",1,FALSE,53,"mixed"
"071","Mixed Use (Primarily Agriculture, some Residential)","0716","Mixed use (primarily residential with farm land designation under Chapter 61A","716","Rehoboth",1,FALSE,77,"mixed"
"071","Mixed Use (Primarily Agriculture, some Residential)","0718","Mixed use (primarily residential with farm land designation under Chapter 61A","718","Rehoboth",1,FALSE,77,"mixed"
"071","Mixed Use (Primarily Agriculture, some Residential)","0719","Mixed use (primarily residential with farm land designation under Chapter 61A","719","Rehoboth",1,FALSE,77,"mixed"
"071","Mixed Use (Primarily Agriculture, some Residential)","0714","Mixed use chapter 61A orchards","714","Rehoboth",1,FALSE,30,"mixed"
"040","Mixed Use (Primarily Industrial, Some Other)","0402","Manufacturing and Processing - Office Building - part of manufacturing
operation","402","Lowell",1,FALSE,81,"mixed"
"081","Mixed Use (Primarily Recreation, some Residential)","0812","Mixed Use Recreation – Primary Recreation (Chapter Land), Secondary Lodge/Club","812","Lowell",1,FALSE,78,"mixed"
"013","Mixed Use (Primarily Residential, Some Commercial)","013C","PRI RES MDL-94","13C","Lowell",1,FALSE,14,"mixed"
"013","Mixed Use (Primarily Residential, Some Commercial)","0136","Mixed Use (Primarily Residential, some Commercial)","136","Montague",1,FALSE,50,"mixed"
"013","Mixed Use (Primarily Residential, Some Commercial)","0137","Mixed Use (Primarily Residential, some Commercial)","137","Montague",1,FALSE,50,"mixed"
"013","Mixed Use (Primarily Residential, Some Commercial)","0138","Mixed Use (Primarily Residential, some Commercial)","138","Montague",1,FALSE,50,"mixed"
"017","Mixed Use (Primarily Residential, Some Agriculture)","0173","Mixed Use (Primarily Residential, some Agricultural)","173","Montague",1,FALSE,52,"mixed"
"017","Mixed Use (Primarily Residential, Some Agriculture)","0173","Resident/Commercial and 61A, Chapter land","173","Fairhaven",1,FALSE,41,"mixed"
"071","Mixed Use (Primarily Agriculture, some Residential)","0713","Chapter Land with Hay & Grain","713","Fairhaven",1,FALSE,29,"mixed"
"018","Mixed Use (Primarily Residential, Some Recreation)","0187","Mixed Use (Primarily Residential, some Recreational)","187","Montague",1,FALSE,52,"mixed"
"041","Mixed Use (Primarily Industrial, some Residential)","0413","Mixed Use (Primarily Residential, some Residential)","413","Montague",1,FALSE,51,"mixed"
"038","Mixed Use (Primarily Commercial, some Recreation)","0387","Mixed Use (Primarily Commercial, some Recreational)","387","Montague",1,FALSE,51,"mixed"
"016","Mixed Use (Primarily Residential, Some Forest)","0167","IMPUTED - Mixed Use (Primarily Residential, some Forest, some Agriculture)","167","Montague",1,FALSE,74,"mixed"
"017","Mixed Use (Primarily Residential, Some Agriculture)","0178","IMPUTED - Mixed Use (Primarily Residential, some Agriculture, some Recreation)","178","Montague",1,FALSE,78,"mixed"
"031","Mixed Use (Primarily Commercial, some Residential)","0317","IMPUTED - Mixed Use (Primarily Commercial, some Residential, some Agriculture)","317","Montague",1,FALSE,78,"mixed"
"073","Mixed Use (Primarily Agriculture, some Commercial)","0736","IMPUTED - Mixed Use (Primarily Agriculture, some Commercial, some Forest)","736","Montague",1,FALSE,73,"mixed"
"078","Mixed Use (Primarily Agriculture, some Recreation)","0781","IMPUTED - Mixed Use (Primarily Agriculture, some Recreation, some Residential)","781","Montague",1,FALSE,78,"mixed"
"087","Mixed Use (Primarily Recreation, some Agriculture)","0871","IMPUTED - Mixed Use (Primarily Recreation, some Agriculture, some Residential)","871","Montague",1,FALSE,78,"mixed"
"013","Mixed Use (Primarily Residential, Some Commercial)","0134","IMPUTED - Mixed Use Primarily Residential, Some Commercial, Some Industrial","134","Montague",1,FALSE,75,"mixed"
"071","Mixed Use (Primarily Agriculture, some Residential)","0713","IMPUTED - Mixed Use Primarily Agriculture, Some Vacant Land, Some Residential","713","Montague",1,FALSE,77,"mixed"
"076","Mixed Use (Primarily Agriculture, some Forest)","0761","IMPUTED - Mixed Use Primarily Agricultural, Some Forest under Chapter 61","761","Montague",1,FALSE,72,"mixed"
"076","Mixed Use (Primarily Agriculture, some Forest)","0763","IMPUTED - Mixed Use Primarily Agricultural, Some Forest, Some Commercial","763","Montague",1,FALSE,72,"mixed"
"018","Mixed Use (Primarily Residential, Some Recreation)","0183","Mixed Use (Primarily Residential, some Recreational)","183","Montague",1,FALSE,52,"mixed"
"037","Mixed Use (Primarily Commercial, some Agriculture)","0371","Mixed Use","371","Plympton",1,FALSE,9,"mixed"
"013","Mixed Use (Primarily Residential, Some Commercial)","0137","mixed use. Primarily residential with commercial and chapter land (agriculture) components","137","Littleton",1,FALSE,90,"mixed"
"013","Mixed Use (Primarily Residential, Some Commercial)","0136","mixed use. Primarily residential with a commersial and chapter land (Forestry) components","136","Littleton",1,FALSE,89,"mixed"
"031","Mixed Use (Primarily Commercial, some Residential)","0317","IMPUTED- Mixed Use. Primarily commercial with residential and chapter land (agriculture) components","317","Littleton",1,FALSE,99,"mixed"
"013","Mixed Use (Primarily Residential, Some Commercial)","0134","IMPUTED - Mixed Use - Primarily Residential, Some Commercial, Some Agricultural","134","Littleton",1,FALSE,79,"mixed"
"016","Mixed Use (Primarily Residential, Some Forest)","0167","IMPUTED - Mixed Use - Primarily Residential, Some Forestry, Some Agricultural","167","Littleton",1,FALSE,77,"mixed"
"017","Mixed Use (Primarily Residential, Some Agriculture)","0173","IMPUTED - Mixed Use - Primarily Residential, Some Agricultural, Some Commercial","173","Littleton",1,FALSE,79,"mixed"
"017","Mixed Use (Primarily Residential, Some Agriculture)","0176","IMPUTED - Mixed Use - Primarily Residential, Some Agricultural, Some Forestry","176","Littleton",1,FALSE,77,"mixed"
"071","Mixed Use (Primarily Agriculture, some Residential)","0718","IMPUTED - Mixed Use - Primarily Agricultural, Some Residential, Some Recreational.","718","Littleton",1,FALSE,82,"mixed"
"031","Mixed Use (Primarily Commercial, some Residential)","0316","IMPUTED - Mixed Use - Primarily Commercial, Some Residential, Some Forest","316","Littleton",1,FALSE,73,"mixed"
"030","Mixed Use (Primarily Commercial, Some Other)","0303","Mixed use commercial use, maybe commercial & residential but predominately commercial","303","Northbridge",1,FALSE,85,"mixed"
"013","Mixed Use (Primarily Residential, Some Commercial)","0135","IMPUTED - Mixed Use (Primarily Residential, Some Commercial, Some Personal Property)","135","Wrentham",1,FALSE,84,"mixed"
"013","Mixed Use (Primarily Residential, Some Commercial)","0137","IMPUTED -Mixed Use (Primarily Residential, Some Commercial, Some Agricultural)","137","Savoy",1,FALSE,78,"mixed"
"017","Mixed Use (Primarily Residential, Some Agriculture)","0173","Mixed use Residential, Farming, Other Commercial Land","173","Leicester",1,TRUE,53,"mixed"
"038","Mixed Use (Primarily Commercial, some Recreation)","0385","Mixed Use (Primarily Fish and Game Club)","385","Petersham",1,FALSE,40,"mixed"
"037","Mixed Use (Primarily Commercial, some Agriculture)","037R","Mixed use, commercial/chapter 61A","37R","Berlin",1,FALSE,33,"mixed"
"031","Mixed Use (Primarily Commercial, some Residential)","031R","Mixed use, more commercial than residential","31R","Berlin",1,FALSE,43,"mixed"
"017","Mixed Use (Primarily Residential, Some Agriculture)","017C","Mixed use, residential/chapter 61A","17C","Berlin",1,FALSE,34,"mixed"
"013","Mixed Use (Primarily Residential, Some Commercial)","013C","Mixed use, more residential than commercial","13C","Berlin",1,FALSE,43,"mixed"
"013","Mixed Use (Primarily Residential, Some Commercial)","013V","Pri Res","13V","Berlin",1,FALSE,7,"mixed"
"071","Mixed Use (Primarily Agriculture, some Residential)","071C","Mixed use, 61A/residential","71C","Berlin",1,FALSE,26,"mixed"
"018","Mixed Use (Primarily Residential, Some Recreation)","0186","Mixed Use (Primarily Residential, some Chapter 61)","186","Cohasset",1,FALSE,50,"mixed"
"016","Mixed Use (Primarily Residential, Some Forest)","0168","IMPUTED - Mixed Use (Primarily Residential, Some Forestry, Some Recreation)","168","Cohasset",1,FALSE,75,"mixed"
"031","Mixed Use (Primarily Commercial, some Residential)","0317","Mixed Use (Primarily Commercial, Residential, some Agricultureal Chapter)","317","Medway",1,FALSE,73,"mixed"
"013","Mixed Use (Primarily Residential, Some Commercial)","0134","PR RES COM","134","Blackstone",1,FALSE,10,"mixed"
"071","Mixed Use (Primarily Agriculture, some Residential)","0717","IMPUTED - Mixed Use (Primarily Agricultural, Some Residential)","717","Blackstone",1,FALSE,62,"mixed"
"016","Mixed Use (Primarily Residential, Some Forest)","0168","Mixed Use (Primarily Residential, some Forest, some Recreation)","168","Hancock",1,FALSE,63,"mixed"
"071","Mixed Use (Primarily Agriculture, some Residential)","0718","IMPUTED - Mixed Use (Primarily Pastrure, Some Residential)","718","Blackstone",1,FALSE,58,"mixed"
"013","Mixed Use (Primarily Residential, Some Commercial)","0137","Mixed use - Residential, Commercial, Chapter Land","137","Northfield",1,FALSE,49,"mixed"
"016","Mixed Use (Primarily Residential, Some Forest)","0167","Mixed use - Residential, Chapter Land","167","Northfield",1,FALSE,37,"mixed"
"034","Mixed Use (Primarily Commercial, some Industrial)","034R","MU OFFICE M01","34R","North Attleborough",1,FALSE,13,"mixed"
"016","Mixed Use (Primarily Residential, Some Forest)","0163","mixed use: single family chapter 61 with outbuilding","163","Northfield",1,FALSE,52,"mixed"
"061","Mixed Use (Primarily Forest, some Residential)","0617","IMPUTED - Mixed Use Primarily Forest, Some Agricultural","617","Northfield",1,FALSE,55,"mixed"
"013","Mixed Use (Primarily Residential, Some Commercial)","0137","Mixed Commercial use with Chapter Land","137","Brimfield",1,FALSE,38,"mixed"
"014","Mixed Use (Primarily Residential, Some Industrial)","0146","MIXED ONE FAM/ RELAYTW / CH61 10Y","146","Brimfield",1,FALSE,33,"mixed"
"016","Mixed Use (Primarily Residential, Some Forest)","0164","MIXED ONE FAM / CH 61 10 YR / RELAYTW","164","Brimfield",1,FALSE,37,"mixed"
"013","Mixed Use (Primarily Residential, Some Commercial)","013M","OTHER - Mixed Use (Primarily Residential, some Commercial)","13M","North Attleborough",1,TRUE,58,"mixed"
"031","Mixed Use (Primarily Commercial, some Residential)","0316","Mixed Use Primarily Commercial","316","North Attleborough",1,FALSE,30,"mixed"
"034","Mixed Use (Primarily Commercial, some Industrial)","0342","Mixed Use Primarily Commercial","342","North Attleborough",1,FALSE,30,"mixed"
"071","Mixed Use (Primarily Agriculture, some Residential)","0712","Mixed Use Primarily Agricultural","712","North Attleborough",1,FALSE,32,"mixed"
"071","Mixed Use (Primarily Agriculture, some Residential)","0713","Mixed Use Primarily Agricultural","713","North Attleborough",1,FALSE,32,"mixed"
"071","Mixed Use (Primarily Agriculture, some Residential)","0716","Mixed Use Primarily Agricultural","716","North Attleborough",1,FALSE,32,"mixed"
"017","Mixed Use (Primarily Residential, Some Agriculture)","0173","MIXED ONE FAM/  61A FORESTRY / HOSPITAL","173","Brimfield",1,FALSE,39,"mixed"
"071","Mixed Use (Primarily Agriculture, some Residential)","0713","MIXED 61A/FARM BLD","713","Brimfield",1,FALSE,18,"mixed"
"041","Mixed Use (Primarily Industrial, some Residential)","0416","CELL TOWER AND Chapter 61 Forest Management","416","Brimfield",1,FALSE,43,"mixed"
"016","Mixed Use (Primarily Residential, Some Forest)","0167","IMPUTED - Mixted Use, Primarily Residence, Some Forestry, Some Agriculture","167","Brimfield",1,FALSE,74,"mixed"
"013","Mixed Use (Primarily Residential, Some Commercial)","0134","PRI RS C/I","134","Newburyport",1,FALSE,10,"mixed"
"016","Mixed Use (Primarily Residential, Some Forest)","0167","IMPUTED - Mixed Use (Primarily Residential, Some Forestry, Some Agricultural)","167","Warwick",1,FALSE,77,"mixed"
"067","Mixed Use (Primarily Forest, some Agriculture)","0671","IMPUTED - Mixed Use (Primarily Forestry, Some Agricultural, Some Residential)","671","Warwick",1,FALSE,77,"mixed"
"061","Mixed Use (Primarily Forest, some Residential)","0619","IMPUTED - Mixed Use (Primarily Forestry, Some Residential, Some Exempt)","619","Warwick",1,FALSE,71,"mixed"
"013","Mixed Use (Primarily Residential, Some Commercial)","0134","Mixed Use (Primarily Residential, some Commercial, some Industrial)","134","Douglas",1,FALSE,67,"mixed"
"013","Mixed Use (Primarily Residential, Some Commercial)","0137","Mixed Use (Primarily Residential, some Commercial, some Chapter 61A)","137","Douglas",1,FALSE,68,"mixed"
"017","Mixed Use (Primarily Residential, Some Agriculture)","0177","Mixed Use (Primarily Residential some Chapter 61A)","177","Douglas",1,FALSE,50,"mixed"
"018","Mixed Use (Primarily Residential, Some Recreation)","0187","Mixed Use (Primarily Residential, some Chapter 61B, some Chapter 61A)","187","Douglas",1,FALSE,69,"mixed"
"037","Mixed Use (Primarily Commercial, some Agriculture)","0377","Mixed Use (Primarily Commercial, some Chapter 61A)","377","Douglas",1,FALSE,50,"mixed"
"047","Mixed Use (Primarily Industrial, some Agriculture)","0477","Mixed Use (Primarily Industrial, some Chapter 61A)","477","Douglas",1,FALSE,50,"mixed"
"043","Mixed Use (Primarily Industrial, some Commercial)","0431","Mixed Use (Primarily Industrial, some Commercial, some Residential)","431","Douglas",1,FALSE,67,"mixed"
"083","Mixed Use (Primarily Recreation, some Commercial)","0831","IMPUTED - Mixed Use, Primarily Recreational, Some Commercial, Some Residential","831","Douglas",1,FALSE,78,"mixed"
"031","Mixed Use (Primarily Commercial, some Residential)","031R","Mixed Use, Primarily Commercial","31R","Wenham",1,FALSE,31,"mixed"
"031","Mixed Use (Primarily Commercial, some Residential)","031R","Mixed Use Res","31R","Norwood",1,FALSE,13,"mixed"
"031","Mixed Use (Primarily Commercial, some Residential)","0316","Mixed-Use Commercial Whse","316","Wales",1,FALSE,25,"mixed"
"071","Mixed Use (Primarily Agriculture, some Residential)","0716","Mixed Use, Primarily Agriculral, Some Residential, Some Forestry","716","Wales",1,FALSE,64,"mixed"
"071","Mixed Use (Primarily Agriculture, some Residential)","0713","IMPUTED - Mixed Use, Primarily Agricultural, Som Residence, Some Commercial","713","Wales",1,FALSE,75,"mixed"
"034","Mixed Use (Primarily Commercial, some Industrial)","034R","Mixed use office/residential","34R","Norwood",1,FALSE,28,"mixed"
"040","Mixed Use (Primarily Industrial, Some Other)","0404","Research and Development facilities","404","Norwood",1,FALSE,35,"mixed"
"031","Mixed Use (Primarily Commercial, some Residential)","0316","Other Storage, Warehouse and Distribution facilities (see also Industrial Code 401)","316","Southwick",1,TRUE,83,"mixed"
"036","Mixed Use (Primarily Commercial, some Forest)","0366","Arenas and Field Houses","366","Southwick",1,FALSE,23,"mixed"
"037","Mixed Use (Primarily Commercial, some Agriculture)","0375","Tennis and /or Racquetball Clubs","375","Southwick",1,FALSE,32,"mixed"
"071","Mixed Use (Primarily Agriculture, some Residential)","0717","IMPUTED - Mixed Use (Primarily Agriculture)","717","Southwick",1,FALSE,43,"mixed"
"013","Mixed Use (Primarily Residential, Some Commercial)","0136","Mixed use, Predominately residential, portion commercial use, portion chapter land use-forestry","136","Greenfield",1,FALSE,95,"mixed"
"013","Mixed Use (Primarily Residential, Some Commercial)","0137","Mixed use, Predominately residential, portion commercial use, portion agricultural","137","Greenfield",1,FALSE,82,"mixed"
"031","Mixed Use (Primarily Commercial, some Residential)","0316","Mixed use, residential, forestry","316","Greenfield",1,FALSE,32,"mixed"
"031","Mixed Use (Primarily Commercial, some Residential)","0318","Mixed use, residential, recreational","318","Greenfield",1,FALSE,36,"mixed"
"034","Mixed Use (Primarily Commercial, some Industrial)","0348","Mixed use, Commercial, Industrial, recreational","348","Greenfield",1,FALSE,47,"mixed"
"038","Mixed Use (Primarily Commercial, some Recreation)","0384","Marinas - Including marine terminals & associated areas primarily for recreational marine craft","384","Greenfield",1,FALSE,95,"mixed"
"017","Mixed Use (Primarily Residential, Some Agriculture)","0173","Mixed Use, Predominately Residential, Portion Commercial Use, Portion chapter land use-recreational","173","Greenfield",1,FALSE,99,"mixed"
"071","Mixed Use (Primarily Agriculture, some Residential)","0714","Mixed use, farming, residence, industrial","714","Greenfield",1,FALSE,41,"mixed"
"013","Mixed Use (Primarily Residential, Some Commercial)","0136","Mixed Use (Primarily Residential, Some Commercial, some Forestry)","136","Hinsdale",1,FALSE,65,"mixed"
"016","Mixed Use (Primarily Residential, Some Forest)","0161","IMPUTED - Primarily Residential, Some Forest","161","Hinsdale",1,FALSE,44,"mixed"
"017","Mixed Use (Primarily Residential, Some Agriculture)","0171","IMPUTED - Primarily Residential, Some Agriculture","171","Hinsdale",1,FALSE,49,"mixed"
"018","Mixed Use (Primarily Residential, Some Recreation)","0181","IMPUTED - Primarily Residential, Some Recreational","181","Hinsdale",1,FALSE,50,"mixed"
"031","Mixed Use (Primarily Commercial, some Residential)","0317","Mixed Use (Primarily Commercial, Some Residential, Some Agricultural)","317","Medfield",1,FALSE,69,"mixed"
"013","Mixed Use (Primarily Residential, Some Commercial)","0132","Residential. Mixed-use. Undevelopable.","132","Shutesbury",1,FALSE,38,"mixed"
"038","Mixed Use (Primarily Commercial, some Recreation)","0387","Mixed use. Youth camps.

Mixed use.  Youth camps.

Mixed use. Youth camps.","387","Shutesbury",1,FALSE,78,"mixed"
"034","Mixed Use (Primarily Commercial, some Industrial)","0342","Mixed use, primary professional bldg","342","Southampton",1,FALSE,36,"mixed"
"031","Mixed Use (Primarily Commercial, some Residential)","0317","mixed use-commercial / farm buildings","317","Southampton",1,FALSE,37,"mixed"
"071","Mixed Use (Primarily Agriculture, some Residential)","0713","mixed use-residential / agricultural land","713","Southampton",1,FALSE,41,"mixed"
"071","Mixed Use (Primarily Agriculture, some Residential)","0714","mixed use-residential / agricultural land","714","Southampton",1,FALSE,41,"mixed"
"071","Mixed Use (Primarily Agriculture, some Residential)","0717","mixed use-residential / agricultural land","717","Southampton",1,FALSE,41,"mixed"
"071","Mixed Use (Primarily Agriculture, some Residential)","0718","mixed use-residential / agricultural land","718","Southampton",1,FALSE,41,"mixed"
"081","Mixed Use (Primarily Recreation, some Residential)","0814","mixed use-residential / target shooting","814","Southampton",1,FALSE,39,"mixed"
"013","Mixed Use (Primarily Residential, Some Commercial)","0137","MixResComAg","137","Blandford",1,FALSE,11,"mixed"
"016","Mixed Use (Primarily Residential, Some Forest)","0167","MixResForAg","167","Blandford",1,FALSE,11,"mixed"
"076","Mixed Use (Primarily Agriculture, some Forest)","0761","MixAgForRes","761","Blandford",1,FALSE,11,"mixed"
"018","Mixed Use (Primarily Residential, Some Recreation)","0187","MixedRecAgRes","187","Blandford",1,FALSE,13,"mixed"
"013","Mixed Use (Primarily Residential, Some Commercial)","0134","Mixed Use, Residential, Commercial or Industrial","134","Norwell",1,FALSE,48,"mixed"
"038","Mixed Use (Primarily Commercial, some Recreation)","0382","Mixed Use Riding Stable","382","Norwell",1,FALSE,23,"mixed"
"014","Mixed Use (Primarily Residential, Some Industrial)","0147","Mixed Use (Primarily Residential, Some Industrial, Some Agricultural)","147","Blandford",1,FALSE,69,"mixed"
"017","Mixed Use (Primarily Residential, Some Agriculture)","0174","Mixed Use (Primarily Residential, Some Agricultural, Some Industrial)","174","Blandford",1,FALSE,69,"mixed"
"017","Mixed Use (Primarily Residential, Some Agriculture)","0176","Mixed Use (Primarily Residential, Some Agriculatural, Some Forestry)","176","Blandford",1,FALSE,68,"mixed"
"018","Mixed Use (Primarily Residential, Some Recreation)","0186","IMPUTED - Mixed Use (Primarily Residential, Some Recreational Land, Some Forest)","186","Blandford",1,FALSE,80,"mixed"
"041","Mixed Use (Primarily Industrial, some Residential)","0417","IMPUTED - Mixed Use (Primarily Industrial, Some Residential, Some Agricultural)","417","Blandford",1,FALSE,79,"mixed"
"031","Mixed Use (Primarily Commercial, some Residential)","0316","mixed use commercial warehouse","316","Hanover",1,FALSE,30,"mixed"
"034","Mixed Use (Primarily Commercial, some Industrial)","0342","mixed use professional building
mixed use professional building
","342","Hanover",1,FALSE,66,"mixed"
"040","Mixed Use (Primarily Industrial, Some Other)","0401","mixed use industrial warehouse","401","Hanover",1,FALSE,30,"mixed"
"016","Mixed Use (Primarily Residential, Some Forest)","016R","MIX 1FAM CHAP 61","16R","Hanover",1,FALSE,16,"mixed"
"017","Mixed Use (Primarily Residential, Some Agriculture)","017R","MIX 1 FAM CHAP 61","17R","Hanover",1,FALSE,17,"mixed"
"034","Mixed Use (Primarily Commercial, some Industrial)","034R","Mixed Use Offices M-01","34R","Hanover",1,FALSE,22,"mixed"
"013","Mixed Use (Primarily Residential, Some Commercial)","0137","Mixed Use (Primarily Residential)","137","Uxbridge",1,FALSE,33,"mixed"
"017","Mixed Use (Primarily Residential, Some Agriculture)","0176","Mixed Use (Primarily Residential)","176","Uxbridge",1,FALSE,33,"mixed"
"031","Mixed Use (Primarily Commercial, some Residential)","0314","Mixed Use (Primiarily Commercial)","314","Uxbridge",1,FALSE,33,"mixed"
"041","Mixed Use (Primarily Industrial, some Residential)","0413","Mixed Use (Primarily Industrial)","413","Uxbridge",1,FALSE,32,"mixed"
"016","Mixed Use (Primarily Residential, Some Forest)","0167","Mixed Use (Vacant Land, primarily Ch. 59 Sections 61 & 61A)","167","Uxbridge",1,FALSE,59,"mixed"
"013","Mixed Use (Primarily Residential, Some Commercial)","0136","Imputed - Mixed Use (Primarily Residential, Some Commercial, Some Forestry)","136","Uxbridge",1,FALSE,75,"mixed"
"017","Mixed Use (Primarily Residential, Some Agriculture)","0173","Imputed - Mixed Use (Primarily Residential, Some Agricultural, Some Commercial)","173","Uxbridge",1,FALSE,79,"mixed"
"018","Mixed Use (Primarily Residential, Some Recreation)","0187","Imputed - Mixed Use (Primarily Residential, Some Recreational, Some Agricultural)","187","Uxbridge",1,FALSE,81,"mixed"
"038","Mixed Use (Primarily Commercial, some Recreation)","0386","Imputed - Mixed Use (Primarily Commercial, Some Recreational, Some Forestry)","386","Uxbridge",1,FALSE,76,"mixed"
"067","Mixed Use (Primarily Forest, some Agriculture)","0673","Imputed - Mixed Use (Primarily Forestry, Some Agricultural, Some Commercial)","673","Uxbridge",1,FALSE,76,"mixed"
"013","Mixed Use (Primarily Residential, Some Commercial)","0132","Mixed Use (Primarily Undevelopable Residential Land)","132","South Hadley",1,FALSE,52,"mixed"
"031","Mixed Use (Primarily Commercial, some Residential)","0316","Mixed Use (Primarily Other Storage, Warehouse, and Distribution facilities)","316","South Hadley",1,TRUE,75,"mixed"
"031","Mixed Use (Primarily Commercial, some Residential)","031V","Mixed Use (Primarily Farm Buildings)","31V","South Hadley",1,FALSE,36,"mixed"
"034","Mixed Use (Primarily Commercial, some Industrial)","0342","Mixed Use (Primarily Medical Office Buildings)","342","South Hadley",1,FALSE,46,"mixed"
"030","Mixed Use (Primarily Commercial, Some Other)","0301","Commercial Mixed Use","301","Williamsburg",1,FALSE,20,"mixed"
"074","Mixed Use (Primarily Agriculture, some Industrial)","0741","Mixed use Chapter land, solar and residential","741","Williamsburg",1,FALSE,45,"mixed"
"064","Mixed Use (Primarily Forest, some Industrial)","0643","Mixed use foresty and solar","643","Williamsburg",1,FALSE,27,"mixed"
"064","Mixed Use (Primarily Forest, some Industrial)","0641","Mixed use forestry, solar, residential","641","Williamsburg",1,FALSE,38,"mixed"
"041","Mixed Use (Primarily Industrial, some Residential)","0417","Mixed use industrial, residential and agriculture","417","Williamsburg",1,FALSE,49,"mixed"
"043","Mixed Use (Primarily Industrial, some Commercial)","0436","Mixed use manufacturing/solar, commercial and forestry","436","Williamsburg",1,FALSE,54,"mixed"
"046","Mixed Use (Primarily Industrial, some Forest)","0461","Mixed use manufacturing/solar, forestry and residential","461","Williamsburg",1,FALSE,55,"mixed"
"043","Mixed Use (Primarily Industrial, some Commercial)","0431","Mixed use with Industrial as prevalent use","431","South Hadley",1,FALSE,42,"mixed"
"036","Mixed Use (Primarily Commercial, some Forest)","0362","IMPUTED - Mixed Use (Primarily Commerical, Residential, and Open Space)","362","South Hadley",1,FALSE,71,"mixed"
"013","Mixed Use (Primarily Residential, Some Commercial)","0131","Predominately Residential / Commercial Split Use","131","Holland",1,FALSE,48,"mixed"
"038","Mixed Use (Primarily Commercial, some Recreation)","0389","IMPUTED - Structures on land classified under Chapter 61B (Recreational Land)","389","Holland",1,FALSE,77,"mixed"
"013","Mixed Use (Primarily Residential, Some Commercial)","0134","MIXED USE RES R","134","Sutton",1,FALSE,15,"mixed"
"013","Mixed Use (Primarily Residential, Some Commercial)","0135","MIXED USE RES C","135","Sutton",1,FALSE,15,"mixed"
"031","Mixed Use (Primarily Commercial, some Residential)","0311","Bottled Gas and Propane Gas Tanks","311","Oak Bluffs",1,FALSE,33,"mixed"
"018","Mixed Use (Primarily Residential, Some Recreation)","0187","IMPUTED - Mixed Use (Primarily Residential, Some Recreational, Some Agricultural)","187","Leyden",1,FALSE,81,"mixed"
"038","Mixed Use (Primarily Commercial, some Recreation)","0386","Mixed Use (Primarily Residential, Some Recreational, Some Agricultural)","386","Leyden",1,FALSE,71,"mixed"
"016","Mixed Use (Primarily Residential, Some Forest)","0167","IMPUTED - Mixed Use (Primarily Residential, some Forest, some Agriculture)","167","Williamstown",1,FALSE,74,"mixed"
"017","Mixed Use (Primarily Residential, Some Agriculture)","0176","IMPUTED - Mixed Use (Primarily Residential, some Agriculture, some Forest)","176","Williamstown",1,FALSE,74,"mixed"
"018","Mixed Use (Primarily Residential, Some Recreation)","0186","IMPUTED - Mixed Use (Primarily Residential, some Recreation, some Forest)","186","Williamstown",1,FALSE,73,"mixed"
"018","Mixed Use (Primarily Residential, Some Recreation)","0187","IMPUTED - Mixed Use (Primarily Residential, some Recreation, some Agriculture)","187","Williamstown",1,FALSE,78,"mixed"
"037","Mixed Use (Primarily Commercial, some Agriculture)","0376","IMPUTED - Mixed Use (Primarily Commercial, some Agriculture, some Forest)","376","Williamstown",1,FALSE,73,"mixed"
"038","Mixed Use (Primarily Commercial, some Recreation)","0386","IMPUTED - Mixed Use (Primarily Commercial, some Recreation, some Forest)","386","Williamstown",1,FALSE,72,"mixed"
"018","Mixed Use (Primarily Residential, Some Recreation)","0187","Mixed use Residential, Chapter 61B, and Chapter 61A","187","Hopkinton",1,FALSE,51,"mixed"
"031","Mixed Use (Primarily Commercial, some Residential)","0316","Mixed use Fish & Game Club and Chapter 61A","316","Hopkinton",1,FALSE,42,"mixed"
"034","Mixed Use (Primarily Commercial, some Industrial)","0347","Mixed use Farm Building, Chapter 61A and Relay Tower","347","Hopkinton",1,FALSE,52,"mixed"
"038","Mixed Use (Primarily Commercial, some Recreation)","0384","Mixed use Golf Course, Chapter 61B and Relay Tower","384","Hopkinton",1,FALSE,50,"mixed"
"013","Mixed Use (Primarily Residential, Some Commercial)","0137","IMPUTED - Mixed Use (Primarily Residential, Some Commercial, Some Agricultural)","137","Hopkinton",1,FALSE,79,"mixed"
"037","Mixed Use (Primarily Commercial, some Agriculture)","0374","IMPUTED - Mixed Use (Primarily Commercial, Some Agricultural, Some Industrial)","374","Hopkinton",1,FALSE,78,"mixed"
"063","Mixed Use (Primarily Forest, some Commercial)","0631","IMPUTED - Mixed Use (Primarily Forestry, Some Commercial, Some Residential)","631","Hopkinton",1,FALSE,75,"mixed"
"031","Mixed Use (Primarily Commercial, some Residential)","0316","MULTI USE / STORAGE / WAREHOUSE","316","Millbury",1,FALSE,31,"mixed"
"034","Mixed Use (Primarily Commercial, some Industrial)","0342","IMPUTED - Mixed Use, Primarily Commercial","342","Wilmington",1,FALSE,41,"mixed"
"040","Mixed Use (Primarily Industrial, Some Other)","0402","IMPUTED - Mixed Use, Primarily Commercial","402","Wilmington",1,FALSE,41,"mixed"
"013","Mixed Use (Primarily Residential, Some Commercial)","0137","Mixed Use Property (Single Family Home and in Chapter 61A)","137","Charlton",1,FALSE,58,"mixed"
"016","Mixed Use (Primarily Residential, Some Forest)","0167","Mixed Use Property (Single Family Home, a portion in forestry plan and a portion in Chapter 61A)","167","Charlton",1,FALSE,96,"mixed"
"017","Mixed Use (Primarily Residential, Some Agriculture)","0173","Mixed Use Property (Single Family Home and the rest in 2 different types of Chapter)","173","Charlton",1,FALSE,84,"mixed"
"017","Mixed Use (Primarily Residential, Some Agriculture)","0176","Mixed Use Property (Out Building, a portion in 61A and a portion in forestry plan)","176","Charlton",1,FALSE,82,"mixed"
"031","Mixed Use (Primarily Commercial, some Residential)","0314","Mixed Use Property (Store with Relay Tower in property)","314","Charlton",1,FALSE,55,"mixed"
"036","Mixed Use (Primarily Commercial, some Forest)","0367","Mixed Use Property (many different Out Buildings, forestry plan and Chapter 61A)","367","Charlton",1,FALSE,80,"mixed"
"034","Mixed Use (Primarily Commercial, some Industrial)","0341","Mixed use commercial industrial and residential","341","Charlton",1,FALSE,47,"mixed"
"034","Mixed Use (Primarily Commercial, some Industrial)","0347","Mixed use commercial, industrial and Chapter 61A","347","Charlton",1,FALSE,48,"mixed"
"037","Mixed Use (Primarily Commercial, some Agriculture)","0376","Mixed use commercial, Chapter 61A and Chapter 61","376","Charlton",1,FALSE,48,"mixed"
"041","Mixed Use (Primarily Industrial, some Residential)","0417","Mixed use industrial, residential and Chapter 61A","417","Charlton",1,FALSE,49,"mixed"
"047","Mixed Use (Primarily Industrial, some Agriculture)","0471","Mixed use industrial, Chapter 61A and residential","471","Charlton",1,FALSE,49,"mixed"
"043","Mixed Use (Primarily Industrial, some Commercial)","0437","Mixed use","437","Charlton",1,FALSE,9,"mixed"
"014","Mixed Use (Primarily Residential, Some Industrial)","0148","Multi-use residential / industrial / Chapter 61B","148","Charlton",1,FALSE,48,"mixed"
"018","Mixed Use (Primarily Residential, Some Recreation)","0187","Mixed Use Property (Single Family Home and the rest in 2 different types of Chapter)","187","Charlton",1,FALSE,84,"mixed"
"013","Mixed Use (Primarily Residential, Some Commercial)","0136","Mixed Use (Primarily Residential, Some Commercial, Some Forest)","136","Windsor",1,FALSE,63,"mixed"
"016","Mixed Use (Primarily Residential, Some Forest)","0168","Mixed Use (Primarily Residential, Some Forest, Some Recreational)","168","Windsor",1,FALSE,65,"mixed"
"019","Mixed Use (Primarily Residential, Some Exempt)","0198","MXD CNDO-RES-PKG","198","Cambridge",1,FALSE,16,"mixed"
"019","Mixed Use (Primarily Residential, Some Exempt)","0199","MXD CONDO-BLDG","199","Cambridge",1,FALSE,14,"mixed"
"030","Mixed Use (Primarily Commercial, Some Other)","0302","MXD INN-RESORT","302","Cambridge",1,FALSE,14,"mixed"
"030","Mixed Use (Primarily Commercial, Some Other)","0304","MXD NURSING-HOME","304","Cambridge",1,FALSE,16,"mixed"
"031","Mixed Use (Primarily Commercial, some Residential)","0316","MXD WAREHOUSE","316","Cambridge",1,FALSE,13,"mixed"
"031","Mixed Use (Primarily Commercial, some Residential)","0318","MXD COM-GREENHSE","318","Cambridge",1,FALSE,16,"mixed"
"034","Mixed Use (Primarily Commercial, some Industrial)","0341","MXD BANK","341","Cambridge",1,FALSE,8,"mixed"
"034","Mixed Use (Primarily Commercial, some Industrial)","0342","MXD MEDICAL-OFFC","342","Cambridge",1,FALSE,16,"mixed"
"034","Mixed Use (Primarily Commercial, some Industrial)","0343","MXD OFFICE-CONDO","343","Cambridge",1,FALSE,16,"mixed"
"034","Mixed Use (Primarily Commercial, some Industrial)","0345","MXD RETAIL-OFFIC","345","Cambridge",1,FALSE,16,"mixed"
"034","Mixed Use (Primarily Commercial, some Industrial)","0346","MXD INV-OFFICE","346","Cambridge",1,FALSE,14,"mixed"
"036","Mixed Use (Primarily Commercial, some Forest)","0362","MXD THEATRE","362","Cambridge",1,FALSE,11,"mixed"
"037","Mixed Use (Primarily Commercial, some Agriculture)","0375","MXD TENNIS-CLUB","375","Cambridge",1,FALSE,15,"mixed"
"040","Mixed Use (Primarily Industrial, Some Other)","0401","MXD WAREHOUSE","401","Cambridge",1,FALSE,13,"mixed"
"040","Mixed Use (Primarily Industrial, Some Other)","0404","MXD RES-&-DEV-FC","404","Cambridge",1,FALSE,16,"mixed"
"040","Mixed Use (Primarily Industrial, Some Other)","0406","MXD HIGH-TECH","406","Cambridge",1,FALSE,13,"mixed"
"040","Mixed Use (Primarily Industrial, Some Other)","0407","MXD CLEAN-MANUF","407","Cambridge",1,FALSE,15,"mixed"
"040","Mixed Use (Primarily Industrial, Some Other)","0409","MXD INDUST-CONDO","409","Cambridge",1,FALSE,16,"mixed"
"041","Mixed Use (Primarily Industrial, some Residential)","0413","MXD","413","Cambridge",1,FALSE,3,"mixed"
"043","Mixed Use (Primarily Industrial, some Commercial)","0439","MXD TELE-EXCH-STA","439","Cambridge",1,FALSE,17,"mixed"
"013","Mixed Use (Primarily Residential, Some Commercial)","0131","VACANT LND - MIXED","131","Ludlow",1,FALSE,18,"mixed"
"013","Mixed Use (Primarily Residential, Some Commercial)","0132","VCT UB LND-MIX","132","Ludlow",1,FALSE,14,"mixed"
"031","Mixed Use (Primarily Commercial, some Residential)","0316","WAREHOUSE-MIXED","316","Ludlow",1,FALSE,15,"mixed"
"038","Mixed Use (Primarily Commercial, some Recreation)","0385","MIXED-COMM-CHPT","385","Ludlow",1,FALSE,15,"mixed"
"071","Mixed Use (Primarily Agriculture, some Residential)","0713","FLD CRP-HAY W-MIX","713","Ludlow",1,FALSE,17,"mixed"
"031","Mixed Use (Primarily Commercial, some Residential)","0317","IMPUTED - MIXED USE (PRIMARILY COMMERCIAL, SOME RESIDENTIUAL, SOME AGRICULTURAL)","317","Otis",1,FALSE,80,"mixed"
"013","Mixed Use (Primarily Residential, Some Commercial)","0134","Mixed Use (Primarily Residential, some Commercial and Industrial)","134","Pepperell",1,FALSE,65,"mixed"
"013","Mixed Use (Primarily Residential, Some Commercial)","0137","Mixed Use (Primarily Residential, some Commercial and Chapter 61A)","137","Pepperell",1,FALSE,66,"mixed"
"016","Mixed Use (Primarily Residential, Some Forest)","0167","Mixed Use (Primarily Residential, some Chapter 61 and 61A)","167","Pepperell",1,FALSE,58,"mixed"
"018","Mixed Use (Primarily Residential, Some Recreation)","0187","Mixed Use (Primarily Residential, some Chapter 61B and 61A)","187","Pepperell",1,FALSE,59,"mixed"
"017","Mixed Use (Primarily Residential, Some Agriculture)","0176","Mixed Use (Primarily Residential, some Forest and some Agriculture)","176","Pepperell",1,FALSE,67,"mixed"
"017","Mixed Use (Primarily Residential, Some Agriculture)","0173","Mixed Use (Primarily Residential, some Agriculture, some Commercial)","173","Pepperell",1,FALSE,68,"mixed"
"016","Mixed Use (Primarily Residential, Some Forest)","0167","Mixed use residential; chapter 61 and chapter 61A","167","Dunstable",1,FALSE,49,"mixed"
"018","Mixed Use (Primarily Residential, Some Recreation)","0187","IMPUTED - Mixed Use Primarily Residential, Some Agricultural, Some Recreational","187","Montgomery",1,FALSE,79,"mixed"
"016","Mixed Use (Primarily Residential, Some Forest)","0167","Mixed Use, Chapter 61, Chapter 61A","167","Brookfield",1,FALSE,34,"mixed"
"017","Mixed Use (Primarily Residential, Some Agriculture)","0176","Mixed Use, Chapter 61A, Chapter 61","176","Brookfield",1,FALSE,34,"mixed"
"041","Mixed Use (Primarily Industrial, some Residential)","0417","Mixed Use, Industrial, Residential, Chapter 61A","417","Brookfield",1,FALSE,47,"mixed"
"013","Mixed Use (Primarily Residential, Some Commercial)","013C","Mixed Use (Primarily Residential, some Commercial)","13C","Oxford",1,FALSE,50,"mixed"
"016","Mixed Use (Primarily Residential, Some Forest)","016R","Mixed Use (Primarily Residential, some Forest)","16R","Oxford",1,FALSE,46,"mixed"
"017","Mixed Use (Primarily Residential, Some Agriculture)","017R","Mixed Use (Primarily Residential, some Agriculture)","17R","Oxford",1,FALSE,51,"mixed"
"017","Mixed Use (Primarily Residential, Some Agriculture)","017V","Mixed Use (Primarily Residential, some Agriculture)","17V","Oxford",1,FALSE,51,"mixed"
"018","Mixed Use (Primarily Residential, Some Recreation)","018R","Mixed Use (Primarily Residential, some Recreation)","18R","Oxford",1,FALSE,50,"mixed"
"031","Mixed Use (Primarily Commercial, some Residential)","031R","Mixed Use (Primarily Commercial, some Residential)","31R","Oxford",1,FALSE,50,"mixed"
"013","Mixed Use (Primarily Residential, Some Commercial)","0131","Mixed Use (Primarily Potentially Developable Land)","131","Dartmouth",1,FALSE,50,"mixed"
"013","Mixed Use (Primarily Residential, Some Commercial)","0132","Mixed Use (Primarily Undevelopable Land)","132","Dartmouth",1,FALSE,40,"mixed"
"031","Mixed Use (Primarily Commercial, some Residential)","0316","Mixed Use (Primarily Warehouse and Distribution)","316","Dartmouth",1,FALSE,48,"mixed"
"034","Mixed Use (Primarily Commercial, some Industrial)","0342","Mixed Use (Primarily Medical Office Building)","342","Dartmouth",1,FALSE,45,"mixed"
"037","Mixed Use (Primarily Commercial, some Agriculture)","0377","Mixed Use (Primarily Indoor Recreational Facilities)","377","Dartmouth",1,FALSE,52,"mixed"
"038","Mixed Use (Primarily Commercial, some Recreation)","0384","Mixed Use (Primarily Marinas)","384","Dartmouth",1,FALSE,29,"mixed"
"071","Mixed Use (Primarily Agriculture, some Residential)","0713","Mixed Use (Primarily Field Crops)","713","Dartmouth",1,FALSE,33,"mixed"
"067","Mixed Use (Primarily Forest, some Agriculture)","0671","Mixed Use, Chapter 61, Chapter 61A, Residential","671","Brookfield",1,FALSE,47,"mixed"
"068","Mixed Use (Primarily Forest, some Recreation)","0681","Mixed Use, Chapter 61, Chapter 61B, Residential","681","Brookfield",1,FALSE,47,"mixed"
"013","Mixed Use (Primarily Residential, Some Commercial)","0136","MIxed Use, Primarily Residential, Some Commercial, Some Forestry","136","Peru",1,FALSE,64,"mixed"
"017","Mixed Use (Primarily Residential, Some Agriculture)","017C","Mixed Use (Chapter Lands, Some Commercial)","17C","Oxford",1,FALSE,42,"mixed"
"071","Mixed Use (Primarily Agriculture, some Residential)","0712","Mixed Use (Chapter Lands, Residentiall)","712","Oxford",1,FALSE,39,"mixed"
"071","Mixed Use (Primarily Agriculture, some Residential)","0713","Mixed Use (Chapter Lands, Residential)","713","Oxford",1,FALSE,38,"mixed"
"071","Mixed Use (Primarily Agriculture, some Residential)","0717","Mixed Use (Chapter Lands, Residential)","717","Oxford",1,FALSE,38,"mixed"
"071","Mixed Use (Primarily Agriculture, some Residential)","0718","Mixed Use (Chapter Lands, Residential)","718","Oxford",1,FALSE,38,"mixed"
"016","Mixed Use (Primarily Residential, Some Forest)","016V","IMPUTED - Mixed Use Vacant Land, Some Residential, Some Forest","16V","Oxford",1,FALSE,62,"mixed"
"071","Mixed Use (Primarily Agriculture, some Residential)","0712","mixed use agricultural","712","Dartmouth",1,FALSE,22,"mixed"
"071","Mixed Use (Primarily Agriculture, some Residential)","0716","Mixed Use - necessary","716","Dartmouth",1,FALSE,21,"mixed"
"071","Mixed Use (Primarily Agriculture, some Residential)","0717","Mixed Use - product wood","717","Dartmouth",1,FALSE,24,"mixed"
"071","Mixed Use (Primarily Agriculture, some Residential)","0718","Mixed Use - pasture","718","Dartmouth",1,FALSE,19,"mixed"
"071","Mixed Use (Primarily Agriculture, some Residential)","0719","Mixed Use - nurseries","719","Dartmouth",1,FALSE,21,"mixed"
"031","Mixed Use (Primarily Commercial, some Residential)","031Z","Mixed Use - commercial","31Z","Dartmouth",1,FALSE,22,"mixed"
"013","Mixed Use (Primarily Residential, Some Commercial)","0137","Mixed Use (Primarily Residential some Commercial, Agriculture)","137","Plymouth",1,FALSE,62,"mixed"
"013","Mixed Use (Primarily Residential, Some Commercial)","0137","Mixed Use (Primarily residential, some commercial, some Chapter 61A agricultural)","137","Acushnet",1,FALSE,81,"mixed"
"017","Mixed Use (Primarily Residential, Some Agriculture)","0173","Mixed Use (Primarily residential, some Chapter 61A agricultural, some commercial)","173","Acushnet",1,FALSE,81,"mixed"
"014","Mixed Use (Primarily Residential, Some Industrial)","0147","IMPUTED - Mixed Use (Primarily Residential, some Industrial, some Chapter 61A agricultural)","147","Acushnet",1,FALSE,91,"mixed"
"031","Mixed Use (Primarily Commercial, some Residential)","0316","IMPUTED - Mixed Use, Primarily Commercial","316","Orange",1,FALSE,41,"mixed"
"013","Mixed Use (Primarily Residential, Some Commercial)","0138","Mixed Use (Primarily Residential some Commercial, Recreation)","138","Plymouth",1,FALSE,61,"mixed"
"016","Mixed Use (Primarily Residential, Some Forest)","0167","Mixed Use (Primarily Residential some Forestry, Agriculture)","167","Plymouth",1,FALSE,60,"mixed"
"017","Mixed Use (Primarily Residential, Some Agriculture)","0176","Mixed Use (Primarily Residential some Agriculture, Forestry)","176","Plymouth",1,FALSE,60,"mixed"
"018","Mixed Use (Primarily Residential, Some Recreation)","0183","Mixed Use (Primarily Residential some Recreation, Commercial)","183","Plymouth",1,FALSE,61,"mixed"
"018","Mixed Use (Primarily Residential, Some Recreation)","0187","Mixed Use (Primarily Residential some Recreation, Agriculture)","187","Plymouth",1,FALSE,62,"mixed"
"076","Mixed Use (Primarily Agriculture, some Forest)","0761","Mixed Use (Primarily Agriculture some Forestry, Residential)","761","Plymouth",1,FALSE,60,"mixed"
"076","Mixed Use (Primarily Agriculture, some Forest)","0763","Mixed Use (Primarily Agriculture some Forestry, Commercial)","763","Plymouth",1,FALSE,59,"mixed"
"067","Mixed Use (Primarily Forest, some Agriculture)","0671","Mixed Use (Primarily Forestry, some Agriculture, Residential)","671","Plymouth",1,FALSE,61,"mixed"
"038","Mixed Use (Primarily Commercial, some Recreation)","0386","Mixed Use (Primarily Commercial some Recreation, Forestry)","386","Plymouth",1,FALSE,58,"mixed"
"071","Mixed Use (Primarily Agriculture, some Residential)","0716","Mixed Use (Primarily Agriculture some Residential, Forestry)","716","Plymouth",1,FALSE,60,"mixed"
"017","Mixed Use (Primarily Residential, Some Agriculture)","0173","Mixed Use (Primarily Residential, some Agriculture, Commercial)","173","Plymouth",1,FALSE,63,"mixed"
"073","Mixed Use (Primarily Agriculture, some Commercial)","0731","Mixed Use (Primarily Agriculture, some Commercial, Residential)","731","Plymouth",1,FALSE,63,"mixed"
"031","Mixed Use (Primarily Commercial, some Residential)","0318","Mixed Use (Primarily Commercial, some Residential, Recreation)","318","Plymouth",1,FALSE,62,"mixed"
"037","Mixed Use (Primarily Commercial, some Agriculture)","0376","Mixed Use (Primarily Commercial, some Agriculture, Forestry)","376","Plymouth",1,FALSE,60,"mixed"
"038","Mixed Use (Primarily Commercial, some Recreation)","0381","Mixed Use (Primarily Commercial, some Recreation, Residential)","381","Plymouth",1,FALSE,62,"mixed"
"038","Mixed Use (Primarily Commercial, some Recreation)","0387","Mixed Use (Primarily Commercial, some Recreation, Agriculture)","387","Plymouth",1,FALSE,62,"mixed"
"017","Mixed Use (Primarily Residential, Some Agriculture)","0174","Mixed Use (Primarily Residential some Agriculture, Industrial)","174","Plymouth",1,FALSE,62,"mixed"
"019","Mixed Use (Primarily Residential, Some Exempt)","0193","Mixed Use (Primarily Residential some Exempt, Commercial)","193","Plymouth",1,FALSE,57,"mixed"
"041","Mixed Use (Primarily Industrial, some Residential)","0417","Mixed Use (Primarily Industrial some Residential, Agriculture)","417","Plymouth",1,FALSE,62,"mixed"
"047","Mixed Use (Primarily Industrial, some Agriculture)","0471","Mixed Use (Primarily Industrial some Agriculture, Residential)","471","Plymouth",1,FALSE,62,"mixed"
"048","Mixed Use (Primarily Industrial, some Recreation)","0487","Mixed Use (Primarily Industrial some Recreational, Agriculture)","487","Plymouth",1,FALSE,63,"mixed"
"013","Mixed Use (Primarily Residential, Some Commercial)","0136","Mixed Use (Primarily Residential, some Commercial, Forestry)","136","Plymouth",1,FALSE,60,"mixed"
"014","Mixed Use (Primarily Residential, Some Industrial)","0147","Mixed Use (Primarily Residential, some Industrial, Agiculture)","147","Plymouth",1,FALSE,62,"mixed"
"036","Mixed Use (Primarily Commercial, some Forest)","0367","Mixed Use (Primarily Commercial, some Forestry, Agiculture)","367","Plymouth",1,FALSE,59,"mixed"
"073","Mixed Use (Primarily Agriculture, some Commercial)","0736","Mixed Use (Primarily Agriculture, some Commercial, Forestry)","736","Plymouth",1,FALSE,60,"mixed"
"018","Mixed Use (Primarily Residential, Some Recreation)","0186","Mixed Use (Primarily Residential some Recreation, Forestry)","186","Plymouth",1,FALSE,59,"mixed"
"031","Mixed Use (Primarily Commercial, some Residential)","0316","Mixed Use (Primarily Commercial some Residential, Forestry)","316","Plymouth",1,FALSE,59,"mixed"
"087","Mixed Use (Primarily Recreation, some Agriculture)","0871","Mixed Use (Primarily Recreation, some Agriculture, Residential)","871","Plymouth",1,FALSE,63,"mixed"
"036","Mixed Use (Primarily Commercial, some Forest)","0361","Mixed Use (Primarily Commercial, chapter property, residences)","361","Plymouth",1,FALSE,62,"mixed"
"061","Mixed Use (Primarily Forest, some Residential)","0613","Mixed Use (Primarily Chapter property, residences. commercial)","613","Plymouth",1,FALSE,62,"mixed"
"063","Mixed Use (Primarily Forest, some Commercial)","0638","Mixed Use (Primarily Chapter property, commercial, recreational land)","638","Plymouth",1,FALSE,69,"mixed"
"067","Mixed Use (Primarily Forest, some Agriculture)","0673","Mixed Use (Primarily Chapter property, agricultural-horticultural, commercial)","673","Plymouth",1,FALSE,78,"mixed"
"067","Mixed Use (Primarily Forest, some Agriculture)","0678","Mixed Use (Primarily Chapter property, agricultural-horticultural, recreational land)","678","Plymouth",1,FALSE,85,"mixed"
"071","Mixed Use (Primarily Agriculture, some Residential)","0714","Mixed Use (Primarily Agricultural-horticultural, residences, industrial)","714","Plymouth",1,FALSE,72,"mixed"
"074","Mixed Use (Primarily Agriculture, some Industrial)","0741","Mixed Use (Primarily Agricultural-horticultural, industrial, residences)","741","Plymouth",1,FALSE,72,"mixed"
"087","Mixed Use (Primarily Recreation, some Agriculture)","0874","Mixed Use (Primarily Recreational land, agricultural-horticultural, industrial)","874","Plymouth",1,FALSE,79,"mixed"
"061","Mixed Use (Primarily Forest, some Residential)","0617","Mixed Use (Primarily Chapter property, residences, agricultural-horticultural)","617","Plymouth",1,FALSE,78,"mixed"
"013","Mixed Use (Primarily Residential, Some Commercial)","0134","Mixed Use (Primarily Residential, Some Commercial, Some Industrial)","134","Newton",1,FALSE,67,"mixed"
"013","Mixed Use (Primarily Residential, Some Commercial)","013V","Mixed Use (Primarily Residential, Some Commercial)","13V","Newton",1,FALSE,50,"mixed"
"031","Mixed Use (Primarily Commercial, some Residential)","031R","Mixed Use (Primarily Commercial, Some Residential)","31R","Newton",1,FALSE,50,"mixed"
"013","Mixed Use (Primarily Residential, Some Commercial)","0135","Pri Res/Com","135","East Brookfield",1,FALSE,11,"mixed"
"013","Mixed Use (Primarily Residential, Some Commercial)","0137","Mixed Use (Primarily Residential)","137","Lanesborough",1,FALSE,33,"mixed"
"016","Mixed Use (Primarily Residential, Some Forest)","0167","Mixed Use (Primarily Residential)","167","Lanesborough",1,FALSE,33,"mixed"
"017","Mixed Use (Primarily Residential, Some Agriculture)","0176","Mixed Use (Primarily Residential)","176","Lanesborough",1,FALSE,33,"mixed"
"017","Mixed Use (Primarily Residential, Some Agriculture)","0178","Mixed Use (Primarily Residential)","178","Lanesborough",1,FALSE,33,"mixed"
"031","Mixed Use (Primarily Commercial, some Residential)","0316","Mixed Use (Primarily Commercial)","316","Lanesborough",1,FALSE,32,"mixed"
"076","Mixed Use (Primarily Agriculture, some Forest)","0761","Mixed Use (Primarily Agricultural)","761","Lanesborough",1,FALSE,34,"mixed"
"031","Mixed Use (Primarily Commercial, some Residential)","0318","Mixed Use - commercial, recreation property (61B)","318","Lanesborough",1,FALSE,49,"mixed"
"013","Mixed Use (Primarily Residential, Some Commercial)","0136","IMPUTED - Mixed Use - Residential, Commercial, Forestry","136","Lanesborough",1,FALSE,55,"mixed"
"031","Mixed Use (Primarily Commercial, some Residential)","0316","Other Storage, Warehouse, and Distribution facilities (see also usecode 401)","316","Acton",1,TRUE,76,"mixed"
"013","Mixed Use (Primarily Residential, Some Commercial)","0138","Mixed use, primarily residential, secondary commercial and classified recreational use","138","Dover",1,FALSE,86,"mixed"
"017","Mixed Use (Primarily Residential, Some Agriculture)","0179","Mixed use, primarily residential, with classified agricultural/horticultural use and an exempt windmill","179","Dover",1,FALSE,103,"mixed"
"019","Mixed Use (Primarily Residential, Some Exempt)","0197","Trustees of Reservations land that is managed under an agricultural restriction, Oranization exempt, but taxable residence on property","197","Dover",1,FALSE,134,"mixed"
"017","Mixed Use (Primarily Residential, Some Agriculture)","0176","mixed use parcel-residential-chapter 61-chapter 61A","176","Dover",1,FALSE,51,"mixed"
"018","Mixed Use (Primarily Residential, Some Recreation)","0183","IMPUTED - Mixed Use (Primarily Residential, Some Recreational, Some Commercial)","183","Dover",1,FALSE,79,"mixed"
"013","Mixed Use (Primarily Residential, Some Commercial)","0134","Mixed use - primary 134","134","Leominster",1,FALSE,23,"mixed"
"031","Mixed Use (Primarily Commercial, some Residential)","0316","Mixed use - primary 316","316","Leominster",1,FALSE,23,"mixed"
"031","Mixed Use (Primarily Commercial, some Residential)","0318","Mixed use - primary 318","318","Leominster",1,FALSE,23,"mixed"
"034","Mixed Use (Primarily Commercial, some Industrial)","034R","Mixed use - primary 34R office residential","34R","Leominster",1,FALSE,42,"mixed"
"013","Mixed Use (Primarily Residential, Some Commercial)","0131","Mixed Use R/C C","131","Leominster",1,FALSE,15,"mixed"
"031","Mixed Use (Primarily Commercial, some Residential)","0311","Mixed Use C/R R","311","Leominster",1,FALSE,15,"mixed"
"016","Mixed Use (Primarily Residential, Some Forest)","0161","Mixed Use R/600 V","161","Leominster",1,FALSE,17,"mixed"
"017","Mixed Use (Primarily Residential, Some Agriculture)","0171","Mixed Use R/700 V","171","Leominster",1,FALSE,17,"mixed"
"037","Mixed Use (Primarily Commercial, some Agriculture)","0371","MIXED USE C/700 C","371","Leominster",1,FALSE,17,"mixed"
"038","Mixed Use (Primarily Commercial, some Recreation)","0381","MIXED USE C/800 C","381","Leominster",1,FALSE,17,"mixed"
"046","Mixed Use (Primarily Industrial, some Forest)","0461","mixed use I/600 V  industrial 600 vacant","461","Leominster",1,FALSE,40,"mixed"
"013","Mixed Use (Primarily Residential, Some Commercial)","0134","Predom Res R","134","Westminster",1,FALSE,12,"mixed"
"013","Mixed Use (Primarily Residential, Some Commercial)","0135","Predom Res C","135","Westminster",1,FALSE,12,"mixed"
"038","Mixed Use (Primarily Commercial, some Recreation)","0381","Predom Comm/800 V","381","Westminster",1,FALSE,17,"mixed"
"013","Mixed Use (Primarily Residential, Some Commercial)","013C","mixed use primary residential","13C","Randolph",1,FALSE,29,"mixed"
"013","Mixed Use (Primarily Residential, Some Commercial)","013V","Primary Vacant","13V","Randolph",1,FALSE,14,"mixed"
"016","Mixed Use (Primarily Residential, Some Forest)","0167","IMPUTED - Mixed Use Chapter Lands, Primarily Residential, Some Forestry, Some Agriculture","167","Monterey",1,FALSE,89,"mixed"
"013","Mixed Use (Primarily Residential, Some Commercial)","0137","IMPUTED - Mixed Use Primarily Residential, Some Commercial, Some Agriculture","137","Monterey",1,FALSE,76,"mixed"
"017","Mixed Use (Primarily Residential, Some Agriculture)","0176","IMPUTED - Mixed Use Primarily Residential, Some Agriculture, Some Forest","176","Monterey",1,FALSE,72,"mixed"
"013","Mixed Use (Primarily Residential, Some Commercial)","013C","PRI RES MDL-94 R","13C","Chelmsford",1,FALSE,16,"mixed"
"031","Mixed Use (Primarily Commercial, some Residential)","031R","PRI COMM MDL-0 C","31R","Chelmsford",1,FALSE,16,"mixed"
"031","Mixed Use (Primarily Commercial, some Residential)","031V","PRI COMM MDL-0 C","31V","Chelmsford",1,FALSE,16,"mixed"
"013","Mixed Use (Primarily Residential, Some Commercial)","0134","PRI RS C/I","134","Chelmsford",1,FALSE,10,"mixed"
"013","Mixed Use (Primarily Residential, Some Commercial)","013C","Mixed use, Residential and Commercial","13C","Stow",1,FALSE,37,"mixed"
"016","Mixed Use (Primarily Residential, Some Forest)","016R","Mixed use, Residential and Chapter 61","16R","Stow",1,FALSE,37,"mixed"
"031","Mixed Use (Primarily Commercial, some Residential)","031R","Mixed use, Commercial and Residential","31R","Stow",1,FALSE,37,"mixed"
"037","Mixed Use (Primarily Commercial, some Agriculture)","037C","Mixed use, Commercial and Chapter 61","37C","Stow",1,FALSE,36,"mixed"
"038","Mixed Use (Primarily Commercial, some Recreation)","038V","Mixed use, Commercial and Chapter 61B","38V","Stow",1,FALSE,37,"mixed"
"018","Mixed Use (Primarily Residential, Some Recreation)","018R","Mixed use, Residential - Chapter 61B","18R","Stow",1,FALSE,36,"mixed"
"071","Mixed Use (Primarily Agriculture, some Residential)","0712","Mixed use, Chapter 61A - Residential","712","Stow",1,FALSE,36,"mixed"
"071","Mixed Use (Primarily Agriculture, some Residential)","0714","Mixed use, Chapter 61A - Residential","714","Stow",1,FALSE,36,"mixed"
"071","Mixed Use (Primarily Agriculture, some Residential)","0715","Mixed use, Chapter 61A - Residential","715","Stow",1,FALSE,36,"mixed"
"071","Mixed Use (Primarily Agriculture, some Residential)","0716","Mixed use, Chapter 61A - Residential","716","Stow",1,FALSE,36,"mixed"
"071","Mixed Use (Primarily Agriculture, some Residential)","0717","Mixed use, Chapter 61A - Residential","717","Stow",1,FALSE,36,"mixed"
"071","Mixed Use (Primarily Agriculture, some Residential)","0718","Mixed use, Chapter 61A - Residential","718","Stow",1,FALSE,36,"mixed"
"017","Mixed Use (Primarily Residential, Some Agriculture)","017R","IMPUTED - Mixed Use (Primarily Residential, Some Agricultural)","17R","Stow",1,FALSE,62,"mixed"
"071","Mixed Use (Primarily Agriculture, some Residential)","0716","MIXED USE-PRIMARY TILL FORAG","716","Attleboro",1,FALSE,28,"mixed"
"071","Mixed Use (Primarily Agriculture, some Residential)","0717","MIXED USE-PRIMARY PROD WOOD","717","Attleboro",1,FALSE,27,"mixed"
"013","Mixed Use (Primarily Residential, Some Commercial)","0134","IMPUTED - Mixed Use (Primarily Residential, Some Commercial, Some Industrial)","134","Attleboro",1,FALSE,77,"mixed"
"043","Mixed Use (Primarily Industrial, some Commercial)","0431","IMPUTED - Mixed Use (Primarily Industrial, Some Commercial, Some Residential)","431","Attleboro",1,FALSE,77,"mixed"
"013","Mixed Use (Primarily Residential, Some Commercial)","0132","IMPUTED - MIXED USE (PRIMARILY RESIDENTIAL)","132","Sharon",1,FALSE,43,"mixed"
"013","Mixed Use (Primarily Residential, Some Commercial)","013C","Mixed Use Primarily Residential Model 94","13C","Woburn",1,FALSE,40,"mixed"
"031","Mixed Use (Primarily Commercial, some Residential)","031C","Mixed Use Primarily Commercial Model 94","31C","Woburn",1,FALSE,39,"mixed"
"013","Mixed Use (Primarily Residential, Some Commercial)","013V","Mixed Use, Primarily Commercial (Legacy Code that can't be changed.)","13V","Woburn",1,FALSE,68,"mixed"
"031","Mixed Use (Primarily Commercial, some Residential)","031V","Mixed Use, Primarily Commercial (Legacy Code that can't be changed.)","31V","Woburn",1,FALSE,68,"mixed"
"031","Mixed Use (Primarily Commercial, some Residential)","031I","MU COM MDL MDL96","31I","Avon",1,FALSE,16,"mixed"
"031","Mixed Use (Primarily Commercial, some Residential)","031R","MU COM MDL01","31R","Avon",1,FALSE,12,"mixed"
"031","Mixed Use (Primarily Commercial, some Residential)","0316","Mixed Use Mostly Commercial","316","Avon",1,FALSE,27,"mixed"
"031","Mixed Use (Primarily Commercial, some Residential)","031C","PRI COMM MDL 94","31C","Agawam",1,FALSE,15,"mixed"
"031","Mixed Use (Primarily Commercial, some Residential)","031R","MIXED COMM & RES","31R","Agawam",1,FALSE,16,"mixed"
"031","Mixed Use (Primarily Commercial, some Residential)","031V","PRI COMM LAND","31V","Agawam",1,FALSE,13,"mixed"
"071","Mixed Use (Primarily Agriculture, some Residential)","071V","MIXED CH61A VACANT","71V","Agawam",1,FALSE,18,"mixed"
"016","Mixed Use (Primarily Residential, Some Forest)","0167","Primarily residential, some forestry, some agricultural","167","Cheshire",1,FALSE,55,"mixed"
"017","Mixed Use (Primarily Residential, Some Agriculture)","0176","Primarily residential, some agricultural, some forestry","176","Cheshire",1,FALSE,55,"mixed"
"017","Mixed Use (Primarily Residential, Some Agriculture)","0173","mixed use chapter 61A commercial","173","Cheshire",1,FALSE,32,"mixed"
"017","Mixed Use (Primarily Residential, Some Agriculture)","0174","mixed use chapter 61A industrial","174","Cheshire",1,FALSE,32,"mixed"
"013","Mixed Use (Primarily Residential, Some Commercial)","0137","mixed use that includes residential, commercial and chapter 61A","137","Cheshire",1,FALSE,63,"mixed"
"014","Mixed Use (Primarily Residential, Some Industrial)","0147","mixed used that includes residential, industrial and chapter 61A","147","Cheshire",1,FALSE,64,"mixed"
"041","Mixed Use (Primarily Industrial, some Residential)","0417","Mixed Use, Primarily Industrial, Some Residential, Some Agricultural","417","Cheshire",1,FALSE,68,"mixed"
"013","Mixed Use (Primarily Residential, Some Commercial)","013V","Mixed Use (Primarily Residential, some Commercial)","13V","Barnstable",1,FALSE,50,"mixed"
"014","Mixed Use (Primarily Residential, Some Industrial)","0143","Mixed Use (Primarily Residential, some Industrial, some Commercial)","143","Wendell",1,FALSE,67,"mixed"
"016","Mixed Use (Primarily Residential, Some Forest)","0167","Mixed Use (Primarily Residential, some Forest, some Agriculture)","167","Wendell",1,FALSE,64,"mixed"
"017","Mixed Use (Primarily Residential, Some Agriculture)","0176","Mixed Use, Primarily Residential, Secondary Ch61A, Tertiary Ch61","176","Wendell",1,FALSE,64,"mixed"
"061","Mixed Use (Primarily Forest, some Residential)","0617","IMPUTED - Mixed Use (Primarily Forest, Some Residential, Some Agricultural)","617","Wendell",1,FALSE,75,"mixed"
"013","Mixed Use (Primarily Residential, Some Commercial)","0134","PRI RS C/I","134","Barnstable",1,FALSE,10,"mixed"
"013","Mixed Use (Primarily Residential, Some Commercial)","0132","Mixed Residential/Commercial on water","132","Rutland",1,FALSE,37,"mixed"
"071","Mixed Use (Primarily Agriculture, some Residential)","0718","Mixed use Ch61A Pasture land","718","Rutland",1,FALSE,28,"mixed"
"031","Mixed Use (Primarily Commercial, some Residential)","0311","mMxed use predominately commercial/residential vacant","311","Rutland",1,FALSE,53,"mixed"
"071","Mixed Use (Primarily Agriculture, some Residential)","0712","Mixed Use, Primarily Truck Crops - vegetables (Ch. 61A, not classified as Open Space)","712","Rutland",1,FALSE,85,"mixed"
"071","Mixed Use (Primarily Agriculture, some Residential)","0717","Mixed Use, Primarily Productive Woodland (Ch. 61A, not classified as Open Space, with a Forest Management Plan)","717","Rutland",1,FALSE,111,"mixed"
"031","Mixed Use (Primarily Commercial, some Residential)","031S","MU STORE","31S","Barnstable",1,FALSE,8,"mixed"
"013","Mixed Use (Primarily Residential, Some Commercial)","013S","MU STORE","13S","Barnstable",1,FALSE,8,"mixed"
"031","Mixed Use (Primarily Commercial, some Residential)","031J","MU JOB SHOP(S)","31J","Barnstable",1,FALSE,14,"mixed"
"013","Mixed Use (Primarily Residential, Some Commercial)","013X","MU OFFICE","13X","Barnstable",1,FALSE,9,"mixed"
"031","Mixed Use (Primarily Commercial, some Residential)","031Z","MU GOLF","31Z","Barnstable",1,FALSE,7,"mixed"
"031","Mixed Use (Primarily Commercial, some Residential)","031A","MU APTS","31A","Barnstable",1,FALSE,7,"mixed"
"031","Mixed Use (Primarily Commercial, some Residential)","031M","MU RET/OFFC","31M","Barnstable",1,FALSE,11,"mixed"
"013","Mixed Use (Primarily Residential, Some Commercial)","0136","MU MARINA RES","136","Barnstable",1,FALSE,13,"mixed"
"031","Mixed Use (Primarily Commercial, some Residential)","031G","MU GARAGE","31G","Barnstable",1,FALSE,9,"mixed"
"013","Mixed Use (Primarily Residential, Some Commercial)","013M","MU RET/OFFC","13M","Barnstable",1,FALSE,11,"mixed"
"031","Mixed Use (Primarily Commercial, some Residential)","031P","MU PROF OFFC","31P","Barnstable",1,FALSE,12,"mixed"
"031","Mixed Use (Primarily Commercial, some Residential)","031R","MU RESTAURANT","31R","Barnstable",1,FALSE,13,"mixed"
"013","Mixed Use (Primarily Residential, Some Commercial)","013R","MU RESTAURANT","13R","Barnstable",1,FALSE,13,"mixed"
"031","Mixed Use (Primarily Commercial, some Residential)","031X","MU OFFICE","31X","Barnstable",1,FALSE,9,"mixed"
"031","Mixed Use (Primarily Commercial, some Residential)","031D","MU DAYCARE","31D","Barnstable",1,FALSE,10,"mixed"
"013","Mixed Use (Primarily Residential, Some Commercial)","0135","MU DOCKYARD RS","135","Barnstable",1,FALSE,14,"mixed"
"013","Mixed Use (Primarily Residential, Some Commercial)","013P","MU PROF OFFC","13P","Barnstable",1,FALSE,12,"mixed"
"013","Mixed Use (Primarily Residential, Some Commercial)","013C","PRI RES MDL-94","13C","Boylston",1,FALSE,14,"mixed"
"013","Mixed Use (Primarily Residential, Some Commercial)","013C","RES MIX M94","13C","Southbridge",1,FALSE,11,"mixed"
"013","Mixed Use (Primarily Residential, Some Commercial)","013M","RES MIX M03","13M","Southbridge",1,FALSE,11,"mixed"
"031","Mixed Use (Primarily Commercial, some Residential)","031R","MIX RES TYP","31R","Southbridge",1,FALSE,11,"mixed"
"013","Mixed Use (Primarily Residential, Some Commercial)","013V","Mixuse Residential - Vacant","13V","Southbridge",1,FALSE,27,"mixed"
"031","Mixed Use (Primarily Commercial, some Residential)","031V","Mixuse commencial - Vacant","31V","Southbridge",1,FALSE,26,"mixed"
"081","Mixed Use (Primarily Recreation, some Residential)","0814","IMPUTED - Mixed Use (Primarily Recreation, some Residential, some Industrial)","814","Boylston",1,FALSE,77,"mixed"
"071","Mixed Use (Primarily Agriculture, some Residential)","0713","IMPUTED - Mixed Use, Primarily Agricultural","713","Boylston",1,FALSE,43,"mixed"
"071","Mixed Use (Primarily Agriculture, some Residential)","0719","IMPUTED - Mixed Use, Primarily Agricultural","719","Boylston",1,FALSE,43,"mixed"
"013","Mixed Use (Primarily Residential, Some Commercial)","0137","Mixed Use (Primarily Residential, some Commercial, some Agriculture)","137","Billerica",1,FALSE,68,"mixed"
"071","Mixed Use (Primarily Agriculture, some Residential)","0719","IMPUTED - Mixed Use Primarily Residential, Some Productive Land","719","Granby",1,FALSE,63,"mixed"
"037","Mixed Use (Primarily Commercial, some Agriculture)","0371","IMPUTED - Mixed Use (Primarily Commercial, Some Agricultural, Some Residential)","371","Sudbury",1,FALSE,79,"mixed"
"013","Mixed Use (Primarily Residential, Some Commercial)","013C","PRI RES MDL-94","13C","Quincy",1,FALSE,14,"mixed"
"031","Mixed Use (Primarily Commercial, some Residential)","031I","Mixed Use (Primarily Commerical)","31I","Edgartown",1,FALSE,32,"mixed"
"034","Mixed Use (Primarily Commercial, some Industrial)","0342","Mixed Use (Primarily Commerical)","342","Edgartown",1,FALSE,32,"mixed"
"037","Mixed Use (Primarily Commercial, some Agriculture)","0375","Mixed Use (Primarily Commerical)","375","Edgartown",1,FALSE,32,"mixed"
"071","Mixed Use (Primarily Agriculture, some Residential)","0713","Mixed Use (Primarily Agricultural)","713","Edgartown",1,FALSE,34,"mixed"
"071","Mixed Use (Primarily Agriculture, some Residential)","0718","Mixed Use (Primarily Agricultural)","718","Edgartown",1,FALSE,34,"mixed"
"031","Mixed Use (Primarily Commercial, some Residential)","031A","Mixed use - commercial portion of condo unit","31A","Edgartown",1,FALSE,44,"mixed"
"031","Mixed Use (Primarily Commercial, some Residential)","031R","Mixed use - commercial portion of a building (residential type construction)/property","31R","Edgartown",1,FALSE,85,"mixed"
"071","Mixed Use (Primarily Agriculture, some Residential)","0719","Mixed use - agricultural portion of a property","719","Edgartown",1,FALSE,46,"mixed"
"041","Mixed Use (Primarily Industrial, some Residential)","041R","Pr Ind Res","41R","Lakeville",1,FALSE,10,"mixed"
"031","Mixed Use (Primarily Commercial, some Residential)","031R","Pri Comm","31R","Lakeville",1,FALSE,8,"mixed"
"013","Mixed Use (Primarily Residential, Some Commercial)","013R","Pri Res","13R","Lakeville",1,FALSE,7,"mixed"
"013","Mixed Use (Primarily Residential, Some Commercial)","0137","101. Commercial and Chapter 61A on one property.","137","Warren",1,FALSE,48,"mixed"
"018","Mixed Use (Primarily Residential, Some Recreation)","0186","101. Chapter 61B and Chapter 61 on one property.","186","Warren",1,FALSE,48,"mixed"
"031","Mixed Use (Primarily Commercial, some Residential)","0317","Commercial and Chapter 61A on one property.","317","Warren",1,FALSE,43,"mixed"
"038","Mixed Use (Primarily Commercial, some Recreation)","0386","Commercial and Chapter 61 on one property.","386","Warren",1,FALSE,42,"mixed"
"017","Mixed Use (Primarily Residential, Some Agriculture)","0173","Mixed Use - Single Family, Agricutural , Commercial/Industrial","173","Warren",1,FALSE,62,"mixed"
"017","Mixed Use (Primarily Residential, Some Agriculture)","0174","Mixed Use - Residential/Commercial Solar","174","Warren",1,FALSE,40,"mixed"
"074","Mixed Use (Primarily Agriculture, some Industrial)","0741","Mixed Use - Chapter 61A Commercial Solar","741","Warren",1,FALSE,40,"mixed"
"041","Mixed Use (Primarily Industrial, some Residential)","0417","Combo 717, 452 & 130 (61A, Solar and Land)","417","Warren",1,FALSE,42,"mixed"
"017","Mixed Use (Primarily Residential, Some Agriculture)","0178","IMPUTED - Mixed Use (Primarily Residential, Some Agricultural, Some Recreational)","178","Warren",1,FALSE,81,"mixed"
"037","Mixed Use (Primarily Commercial, some Agriculture)","0371","IMPUTED - Mixed Use (Primarily Comercial, Some Agricultural, Some Residential)","371","Warren",1,FALSE,78,"mixed"
"016","Mixed Use (Primarily Residential, Some Forest)","0168","IMPUTED - Mixed Use (Primarily Residential, Some Forest Land, Some Recreational Land)","168","Warren",1,FALSE,85,"mixed"
"073","Mixed Use (Primarily Agriculture, some Commercial)","0731","IMPUTED - Mixed Use (Primarily Agricultural, Some Commercial, Some Residential)","731","Warren",1,FALSE,79,"mixed"
"013","Mixed Use (Primarily Residential, Some Commercial)","0137","Mixed Use (Primarily Residential, some Commercial, some Agriculture)","137","Dudley",1,FALSE,68,"mixed"
"031","Mixed Use (Primarily Commercial, some Residential)","0317","Mixed use commercial","317","Rochester",1,FALSE,20,"mixed"
"038","Mixed Use (Primarily Commercial, some Recreation)","0387","Mixed use youth camp","387","Rochester",1,FALSE,20,"mixed"
"071","Mixed Use (Primarily Agriculture, some Residential)","0713","Mixed use Chapter","713","Rochester",1,FALSE,17,"mixed"
"071","Mixed Use (Primarily Agriculture, some Residential)","0716","Mixed use Chapter","716","Rochester",1,FALSE,17,"mixed"
"083","Mixed Use (Primarily Recreation, some Commercial)","0831","Mixed use CD61B & commercial & residential","831","Belchertown",1,FALSE,42,"mixed"
"014","Mixed Use (Primarily Residential, Some Industrial)","0147","Mixed Use (Residential, Industrial, Productive Land)","147","Belchertown",1,FALSE,52,"mixed"
"014","Mixed Use (Primarily Residential, Some Industrial)","0148","Mixed Use (Residential, Industrial, Recreation)","148","Belchertown",1,FALSE,47,"mixed"
"083","Mixed Use (Primarily Recreation, some Commercial)","0836","814 Target Shooting, 601 Forest Land, 800 Recreational Land & 389 Structures on Land under 61B Recreational Land","836","Belchertown",1,FALSE,112,"mixed"
"016","Mixed Use (Primarily Residential, Some Forest)","0168","IMPUTED - Mixed Use Primarily Residential, Some Forest, Some Recreational","168","Belchertown",1,FALSE,73,"mixed"
"018","Mixed Use (Primarily Residential, Some Recreation)","0187","IMPUTED - Mixed Use Primarily Residential, Some Recreational, Some Agricultural","187","Belchertown",1,FALSE,79,"mixed"
"038","Mixed Use (Primarily Commercial, some Recreation)","0381","IMPUTED - Mixed Use Primarily Commercial, Some Recreational, Some Residential","381","Belchertown",1,FALSE,77,"mixed"
"041","Mixed Use (Primarily Industrial, some Residential)","0417","IMPUTED - Mixed Use Primarily Industrial, Some Residential, Some Agricultural","417","Belchertown",1,FALSE,77,"mixed"
"048","Mixed Use (Primarily Industrial, some Recreation)","0481","IMPUTED - Mixed Use Primarily Industrial, Some Recreational, Some Residential","481","Belchertown",1,FALSE,77,"mixed"
"063","Mixed Use (Primarily Forest, some Commercial)","0631","IMPUTED - Mixed Use Primarily Forest, Some Commercial, Some Residential","631","Belchertown",1,FALSE,71,"mixed"
"013","Mixed Use (Primarily Residential, Some Commercial)","0138","Mixed use residential & commercial & CH61B","138","Belchertown",1,FALSE,42,"mixed"
"013","Mixed Use (Primarily Residential, Some Commercial)","0134","PRI RS C/I","134","Wilbraham",1,FALSE,10,"mixed"
"071","Mixed Use (Primarily Agriculture, some Residential)","0713","Mixed Use (Primarily Field Crops)","713","Wilbraham",1,FALSE,33,"mixed"
"071","Mixed Use (Primarily Agriculture, some Residential)","0714","Mixed Use (Primarily Orchards)","714","Wilbraham",1,FALSE,30,"mixed"
"071","Mixed Use (Primarily Agriculture, some Residential)","0716","Mixed Use (Primarily Till Forage)","716","Wilbraham",1,FALSE,33,"mixed"
"071","Mixed Use (Primarily Agriculture, some Residential)","0718","Mixed Use (Primarily Pasture)","718","Wilbraham",1,FALSE,29,"mixed"
"071","Mixed Use (Primarily Agriculture, some Residential)","0719","Mixed Use (Primarily Nurseries)","719","Wilbraham",1,FALSE,31,"mixed"
"081","Mixed Use (Primarily Recreation, some Residential)","0814","Mixed Use (Primarily Chapter 61B - Target)","814","Wilbraham",1,FALSE,42,"mixed"
"071","Mixed Use (Primarily Agriculture, some Residential)","0717","Chapterland 61A, mixed use code for ""Productive Woodland""","717","Wilbraham",1,FALSE,57,"mixed"
"071","Mixed Use (Primarily Agriculture, some Residential)","0712","mixed use, Chapter 61A - Harvested crops","712","Wilbraham",1,FALSE,40,"mixed"
"038","Mixed Use (Primarily Commercial, some Recreation)","0385","Fish & Game Club, Split use","385","Rochester",1,FALSE,27,"mixed"
"071","Mixed Use (Primarily Agriculture, some Residential)","0719","Agricultural Nursery, Split use","719","Rochester",1,FALSE,31,"mixed"
"013","Mixed Use (Primarily Residential, Some Commercial)","0137","Multiple Use (Predominantly Residential with Commercial and Agricultural/Horticultural Use)","137","Haverhill",1,FALSE,91,"mixed"
"013","Mixed Use (Primarily Residential, Some Commercial)","0138","Multiple Use (Predominantly Residential with Commercial and Recreational Use)","138","Haverhill",1,FALSE,77,"mixed"
"014","Mixed Use (Primarily Residential, Some Industrial)","0147","Multiple Use (Predominantly Residential with Industrial and Agricultural/Horticultural Use)","147","Haverhill",1,FALSE,91,"mixed"
"031","Mixed Use (Primarily Commercial, some Residential)","0317","Multiple Use (Predominantly Commercial with Residential and Agricultural/Horticultural Use)","317","Haverhill",1,FALSE,91,"mixed"
"043","Mixed Use (Primarily Industrial, some Commercial)","0437","Multiple Use (Predominantly Industrial with Commercial and Agricultural/Horticultural Use)","437","Haverhill",1,FALSE,90,"mixed"
"013","Mixed Use (Primarily Residential, Some Commercial)","0131","MIXED USE/CONDO","131","Dennis",1,FALSE,15,"mixed"
"071","Mixed Use (Primarily Agriculture, some Residential)","0714","IMPUTED - Mixed Use (Primarily Agricultural, Some Residential, Some Industrial)","714","Russell",1,FALSE,79,"mixed"
"013","Mixed Use (Primarily Residential, Some Commercial)","0137","Mixed Use (Primarily Residential, Some Commercial, Some Agriculture)","137","Westford",1,FALSE,68,"mixed"
"017","Mixed Use (Primarily Residential, Some Agriculture)","0176","Mixed Use (Primarily Residential, Some Agriculture, Some Forestry)","176","Westford",1,FALSE,66,"mixed"
"031","Mixed Use (Primarily Commercial, some Residential)","0317","Mixed Use (Primarily Commercial, Some Residential, Some Agriculture)","317","Westford",1,FALSE,68,"mixed"
"031","Mixed Use (Primarily Commercial, some Residential)","0318","Mixed Use (Primarily Commercial, Some Residential, Some Recreational)","318","Westford",1,FALSE,69,"mixed"
"034","Mixed Use (Primarily Commercial, some Industrial)","0342","Multiple use - medical office buildings","342","Rockport",1,FALSE,39,"mixed"
"036","Mixed Use (Primarily Commercial, some Forest)","0361","Multiple use - art galleries","361","Rockport",1,FALSE,28,"mixed"
"036","Mixed Use (Primarily Commercial, some Forest)","0364","Multiple use - theater","364","Rockport",1,FALSE,22,"mixed"
"031","Mixed Use (Primarily Commercial, some Residential)","0318","Mixed Use (Commercial Greenhouses)","318","Holden",1,FALSE,34,"mixed"
"016","Mixed Use (Primarily Residential, Some Forest)","0164","IMPUTED - Mixed Use (Primarily Residential, some Forest, some Industrial)","164","Huntington",1,FALSE,73,"mixed"
"034","Mixed Use (Primarily Commercial, some Industrial)","0341","IMPUTED - Mixed Use (Primarily Commercial, some Industrial, some Residential)","341","Huntington",1,FALSE,77,"mixed"
"076","Mixed Use (Primarily Agriculture, some Forest)","0761","IMPUTED - Mixed Use (Primarily Agriculture, some Forest, some Residential)","761","Huntington",1,FALSE,74,"mixed"
"046","Mixed Use (Primarily Industrial, some Forest)","0467","Mixed Use (Sand and Gravel Mining/Quarry, Chapter 61, Chapter 61A)","467","Huntington",1,FALSE,66,"mixed"
"041","Mixed Use (Primarily Industrial, some Residential)","0416","Mixed Use (Telephone Relay Towers, Residential, Chapter 61)","416","Huntington",1,FALSE,59,"mixed"
"014","Mixed Use (Primarily Residential, Some Industrial)","0146","IMPUTED - Mixed Use (Primarily Residential, some Industrial, some Forest)","146","Huntington",1,FALSE,73,"mixed"
"013","Mixed Use (Primarily Residential, Some Commercial)","0134","Mixed Use (Primarily Residential, some Industrial)","134","Mansfield",1,FALSE,50,"mixed"
"071","Mixed Use (Primarily Agriculture, some Residential)","0712","Multiple use Truck Crops - Vegetables","712","Sterling",1,FALSE,37,"mixed"
"071","Mixed Use (Primarily Agriculture, some Residential)","0713","Multiple use Field Crops","713","Sterling",1,FALSE,24,"mixed"
"071","Mixed Use (Primarily Agriculture, some Residential)","0714","Multiple use Orchards","714","Sterling",1,FALSE,21,"mixed"
"071","Mixed Use (Primarily Agriculture, some Residential)","0717","Multiple use Productive Woodland","717","Sterling",1,FALSE,32,"mixed"
"071","Mixed Use (Primarily Agriculture, some Residential)","0718","Multiple use Pasture","718","Sterling",1,FALSE,20,"mixed"
"071","Mixed Use (Primarily Agriculture, some Residential)","0716","IMPUTED - Mixed Use (Primarily Agricultural, Some Residential, Some Forest)","716","Sterling",1,FALSE,75,"mixed"
"071","Mixed Use (Primarily Agriculture, some Residential)","0719","IMPUTED - Mixed Use (Primarily Agricultural, Some Residential, Some Exempt)","719","Sterling",1,FALSE,75,"mixed"
"031","Mixed Use (Primarily Commercial, some Residential)","031R","PRI COMM  MDL-01","31R","Lexington",1,FALSE,16,"mixed"
"013","Mixed Use (Primarily Residential, Some Commercial)","013C","Pri Res  Com","13C","Amherst",1,FALSE,12,"mixed"
"031","Mixed Use (Primarily Commercial, some Residential)","031V","Pri Comm  Vac","31V","Amherst",1,FALSE,13,"mixed"
"031","Mixed Use (Primarily Commercial, some Residential)","031R","PRI COMM","31R","Amherst",1,FALSE,8,"mixed"
"013","Mixed Use (Primarily Residential, Some Commercial)","0134","PRI RS C/I","134","Dedham",1,FALSE,10,"mixed"
"031","Mixed Use (Primarily Commercial, some Residential)","031C","PRI COMM MDL-94","31C","Dedham",1,FALSE,15,"mixed"
"031","Mixed Use (Primarily Commercial, some Residential)","0312","Mixed use, commercial, residential, and chaptered","312","Whately",1,FALSE,49,"mixed"
"013","Mixed Use (Primarily Residential, Some Commercial)","0137","IMPUTED - Mixed Use, Residential, Commercial, and Agricultural","137","Whately",1,FALSE,62,"mixed"
"017","Mixed Use (Primarily Residential, Some Agriculture)","0173","IMPUTED - Mixed Use, Residential, Agricultural, and Commercial","173","Whately",1,FALSE,62,"mixed"
"018","Mixed Use (Primarily Residential, Some Recreation)","0187","IMPUTED - Mixed Use, Residential, Agricultural, and Recreational","187","Whately",1,FALSE,64,"mixed"
"031","Mixed Use (Primarily Commercial, some Residential)","0317","IMPUTED - Mixed Use, Commercial, Residential, and Agricultural","317","Whately",1,FALSE,62,"mixed"
"071","Mixed Use (Primarily Agriculture, some Residential)","0713","IMPUTED - Mixed Use, Agricultural, Residential, and Commercial","713","Whately",1,FALSE,62,"mixed"
"016","Mixed Use (Primarily Residential, Some Forest)","0167","house with CH61 Forestry & 61A Agricultural lands (more forestry than ag)","167","Heath",1,FALSE,73,"mixed"
"017","Mixed Use (Primarily Residential, Some Agriculture)","0176","house with 61A Agricultural & CH61 Forestry  (more ag than forestry)","176","Heath",1,FALSE,68,"mixed"
"076","Mixed Use (Primarily Agriculture, some Forest)","0763","agricultural buildings (barns) with 61A Agricultural land & CH61 Forestry land","763","Heath",1,FALSE,78,"mixed"
"037","Mixed Use (Primarily Commercial, some Agriculture)","0371","agricultural buildings with 61A Agricultural lands and excluded land from ag","371","Heath",1,FALSE,76,"mixed"
"047","Mixed Use (Primarily Industrial, some Agriculture)","0476","Industrial mixed-use with CH61A Agricultural lands & C61 Forestry (more ag than forestry)","476","Heath",1,FALSE,89,"mixed"
"013","Mixed Use (Primarily Residential, Some Commercial)","0137","IMPUTED - Mixed Use, Primarily Residential, Some Commercial, Some Agricultural","137","Heath",1,FALSE,78,"mixed"
"037","Mixed Use (Primarily Commercial, some Agriculture)","0376","IMPUTED - Mixed Use, Primarily Commercial, Some Forestry, Some Agricultural","376","Heath",1,FALSE,75,"mixed"
"016","Mixed Use (Primarily Residential, Some Forest)","0161","Mixed use Ch 61 forestry","161","Lunenburg",1,FALSE,24,"mixed"
"017","Mixed Use (Primarily Residential, Some Agriculture)","0171","mixed use Ch 61A agriculture","171","Lunenburg",1,FALSE,28,"mixed"
"018","Mixed Use (Primarily Residential, Some Recreation)","0181","mixed use Ch 61B","181","Lunenburg",1,FALSE,16,"mixed"
"031","Mixed Use (Primarily Commercial, some Residential)","0317","Mixed use commercial","317","Lunenburg",1,FALSE,20,"mixed"
"071","Mixed Use (Primarily Agriculture, some Residential)","0716","mixed use Ch 61A agriculture","716","Lunenburg",1,FALSE,28,"mixed"
"071","Mixed Use (Primarily Agriculture, some Residential)","0718","mixed use Ch 61A agriculture","718","Lunenburg",1,FALSE,28,"mixed"
"038","Mixed Use (Primarily Commercial, some Recreation)","0385","Fish and game","385","Lunenburg",1,FALSE,13,"mixed"
"031","Mixed Use (Primarily Commercial, some Residential)","0316","Mixed use for commercial property with some type of outbuilding on parcel","316","Lunenburg",1,FALSE,73,"mixed"
"013","Mixed Use (Primarily Residential, Some Commercial)","0133","Mixed Use, Primarily Residential","133","Clinton",1,FALSE,32,"mixed"
"013","Mixed Use (Primarily Residential, Some Commercial)","0131","Mixed Use, Primarily Residential","131","Clinton",1,FALSE,32,"mixed"
"031","Mixed Use (Primarily Commercial, some Residential)","0311","Mixed Use (Primarily Commercial, some Residential)","311","Clinton",1,FALSE,50,"mixed"
"013","Mixed Use (Primarily Residential, Some Commercial)","0134","PRI RS C\I","134","Norfolk",1,FALSE,10,"mixed"
"013","Mixed Use (Primarily Residential, Some Commercial)","0131","Mixed Residential/Commercial with In-Law Apartment","131","Freetown",1,FALSE,50,"mixed"
"034","Mixed Use (Primarily Commercial, some Industrial)","0346","Commercial, Industrial and Chapter 61B","346","Milford",1,FALSE,38,"mixed"
"038","Mixed Use (Primarily Commercial, some Recreation)","0384","Predom Comm/800","384","Princeton",1,FALSE,15,"mixed"
"013","Mixed Use (Primarily Residential, Some Commercial)","0137","Mixed use (Primary) Residential with Commercial and Classified Farmland","137","Boxborough",1,FALSE,71,"mixed"
"013","Mixed Use (Primarily Residential, Some Commercial)","0138","Mixed use, (Primary) Residential with Commercial and Classified Recreational Land","138","Boxborough",1,FALSE,81,"mixed"
"034","Mixed Use (Primarily Commercial, some Industrial)","0341","Mixed use (Primary) Commercial with Industrial and Residential","341","Boxborough",1,FALSE,62,"mixed"
"013","Mixed Use (Primarily Residential, Some Commercial)","0135","PRI RES/COM","135","Grafton",1,FALSE,11,"mixed"
"013","Mixed Use (Primarily Residential, Some Commercial)","0136","Predom Res C","136","Grafton",1,FALSE,12,"mixed"
"016","Mixed Use (Primarily Residential, Some Forest)","0161","Predom Res/600 R","161","Grafton",1,FALSE,16,"mixed"
"017","Mixed Use (Primarily Residential, Some Agriculture)","0171","Predom Res/700 R","171","Grafton",1,FALSE,16,"mixed"
"018","Mixed Use (Primarily Residential, Some Recreation)","0181","Predom Res/800 R","181","Grafton",1,FALSE,16,"mixed"
"031","Mixed Use (Primarily Commercial, some Residential)","0311","Predom Comm R","311","Grafton",1,FALSE,13,"mixed"
"041","Mixed Use (Primarily Industrial, some Residential)","0415","Predom Ind R","415","Grafton",1,FALSE,12,"mixed"
"017","Mixed Use (Primarily Residential, Some Agriculture)","0178","Mixed Use - Residential, Agricultural and Recreational","178","Boxborough",1,FALSE,54,"mixed"
"014","Mixed Use (Primarily Residential, Some Industrial)","0146","Mixed Use (Primarily Residential, some Industrial, some Forest)","146","Hardwick",1,FALSE,63,"mixed"
"016","Mixed Use (Primarily Residential, Some Forest)","0167","Mixed Use (Primarily Residential, some Forest, some Agriculture)","167","Hardwick",1,FALSE,64,"mixed"
"038","Mixed Use (Primarily Commercial, some Recreation)","0384","Mixed Use (Primarily Commercial, some Recreation, some Industrial)","384","Hardwick",1,FALSE,66,"mixed"
"013","Mixed Use (Primarily Residential, Some Commercial)","0138","IMPUTED - Mixed Use (Primarily Residential, Some Commercial, Some Recreational)","138","Hardwick",1,FALSE,79,"mixed"
"034","Mixed Use (Primarily Commercial, some Industrial)","0348","IMPUTED - Mixed Use (Primarily Commercial, Some Industrial, Some Recreational)","348","Hardwick",1,FALSE,78,"mixed"
"037","Mixed Use (Primarily Commercial, some Agriculture)","0376","IMPUTED - Mixed use (Primarily Commercial, Some Agricultural, Some Forestry)","376","Hardwick",1,FALSE,76,"mixed"
"017","Mixed Use (Primarily Residential, Some Agriculture)","0176","IMPUTED - Mixed Use (Primarily Residential, Some Agriculturall, Some Forestry)","176","Hardwick",1,FALSE,78,"mixed"
"034","Mixed Use (Primarily Commercial, some Industrial)","0346","IMPUTED - Mixed Use (Primarily Commercial, Some Industrial, Some Forestry)","346","Hardwick",1,FALSE,74,"mixed"
"013","Mixed Use (Primarily Residential, Some Commercial)","0136","Mixed use Residential, Commercial, Chapter 61","136","Deerfield",1,FALSE,45,"mixed"
"013","Mixed Use (Primarily Residential, Some Commercial)","0137","Mixed use Residential, Commercial, Chapter 61A","137","Deerfield",1,FALSE,46,"mixed"
"031","Mixed Use (Primarily Commercial, some Residential)","0317","Mixed use Commercial, Residential, Chapter 61A","317","Deerfield",1,FALSE,46,"mixed"
"034","Mixed Use (Primarily Commercial, some Industrial)","0341","Mixed use Commercial, Industrial, Residential","341","Deerfield",1,FALSE,45,"mixed"
"073","Mixed Use (Primarily Agriculture, some Commercial)","0731","Mixed use Chapter 61A, Commercial, Residential","731","Deerfield",1,FALSE,46,"mixed"
"076","Mixed Use (Primarily Agriculture, some Forest)","0761","Mixed use Chapter 61A, Chapter 61, Residential","761","Deerfield",1,FALSE,46,"mixed"
"017","Mixed Use (Primarily Residential, Some Agriculture)","0173","Mixed use - residential (1), Chapter 61A farm land (7) and commercial (3)","173","Deerfield",1,FALSE,73,"mixed"
"031","Mixed Use (Primarily Commercial, some Residential)","0314","Mixed use - commercial (3), residential (1), and industrial (4)","314","Deerfield",1,FALSE,63,"mixed"
"036","Mixed Use (Primarily Commercial, some Forest)","0368","IMPUTED - Mixed-Use Fish and Game Club","368","Deerfield",1,FALSE,38,"mixed"
"041","Mixed Use (Primarily Industrial, some Residential)","0417","IMPUTED - Mixed-Use Primarily Industrial, Some Electric Generation Plants, Renewable Energy, Some Agriculture","417","Deerfield",1,FALSE,109,"mixed"
"013","Mixed Use (Primarily Residential, Some Commercial)","0138","Nursery that has a 101 line item and a 318 line item and a 803 item","138","Sandisfield",1,FALSE,67,"mixed"
"016","Mixed Use (Primarily Residential, Some Forest)","0167","Comprises of land lines 101, 601 and 712 or 71`3 or 718","167","Sandisfield",1,FALSE,55,"mixed"
"016","Mixed Use (Primarily Residential, Some Forest)","0168","Comprises of land lines 101, 601 and 803","168","Sandisfield",1,FALSE,40,"mixed"
"017","Mixed Use (Primarily Residential, Some Agriculture)","0176","Comprises of land lines 101, 601 and 714","176","Sandisfield",1,FALSE,40,"mixed"
"018","Mixed Use (Primarily Residential, Some Recreation)","0186","Comprises of land lines 130, 601 and 803","186","Sandisfield",1,FALSE,40,"mixed"
"013","Mixed Use (Primarily Residential, Some Commercial)","0137","residential, commercial and CH 61A","137","Ware",1,FALSE,34,"mixed"
"013","Mixed Use (Primarily Residential, Some Commercial)","0138","residential, commercial and CH 61B","138","Ware",1,FALSE,34,"mixed"
"014","Mixed Use (Primarily Residential, Some Industrial)","0147","residential, industrial and CH61A","147","Ware",1,FALSE,33,"mixed"
"016","Mixed Use (Primarily Residential, Some Forest)","0167","residential, CH61 and CH61A","167","Ware",1,FALSE,27,"mixed"
"018","Mixed Use (Primarily Residential, Some Recreation)","0187","residential, CH61B and CH61A","187","Ware",1,FALSE,28,"mixed"
"031","Mixed Use (Primarily Commercial, some Residential)","0317","commercial, residential and CH 61A","317","Ware",1,FALSE,34,"mixed"
"017","Mixed Use (Primarily Residential, Some Agriculture)","0178","residential, CH61A and CH61B","178","Ware",1,FALSE,28,"mixed"
"013","Mixed Use (Primarily Residential, Some Commercial)","0136","IMPUTED - Mixed Use (Primarily Residential, Some Commercial, Some Forest)","136","Ware",1,FALSE,73,"mixed"
"031","Mixed Use (Primarily Commercial, some Residential)","0316","IMPUTED - Other Storage, Warehouse, and Distribution facilities (see also usecode 401)","316","Medford",1,TRUE,86,"mixed"
"036","Mixed Use (Primarily Commercial, some Forest)","0367","commercial, CH61 and CH61A","367","Ware",1,FALSE,26,"mixed"
"041","Mixed Use (Primarily Industrial, some Residential)","0413","Combination of Industrial, Residential, and Commercial","413","Essex",1,FALSE,54,"mixed"
"013","Mixed Use (Primarily Residential, Some Commercial)","013C","Mixed Use - residential and commercial","13C","North Brookfield",1,FALSE,38,"mixed"
"013","Mixed Use (Primarily Residential, Some Commercial)","013R","Mixed Use - residential and commercial","13R","North Brookfield",1,FALSE,38,"mixed"
"031","Mixed Use (Primarily Commercial, some Residential)","031C","Mixed Use - commercial and residential","31C","North Brookfield",1,FALSE,38,"mixed"
"061","Mixed Use (Primarily Forest, some Residential)","061C","Mixed Use - residential and forestry","61C","North Brookfield",1,FALSE,36,"mixed"
"061","Mixed Use (Primarily Forest, some Residential)","061R","Mixed Use - residential and forestry","61R","North Brookfield",1,FALSE,36,"mixed"
"071","Mixed Use (Primarily Agriculture, some Residential)","071R","Mixed Use - residential and Agricultural","71R","North Brookfield",1,FALSE,40,"mixed"
"071","Mixed Use (Primarily Agriculture, some Residential)","071V","Mixed Use - residential and Agricultural","71V","North Brookfield",1,FALSE,40,"mixed"
"081","Mixed Use (Primarily Recreation, some Residential)","081R","Mixed Use - residential and Recreational","81R","North Brookfield",1,FALSE,40,"mixed"
"038","Mixed Use (Primarily Commercial, some Recreation)","0382","Mixed Use Ridging Stables","382","Hamilton",1,FALSE,25,"mixed"
"016","Mixed Use (Primarily Residential, Some Forest)","0167","Mixed Use (Primarily Residential, some Forest, some Agriculture)","167","Hamilton",1,FALSE,64,"mixed"
"017","Mixed Use (Primarily Residential, Some Agriculture)","0176","Mixed Use (Primarily Residential, some Agriculture, some Forest)","176","Hamilton",1,FALSE,64,"mixed"
"018","Mixed Use (Primarily Residential, Some Recreation)","0187","Mixed Use (Primarily Residential, some Recreation, some Agriculture)","187","Hamilton",1,FALSE,68,"mixed"
"017","Mixed Use (Primarily Residential, Some Agriculture)","0179","IMPUTED - Mixed Use (Primarily Residential, Some Agricultural, Some Tax Exempt)","179","Hamilton",1,FALSE,79,"mixed"
"013","Mixed Use (Primarily Residential, Some Commercial)","0136","Residential with Farm Bldings and Forestry Chapter land.","136","Cummington",1,FALSE,56,"mixed"
"013","Mixed Use (Primarily Residential, Some Commercial)","0137","Residential with Farm Bldings and Chapter 61A.","137","Cummington",1,FALSE,46,"mixed"
"017","Mixed Use (Primarily Residential, Some Agriculture)","0173","Residential with Farm Bldings and Chapter 61A.","173","Cummington",1,FALSE,46,"mixed"
"031","Mixed Use (Primarily Commercial, some Residential)","0317","Residential with Farm Bldings and Chapter 61A.","317","Cummington",1,FALSE,46,"mixed"
"043","Mixed Use (Primarily Industrial, some Commercial)","0437","Cell-Tower with Farm Bldings and Chapter 61A.","437","Cummington",1,FALSE,45,"mixed"
"034","Mixed Use (Primarily Commercial, some Industrial)","0347","IMPUTED - Mixed Use Primarily Commercial, Some Industrial, Some Agricultural","347","Cummington",1,FALSE,76,"mixed"
"031","Mixed Use (Primarily Commercial, some Residential)","031R","Multiple Use, Primarily Commercial, Rear","31R","Millis",1,FALSE,40,"mixed"
"013","Mixed Use (Primarily Residential, Some Commercial)","013I","IMPUTED --Mixed Use, Primarily Residential, Some Commercial","13I","Millis",1,FALSE,59,"mixed"
"014","Mixed Use (Primarily Residential, Some Industrial)","014C","MU Daycare 94","14C","Mansfield",1,FALSE,13,"mixed"
"031","Mixed Use (Primarily Commercial, some Residential)","031V","PRI COMM LAND","31V","Auburn",1,FALSE,13,"mixed"
"031","Mixed Use (Primarily Commercial, some Residential)","0316","Other Storage, Warehouse, and Distribution facilities (see also usecode 401)","316","Kingston",1,TRUE,76,"mixed"
"037","Mixed Use (Primarily Commercial, some Agriculture)","0376","Gymnasiums and Athletic Clubs","376","Kingston",1,FALSE,29,"mixed"
"047","Mixed Use (Primarily Industrial, some Agriculture)","0475","Mixed Use Elect Generating Plant","475","Kingston",1,FALSE,32,"mixed"
"071","Mixed Use (Primarily Agriculture, some Residential)","0714","Mixed use Chapter 61A - Orchards","714","Kingston",1,FALSE,32,"mixed"
"013","Mixed Use (Primarily Residential, Some Commercial)","0136","Mixed use residential with farm building & CH61 Forestry","136","Colrain",1,FALSE,56,"mixed"
"013","Mixed Use (Primarily Residential, Some Commercial)","0137","Mixed use residential with farm building & CH61A Agricultural","137","Colrain",1,FALSE,61,"mixed"
"016","Mixed Use (Primarily Residential, Some Forest)","0167","Mixed use residential with CH61 & CH61A","167","Colrain",1,FALSE,39,"mixed"
"017","Mixed Use (Primarily Residential, Some Agriculture)","0173","Mixed use residential with CH61A & farm buildings","173","Colrain",1,FALSE,49,"mixed"
"017","Mixed Use (Primarily Residential, Some Agriculture)","0176","Mixed use residentail with CH61A & CH61","176","Colrain",1,FALSE,39,"mixed"
"017","Mixed Use (Primarily Residential, Some Agriculture)","0178","Mixed use residential with CH61A & CH61B Recreation","178","Colrain",1,FALSE,51,"mixed"
"018","Mixed Use (Primarily Residential, Some Recreation)","0186","Mixed use residential with CH61B & CH61","186","Colrain",1,FALSE,39,"mixed"
"031","Mixed Use (Primarily Commercial, some Residential)","0317","Mixed use property with farm buildings and CH61A","317","Colrain",1,FALSE,48,"mixed"
"018","Mixed Use (Primarily Residential, Some Recreation)","0187","house or outbuilding with land classified under both Chapter 61 B Open Recreational Land and Chapter 61 A Agricultural land","187","Colrain",1,FALSE,123,"mixed"
"016","Mixed Use (Primarily Residential, Some Forest)","0168","Mixed Use - Primarily Residential","168","Colrain",1,FALSE,33,"mixed"
"016","Mixed Use (Primarily Residential, Some Forest)","0163","Mixed use residential with CH61 & farm buildings","163","Colrain",1,FALSE,48,"mixed"
"031","Mixed Use (Primarily Commercial, some Residential)","031F","Mixed Use CR M96","31F","Nantucket",1,FALSE,16,"mixed"
"071","Mixed Use (Primarily Agriculture, some Residential)","0712","mixed use for chapterland","712","Tisbury",1,FALSE,25,"mixed"
"071","Mixed Use (Primarily Agriculture, some Residential)","0713","mixed use for chapterland","713","Tisbury",1,FALSE,25,"mixed"
"071","Mixed Use (Primarily Agriculture, some Residential)","0718","mixed use for chapterland","718","Tisbury",1,FALSE,25,"mixed"
"081","Mixed Use (Primarily Recreation, some Residential)","0811","Mixed Use 61B Swim","811","Tisbury",1,FALSE,18,"mixed"
"016","Mixed Use (Primarily Residential, Some Forest)","0167","Mixed use, residential and Chapter 61, 61B","167","Middleton",1,FALSE,42,"mixed"
"034","Mixed Use (Primarily Commercial, some Industrial)","0341","IMPUTED - Mixed Use Primarily Commercial Bank Building, Some General Office Building, Some Industrial","341","Harvard",1,FALSE,101,"mixed"
"013","Mixed Use (Primarily Residential, Some Commercial)","0136","Mixed Use (Primarily Residential, some Commercial, some Forest)","136","Worthington",1,FALSE,63,"mixed"
"013","Mixed Use (Primarily Residential, Some Commercial)","0137","Mixed Use (Primarily Residential, some Commercial, some Agriculture)","137","Worthington",1,FALSE,68,"mixed"
"013","Mixed Use (Primarily Residential, Some Commercial)","0138","Mixed Use (Primarily Residential, some Commercial, some Recreation)","138","Worthington",1,FALSE,67,"mixed"
"016","Mixed Use (Primarily Residential, Some Forest)","0167","Mixed Use (Primarily Residential, some Forest, some Agriculture)","167","Worthington",1,FALSE,64,"mixed"
"016","Mixed Use (Primarily Residential, Some Forest)","0168","Mixed Use (Primarily Residential, some Forest, some Recreation)","168","Worthington",1,FALSE,63,"mixed"
"018","Mixed Use (Primarily Residential, Some Recreation)","0186","CH61B- recreation land AND CH61- forest land","186","Worthington",1,FALSE,44,"mixed"
"018","Mixed Use (Primarily Residential, Some Recreation)","0187","CH61B-recreation land AND CH61A-agricultural/horticultural land","187","Worthington",1,FALSE,63,"mixed"
"036","Mixed Use (Primarily Commercial, some Forest)","0368","Multiple use, CH61 [forest land] and CH61B [recreational land]","368","Worthington",1,FALSE,62,"mixed"
"038","Mixed Use (Primarily Commercial, some Recreation)","0381","IMPUTED - Mixed Use (Primarily Commercial, Some Recreation, Some Residential)","381","Worthington",1,FALSE,77,"mixed"
"017","Mixed Use (Primarily Residential, Some Agriculture)","0176","primarily single family residential under both CH61A [farming] & 61 [forestry]","176","Worthington",1,FALSE,78,"mixed"
"013","Mixed Use (Primarily Residential, Some Commercial)","0131","MIXED USE APT 4-8 UNITS","131","Athol",1,FALSE,23,"mixed"
"013","Mixed Use (Primarily Residential, Some Commercial)","0132","MIXED USE VACANT UNBUILDABLE RES LAND","132","Athol",1,FALSE,37,"mixed"
"037","Mixed Use (Primarily Commercial, some Agriculture)","0377","MIXED USE OTHER INDOOR REC","377","Athol",1,TRUE,26,"mixed"
"040","Mixed Use (Primarily Industrial, Some Other)","0401","Mixed use Industrial Property","401","Templeton",1,FALSE,29,"mixed"
"013","Mixed Use (Primarily Residential, Some Commercial)","0132","Primarily Residential, Some Commercial","132","Templeton",1,FALSE,38,"mixed"
"013","Mixed Use (Primarily Residential, Some Commercial)","0136","Mixed Use (Primarily Residential, Some Commercial, Some Forestry)","136","Ashfield",1,FALSE,65,"mixed"
"013","Mixed Use (Primarily Residential, Some Commercial)","0137","Mixed Use (Primarily Residential, Some Commercial, Some Agricultural)","137","Ashfield",1,FALSE,69,"mixed"
"014","Mixed Use (Primarily Residential, Some Industrial)","0147","Mixed Use (Primarily Residential, Some Industrial, Some Agricultural)","147","Ashfield",1,FALSE,69,"mixed"
"016","Mixed Use (Primarily Residential, Some Forest)","0164","Mixed Use (Primarily Residential, Some Forestry, Some Agricultural)","164","Ashfield",1,FALSE,67,"mixed"
"016","Mixed Use (Primarily Residential, Some Forest)","0167","Mixed Use (Primarily Residential, Some Forestry, Some Agricultural)","167","Ashfield",1,FALSE,67,"mixed"
"017","Mixed Use (Primarily Residential, Some Agriculture)","0173","Mixed Use (Primarily Residential, Some Forestry, Some Commercial)","173","Ashfield",1,FALSE,65,"mixed"
"017","Mixed Use (Primarily Residential, Some Agriculture)","0178","Mixed Use (Primarily Residential, Some Agricultural, Some Recreational)","178","Ashfield",1,FALSE,71,"mixed"
"018","Mixed Use (Primarily Residential, Some Recreation)","0187","Mixed Use (Primarily Residential, Some Recreational, Some Agricultural)","187","Ashfield",1,FALSE,71,"mixed"
"031","Mixed Use (Primarily Commercial, some Residential)","0317","Mixed Use (Primarily Commercial, Some Residential, Some Agricultural)","317","Ashfield",1,FALSE,69,"mixed"
"038","Mixed Use (Primarily Commercial, some Recreation)","0387","Mixed Use (Primarily Commercial, Some Recreational, Some Agricultural)","387","Ashfield",1,FALSE,70,"mixed"
"014","Mixed Use (Primarily Residential, Some Industrial)","0146","Mixed Use (Primarily Residential, Some Industrial, Some Forestry)","146","Ashfield",1,FALSE,65,"mixed"
"036","Mixed Use (Primarily Commercial, some Forest)","0361","Mixed use (Primarily Commercial, Some Forestry, some Residence)","361","Ashfield",1,FALSE,63,"mixed"
"043","Mixed Use (Primarily Industrial, some Commercial)","0437","Mixed Use (Primarily Industrial, Some Commercial, Some Agricultural)","437","Ashfield",1,FALSE,68,"mixed"
"013","Mixed Use (Primarily Residential, Some Commercial)","0138","IMPUTED - Mixed Use (Primarily Residential, Some Commercial, Some Recreational)","138","Ashfield",1,FALSE,79,"mixed"
"017","Mixed Use (Primarily Residential, Some Agriculture)","0176","IMPUTED - Mixed Use (Primarily Residential, Some Agricultural, Some Forest)","176","Ashfield",1,FALSE,75,"mixed"
"071","Mixed Use (Primarily Agriculture, some Residential)","0713","Mixed Use - Primarily Field Crops","713","Templeton",1,FALSE,33,"mixed"
"038","Mixed Use (Primarily Commercial, some Recreation)","0386","Mixed Use, 385 fish and game, 392 com udv lnd, 814 Chapter 61 B Recreational land target and range, and 601 Chapter land 61 forestry","386","Maynard",1,FALSE,132,"mixed"
"034","Mixed Use (Primarily Commercial, some Industrial)","034R","Mixed Use (Primarily Commercial)","34R","Plainville",1,FALSE,32,"mixed"
"013","Mixed Use (Primarily Residential, Some Commercial)","0138","residential, commercial and recreational (chapter land)","138","Plainville",1,FALSE,55,"mixed"
"017","Mixed Use (Primarily Residential, Some Agriculture)","0178","residential, agricultural (chapter land) and recreational (chapter land)","178","Plainville",1,FALSE,72,"mixed"
"018","Mixed Use (Primarily Residential, Some Recreation)","0183","residential, recreational and commercial","183","Plainville",1,FALSE,40,"mixed"
"018","Mixed Use (Primarily Residential, Some Recreation)","0187","residential, recreational and agricultural","187","Plainville",1,FALSE,42,"mixed"
"017","Mixed Use (Primarily Residential, Some Agriculture)","0176","IMPUTED-Mixed Use, Primarily Residential, Some Agricultural, Some Forestry","176","Plainville",1,FALSE,74,"mixed"
"013","Mixed Use (Primarily Residential, Some Commercial)","013V","PRI RES MDL-00","13V","Westfield",1,FALSE,14,"mixed"
"018","Mixed Use (Primarily Residential, Some Recreation)","0186","Mixed Use (Primarily Residential, some Chapter 61B, some Chapter 61)","186","Leverett",1,FALSE,68,"mixed"
"016","Mixed Use (Primarily Residential, Some Forest)","0167","Mixed Use (Primarily Residential, some Chapter 61, some Chapter 61A)","167","Leverett",1,FALSE,68,"mixed"
"087","Mixed Use (Primarily Recreation, some Agriculture)","0871","Mixed Use (Primarily Chapter 61B, some Chapter 61A, some Residential)","871","Leverett",1,FALSE,69,"mixed"
"038","Mixed Use (Primarily Commercial, some Recreation)","0385","Fish and Game Clubs (not Ch. 61B)","385","Stockbridge",1,FALSE,33,"mixed"
"071","Mixed Use (Primarily Agriculture, some Residential)","0717","Mixed use for Chapter 61A with productive woodland","717","Stockbridge",1,FALSE,50,"mixed"
"031","Mixed Use (Primarily Commercial, some Residential)","031X","MIXED USE CONDO","31X","Taunton",1,FALSE,15,"mixed"
"013","Mixed Use (Primarily Residential, Some Commercial)","013R","MIXED USE RES OFF/RTL","13R","Taunton",1,FALSE,21,"mixed"
"031","Mixed Use (Primarily Commercial, some Residential)","031F","MIXED USE RES/OFF","31F","Taunton",1,FALSE,17,"mixed"
"031","Mixed Use (Primarily Commercial, some Residential)","031R","MIXED USE RES/COMM","31R","Taunton",1,FALSE,18,"mixed"
"013","Mixed Use (Primarily Residential, Some Commercial)","0132","Mixed use 2famw/comm","132","Taunton",1,FALSE,20,"mixed"
"013","Mixed Use (Primarily Residential, Some Commercial)","0133","Mixed use 3+family/Comm","133","Taunton",1,FALSE,23,"mixed"
"036","Mixed Use (Primarily Commercial, some Forest)","0361","Mixed Use Art Galleries","361","Westfield",1,FALSE,23,"mixed"
"040","Mixed Use (Primarily Industrial, Some Other)","0402","Mixed Use Office Buildg - Manuf","402","Westfield",1,FALSE,31,"mixed"
"071","Mixed Use (Primarily Agriculture, some Residential)","0711","Mixed Use Tobacco","711","Westfield",1,FALSE,17,"mixed"
"071","Mixed Use (Primarily Agriculture, some Residential)","0712","Mixed Use Truck Crop","712","Westfield",1,FALSE,20,"mixed"
"071","Mixed Use (Primarily Agriculture, some Residential)","0713","Mixed Use Field Crop","713","Westfield",1,FALSE,20,"mixed"
"071","Mixed Use (Primarily Agriculture, some Residential)","0716","Mixed Use Ralated Farm Land","716","Westfield",1,FALSE,27,"mixed"
"071","Mixed Use (Primarily Agriculture, some Residential)","0718","Mixed Use Pasture","718","Westfield",1,FALSE,17,"mixed"
"031","Mixed Use (Primarily Commercial, some Residential)","0316","Other Storage, Warehouse and Distribution facilities","316","Westfield",1,TRUE,52,"mixed"
"071","Mixed Use (Primarily Agriculture, some Residential)","0712","Mixed Use Chapter 61A","712","Hampden",1,FALSE,21,"mixed"
"071","Mixed Use (Primarily Agriculture, some Residential)","0713","Mixed Use Chapter 61A","713","Hampden",1,FALSE,21,"mixed"
"071","Mixed Use (Primarily Agriculture, some Residential)","0717","Mixed Use Chapter 61A","717","Hampden",1,FALSE,21,"mixed"
"071","Mixed Use (Primarily Agriculture, some Residential)","0718","Mixed Use Chapter 61A","718","Hampden",1,FALSE,21,"mixed"
"038","Mixed Use (Primarily Commercial, some Recreation)","0385","Mixed Use Fish and Game Clubs (not Ch. 61B)","385","Gardner",1,FALSE,43,"mixed"
"013","Mixed Use (Primarily Residential, Some Commercial)","013M","Multiple-Use, primarily Residential","13M","Lawrence",1,FALSE,35,"mixed"
"013","Mixed Use (Primarily Residential, Some Commercial)","013C","Multiple-Use, primarily Residential","13C","Lawrence",1,FALSE,35,"mixed"
"013","Mixed Use (Primarily Residential, Some Commercial)","013C","Mixed use residential","13C","Foxborough",1,FALSE,21,"mixed"
"013","Mixed Use (Primarily Residential, Some Commercial)","013I","Mixed use residential","13I","Foxborough",1,FALSE,21,"mixed"
"031","Mixed Use (Primarily Commercial, some Residential)","031C","Mixed use","31C","Foxborough",1,FALSE,9,"mixed"
"031","Mixed Use (Primarily Commercial, some Residential)","031I","Mixed use (one lot)","31I","Foxborough",1,FALSE,19,"mixed"
"013","Mixed Use (Primarily Residential, Some Commercial)","0131","Mixed Use, Residential/Commercial","131","Gardner",1,FALSE,33,"mixed"
"018","Mixed Use (Primarily Residential, Some Recreation)","0181","IMPUTED - Mixed Use, Primarily Residential","181","Gardner",1,FALSE,42,"mixed"
"041","Mixed Use (Primarily Industrial, some Residential)","041I","Mixed use industrial","41I","Foxborough",1,FALSE,20,"mixed"
"038","Mixed Use (Primarily Commercial, some Recreation)","0385","Fish and Game","385","Foxborough",1,FALSE,13,"mixed"
"031","Mixed Use (Primarily Commercial, some Residential)","0316","Mixed use - commercial warehouse","316","Spencer",1,FALSE,32,"mixed"
"038","Mixed Use (Primarily Commercial, some Recreation)","0385","Mixed use - fish & game","385","Spencer",1,FALSE,23,"mixed"
"071","Mixed Use (Primarily Agriculture, some Residential)","0713","Mixed use - Chapter land/field crops","713","Spencer",1,FALSE,36,"mixed"
"071","Mixed Use (Primarily Agriculture, some Residential)","0714","Mixed use - Chapter land/orchards","714","Spencer",1,FALSE,33,"mixed"
"071","Mixed Use (Primarily Agriculture, some Residential)","0716","Mixed use - Chapter land/till forage","716","Spencer",1,FALSE,36,"mixed"
"071","Mixed Use (Primarily Agriculture, some Residential)","0717","Mixed use - Chapter land/productive wood","717","Spencer",1,FALSE,40,"mixed"
"071","Mixed Use (Primarily Agriculture, some Residential)","0718","Mixed use - Chapter land/pastures","718","Spencer",1,FALSE,33,"mixed"
"017","Mixed Use (Primarily Residential, Some Agriculture)","0173","IMPUTED - Mixed Use (Primarily Residential, Some Agricultural, Some Commercial)","173","Hatfield",1,FALSE,79,"mixed"
"013","Mixed Use (Primarily Residential, Some Commercial)","0131","Multiple-Use, primarily Residential","131","Spencer",1,FALSE,35,"mixed"
"031","Mixed Use (Primarily Commercial, some Residential)","0311","Multiple-Use, primarily Commercial (Bottled Gas and Propane Gas Tanks)","311","Spencer",1,FALSE,70,"mixed"
"031","Mixed Use (Primarily Commercial, some Residential)","0312","Multiple-Use, primarily Commercial (Grain and Feed Elevators)","312","Spencer",1,FALSE,61,"mixed"
"013","Mixed Use (Primarily Residential, Some Commercial)","0137","Mixed Use (Primarily Residential, some Commercial, some Agriculture)","137","West Tisbury",1,FALSE,68,"mixed"
"031","Mixed Use (Primarily Commercial, some Residential)","0318","Mixed Use (Primarily Commercial, some Residential, some Recreation)","318","West Tisbury",1,FALSE,67,"mixed"
"041","Mixed Use (Primarily Industrial, some Residential)","0413","Mixed Use (Primarily Industrial, some Residential, some Commercial)","413","West Tisbury",1,FALSE,67,"mixed"
"083","Mixed Use (Primarily Recreation, some Commercial)","0837","Mixed Use (Primarily Recreation, some Commercial, some Forest)","837","West Tisbury",1,FALSE,62,"mixed"
"038","Mixed Use (Primarily Commercial, some Recreation)","0382","IMPUTED - Mixed Use (Primarily Commercial, Some Recreation, Some Open Space)","382",NA,1,FALSE,76,"mixed"
"031","Mixed Use (Primarily Commercial, some Residential)","0317","Mixed Use Commercial/Woodland","317","West Bridgewater",1,FALSE,29,"mixed"
"073","Mixed Use (Primarily Agriculture, some Commercial)","0731","Mixed Use Woodland /Commercial","731","West Bridgewater",1,FALSE,30,"mixed"
"017","Mixed Use (Primarily Residential, Some Agriculture)","0176","Mixed Use (Primarily Residential, some Agriculture)","176","Gill",1,FALSE,51,"mixed"
"018","Mixed Use (Primarily Residential, Some Recreation)","0186","Developabe land, golf course, and Chapter 61B","186","Gill",1,FALSE,45,"mixed"
"031","Mixed Use (Primarily Commercial, some Residential)","0314","Retail, residential, and manufacturing","314","Gill",1,FALSE,38,"mixed"
"018","Mixed Use (Primarily Residential, Some Recreation)","0187","Residential, Chapters 61A and B","187","Gill",1,FALSE,31,"mixed"
"017","Mixed Use (Primarily Residential, Some Agriculture)","0173","Mixed Use - Single family home with 20 pct of the home used as a vet office 34 of 36 acres are in Chapter 61A","173","Gill",1,FALSE,109,"mixed"
"061","Mixed Use (Primarily Forest, some Residential)","0617","Mixed Use – Single family home - 126 of 158 acres are in Chapter 61 - 30 acres are in Chapter 61A","617","Gill",1,FALSE,97,"mixed"
"061","Mixed Use (Primarily Forest, some Residential)","0618","Mixed Use – Single family home - 75 of 107 acres are in Chapter 61 - 30 acres are in Chapter 61B","618","Gill",1,FALSE,96,"mixed"
"013","Mixed Use (Primarily Residential, Some Commercial)","0137","MIXED USE & CH. 61A","137","Ipswich",1,FALSE,19,"mixed"
"014","Mixed Use (Primarily Residential, Some Industrial)","0147","Other Mixed Use","147","Ipswich",1,TRUE,15,"mixed"
"014","Mixed Use (Primarily Residential, Some Industrial)","0146","Mixed use - Single family/factory home based business with chapter land all on one parcel","146","Erving",1,FALSE,89,"mixed"
"041","Mixed Use (Primarily Industrial, some Residential)","0413","Mixed Use (Primarily Industrial, some Residential, some Commercial)","413","Erving",1,FALSE,67,"mixed"
"016","Mixed Use (Primarily Residential, Some Forest)","0164","Mixed Use (Primarily Residential, some Forest, some Industrial)","164","Erving",1,FALSE,63,"mixed"
"014","Mixed Use (Primarily Residential, Some Industrial)","0143","IMPUTED - Mixed Use (Primarily Residential, Some Commercial, Some Industrial)","143","Erving",1,FALSE,77,"mixed"
"013","Mixed Use (Primarily Residential, Some Commercial)","013C","IMPUTED - Mixed Use, Primarily Residential, Some Commercial","13C","Ipswich",1,FALSE,59,"mixed"
"016","Mixed Use (Primarily Residential, Some Forest)","016V","IMPUTED - Mixed Use, Primarily Residential, Some Forestry","16V","Ipswich",1,FALSE,57,"mixed"
"017","Mixed Use (Primarily Residential, Some Agriculture)","017V","IMPUTED - Mixed Use, Primarily Residential, Some Agricultural","17V","Ipswich",1,FALSE,61,"mixed"
"018","Mixed Use (Primarily Residential, Some Recreation)","018V","IMPUTED - Mixed Use, Primarily Residential, Some Recreational","18V","Ipswich",1,FALSE,61,"mixed"
"031","Mixed Use (Primarily Commercial, some Residential)","031V","IMPUTED - Mixed Use, Primarily Commercial, Som Residential","31V","Ipswich",1,FALSE,58,"mixed"
"018","Mixed Use (Primarily Residential, Some Recreation)","0187","mixed residential, chap 61B, 61A","187","Pembroke",1,FALSE,32,"mixed"
"071","Mixed Use (Primarily Agriculture, some Residential)","0718","mixed chap 61A, residential, 61B","718","Pembroke",1,FALSE,32,"mixed"
"081","Mixed Use (Primarily Recreation, some Residential)","0817","mixed chap 61B, residential, 61A","817","Pembroke",1,FALSE,32,"mixed"
"083","Mixed Use (Primarily Recreation, some Commercial)","0831","Mixed Use (Primarily Recreation, some Commercial)","831","Pembroke",1,FALSE,49,"mixed"
"017","Mixed Use (Primarily Residential, Some Agriculture)","0176","Mixed Use (Primarily Residential, some Chapter 61A, some Chapter 61)","176","Leverett",1,FALSE,68,"mixed"
"013","Mixed Use (Primarily Residential, Some Commercial)","013C","PRI RES M94","13C","Taunton",1,FALSE,11,"mixed"
"013","Mixed Use (Primarily Residential, Some Commercial)","013I","MIX USE M96","13I","Taunton",1,FALSE,11,"mixed"
"031","Mixed Use (Primarily Commercial, some Residential)","031C","MIX USE M94","31C","Taunton",1,FALSE,11,"mixed"
"031","Mixed Use (Primarily Commercial, some Residential)","031D","MIXUSECOMMO6","31D","Yarmouth",1,FALSE,12,"mixed"
"031","Mixed Use (Primarily Commercial, some Residential)","0311","Mixed use predominantly comm R","311","Phillipston",1,FALSE,30,"mixed"
"031","Mixed Use (Primarily Commercial, some Residential)","031R","Primary Commercial","31R","Wayland",1,FALSE,18,"mixed"
"037","Mixed Use (Primarily Commercial, some Agriculture)","0375","Tennis and/or Raquetball Clubs","375","Wayland",1,FALSE,30,"mixed"
"038","Mixed Use (Primarily Commercial, some Recreation)","0385","Fish and Game Clubs","385","Wayland",1,FALSE,19,"mixed"
"014","Mixed Use (Primarily Residential, Some Industrial)","0147","Mixed Use (Primarily Residential, Some Industrial, Some Agricultural)","147","Shelburne",1,FALSE,69,"mixed"
"016","Mixed Use (Primarily Residential, Some Forest)","0167","Mixed Use (Primarily Residential, Some Forestry, Some Agricultural)","167","Shelburne",1,FALSE,67,"mixed"
"037","Mixed Use (Primarily Commercial, some Agriculture)","0371","Mixed Use (Primarily Commercial, Some Agricultural, Some Residential)","371","Shelburne",1,FALSE,69,"mixed"
"017","Mixed Use (Primarily Residential, Some Agriculture)","0176","IMPUTED - Mixed Use Primarily Residential, Some Agricultural, Some Forest","176","Shelburne",1,FALSE,73,"mixed"
"037","Mixed Use (Primarily Commercial, some Agriculture)","0376","IMPUTED - Mixed Use Primarily Commercial, Some Agricultural, Some Forest","376","Shelburne",1,FALSE,72,"mixed"
"041","Mixed Use (Primarily Industrial, some Residential)","0417","IMPUTED - Mixed Use Primarily Industrial, Some Residential, Some Agricultural","417","Shelburne",1,FALSE,77,"mixed"
"013","Mixed Use (Primarily Residential, Some Commercial)","0137","IMPUTED - Mixed Use Primarily Residential, Some Commercial, Some Agricultural","137","Shelburne",1,FALSE,77,"mixed"
"017","Mixed Use (Primarily Residential, Some Agriculture)","0173","IMPUTED - Mixed Use Primarily Residential, Some Agricultural, Some Commercial","173","Shelburne",1,FALSE,77,"mixed"
"016","Mixed Use (Primarily Residential, Some Forest)","0167","Mixed Use (Primarily Residential, some Chapter 61, 61A)","167","Townsend",1,FALSE,55,"mixed"
"031","Mixed Use (Primarily Commercial, some Residential)","0317","Mixed Use (Primarily commercial, some residential and Chapter 61A)","317","Townsend",1,FALSE,66,"mixed"
"043","Mixed Use (Primarily Industrial, some Commercial)","0438","Mixed Use (Primarily industrial, some commercial and Chapter 61B)","438","Townsend",1,FALSE,65,"mixed"
"018","Mixed Use (Primarily Residential, Some Recreation)","0186","Mixed Use (Primarily Residential, some Chapter 61B, 61)","186","Townsend",1,FALSE,55,"mixed"
"013","Mixed Use (Primarily Residential, Some Commercial)","0134","Mixed Use (Primarily Residential, some Commercial and Industrial)","134","Townsend",1,FALSE,65,"mixed"
"016","Mixed Use (Primarily Residential, Some Forest)","0167","Single residential mixed use parcel with portions under Chap 61 and 61A","167","Rowe",1,FALSE,71,"mixed"
"017","Mixed Use (Primarily Residential, Some Agriculture)","0176","IMPUTED - Mixed Use Primarily Residential, Some Agricultural, Some Chapter 61 Land","176","Rowe",1,FALSE,82,"mixed"
"013","Mixed Use (Primarily Residential, Some Commercial)","0137","Mixed Use","137","Buckland",1,FALSE,9,"mixed"
"013","Mixed Use (Primarily Residential, Some Commercial)","0138","Mixed Use","138","Buckland",1,FALSE,9,"mixed"
"016","Mixed Use (Primarily Residential, Some Forest)","0168","Mixed Use","168","Buckland",1,FALSE,9,"mixed"
"017","Mixed Use (Primarily Residential, Some Agriculture)","0173","Mixed Use - one family dwelling/chapter 61A/farm building","173","Buckland",1,FALSE,57,"mixed"
"017","Mixed Use (Primarily Residential, Some Agriculture)","0176","Mixed Use - one family dwelling/chapter 61A/chapter 61","176","Buckland",1,FALSE,54,"mixed"
"017","Mixed Use (Primarily Residential, Some Agriculture)","0178","Mixed Use - one family dwelling/chapter 61A/chapter 61B","178","Buckland",1,FALSE,55,"mixed"
"018","Mixed Use (Primarily Residential, Some Recreation)","0186","IMPUTED - Mixed Use (Residential, Recreation, Forest)","186","Buckland",1,FALSE,53,"mixed"
"018","Mixed Use (Primarily Residential, Some Recreation)","0187","Mixed Use (Residentc, Forest, Agriculture)","187","Buckland",1,FALSE,42,"mixed"
"016","Mixed Use (Primarily Residential, Some Forest)","0167","IMPUTED - Mixed Use Primarily Residential, Some Forest, Some Agricultural","167","Buckland",1,FALSE,73,"mixed"
"071","Mixed Use (Primarily Agriculture, some Residential)","0713","IMPUTED - Mixed Use (Primarily Agriculture, some Residential, some Commercial)","713","West Boylston",1,FALSE,78,"mixed"
"131","Potentially Developable Residential Land","0131","RES ACLNPO","131","Swansea",1,FALSE,10,"mixed"
"316","Other Storage, Warehouse, and Distribution facilities (see also usecode 401)","0316","COMM WHSE","316","Swansea",1,FALSE,9,"mixed"
"385","Fish and Game Clubs (not Ch. 61B)","0385","FISH & GAME","385","Swansea",1,FALSE,11,"mixed"
"712","Truck Crops - vegetables (Ch. 61A, not classified as Open Space)","0712","TR CRP VEG","712","Swansea",1,FALSE,10,"mixed"
"713","Field Crops - hay, wheat, tillable forage, cropland, etc... (Ch. 61A, not classified as Open Space)","0713","FIELD CRPS","713","Swansea",1,FALSE,10,"mixed"
"718","Pasture (Ch. 61A, not classified as Open Space)","0718","PASTURE","718","Swansea",1,FALSE,7,"mixed"
"382","Riding Stables (not Ch. 61B)","0382","Riding Stable","382","Swansea",1,FALSE,13,"mixed"
"317","Farm Buildings - barns, silo, utility shed, etc","0317","agricultrical perserve, farm, commercial, residitional","317","Bellingham",1,FALSE,54,"mixed"
"366","Arenas and Field Houses","0366","RIDING ARENA","366","Concord",1,FALSE,12,"mixed"
"716","Necessary related land-farm roads, ponds, land under farm buildings (Ch. 61A, not classified as Open Space)","0716","Necessary Related Land - farm roads, ponds, land under farm buildings","716","Concord",1,FALSE,69,"mixed"
"131","Potentially Developable Residential Land","0131","RES ACLNPO","131","Marion",1,FALSE,10,"mixed"
"132","Undevelopable Residential Land","0132","RES ACLNUD","132","Marion",1,FALSE,10,"mixed"
"211","Non-Productive Vacant Land","0211","NONPROD VC","211","Marion",1,FALSE,10,"mixed"
"301","Motels","0301","MOTELS","301","Marion",1,FALSE,6,"mixed"
"302","Inns, Resorts, or Tourist Homes","0302","INNS","302","Marion",1,FALSE,4,"mixed"
"304","Nursing Homes - includes property designed for minimal care with or without medical facilities","0304","NURSING HM","304","Marion",1,FALSE,10,"mixed"
"305","Private Hospitals","0305","HOSP PVT","305","Marion",1,FALSE,8,"mixed"
"306","Care and Treatment Facilities - designed and used on a transient basis, including half-way houses and similar facilities","0306","TRANS RES","306","Marion",1,FALSE,9,"mixed"
"311","Bottled Gas and Propane Gas Tanks","0311","RTL GAS ST","311","Marion",1,FALSE,10,"mixed"
"312","Grain and Feed Elevators","0312","GRAIN ELEV","312","Marion",1,FALSE,10,"mixed"
"313","Lumber Yards","0313","LUMBER YRD","313","Marion",1,FALSE,10,"mixed"
"314","Trucking Terminals","0314","TRK TERM","314","Marion",1,FALSE,8,"mixed"
"315","Piers, Wharves, Docks, and related facilities that are used for storage and transit of goods","0315","DOCKYARDS","315","Marion",1,FALSE,9,"mixed"
"316","Other Storage, Warehouse, and Distribution facilities (see also usecode 401)","0316","COMM WHSE","316","Marion",1,FALSE,9,"mixed"
"317","Farm Buildings - barns, silo, utility shed, etc","0317","FARM BLDGS","317","Marion",1,FALSE,10,"mixed"
"318","Commercial Greenhouses","0318","COM GRN HS","318","Marion",1,FALSE,10,"mixed"
"341","Bank Buildings","0341","BANK BLDG","341","Marion",1,FALSE,9,"mixed"
"342","Medical Office Buildings","0342","PROF BLDG","342","Marion",1,FALSE,9,"mixed"
"361","Art Galleries","0361","ART GAL","361","Marion",1,FALSE,7,"mixed"
"362","Motion Picture Theaters","0362","MOVIE THTR","362","Marion",1,FALSE,10,"mixed"
"363","Drive-In Movies","0363","DRIVEINTHT","363","Marion",1,FALSE,10,"mixed"
"364","Legitimate Theaters","0364","THEATER","364","Marion",1,FALSE,7,"mixed"
"365","Stadiums","0365","STADIUMS","365","Marion",1,FALSE,8,"mixed"
"366","Arenas and Field Houses","0366","ARENAS","366","Marion",1,FALSE,6,"mixed"
"367","Race Tracks","0367","RACETRACK","367","Marion",1,FALSE,9,"mixed"
"368","Fairgrounds and Amusement Parks","0368","AMUSE PARK","368","Marion",1,FALSE,10,"mixed"
"000","Use code not known or nor provided.","0369","OTHER CULT","369","Marion",1,TRUE,10,"mixed"
"371","Ice Skating Rinks/Facilities","0371","ICE SKATE","371","Marion",1,FALSE,9,"mixed"
"372","Roller Skating Rinks/Facilities","0372","ROLLER SKT","372","Marion",1,FALSE,10,"mixed"
"373","Indoor Swimming Pools","0373","SWIM POOL","373","Marion",1,FALSE,9,"mixed"
"374","Health Spas","0374","HEALTH SPA","374","Marion",1,FALSE,10,"mixed"
"375","Tennis and/or Racquetball Clubs","0375","TENNIS CLB","375","Marion",1,FALSE,10,"mixed"
"376","Gymnasiums and Athletic Clubs","0376","GYMS","376","Marion",1,FALSE,4,"mixed"
"377","Archery, Billiards, other indoor facilities","0377","OTH IN REC","377","Marion",1,FALSE,10,"mixed"
"381","Tennis Courts (not Ch. 61B)","0381","TENNIS ODR","381","Marion",1,FALSE,10,"mixed"
"382","Riding Stables (not Ch. 61B)","0382","RIDING STB","382","Marion",1,FALSE,10,"mixed"
"383","Beaches or Outdoor Swimming Pools (not Ch. 61B)","0383","BEACHES","383","Marion",1,FALSE,7,"mixed"
"384","Marinas - including marine terminals & associated areas primarily for recreational marine craft (not Ch. 61B)","0384","MARINAS","384","Marion",1,FALSE,7,"mixed"
"385","Fish and Game Clubs (not Ch. 61B)","0385","FISH&GAME","385","Marion",1,FALSE,9,"mixed"
"386","Camping Facilities - accomodations for tents, campers, or travel trailers (not Ch. 61B)","0386","CAMPGROUND","386","Marion",1,FALSE,10,"mixed"
"387","Summer Camps - children's camps (not Ch. 61B)","0387","YTH CAMPS","387","Marion",1,FALSE,9,"mixed"
"388","Other Outdoor facilities - e.g. driving ranges, miniature golf, baseball batting ranges, etc... (not Ch. 61B)","0388","OTHR OUTDR","388","Marion",1,FALSE,10,"mixed"
"389","Structures on land classified under Chapter 61B (Recreational Land)","0389","STRUCT-61B","389","Marion",1,FALSE,10,"mixed"
"401","Warehouses for storage of manufactured products","0401","IND WHSES","401","Marion",1,FALSE,9,"mixed"
"402","Office Building - part of manufacturing operation","0402","IND OFFICE","402","Marion",1,FALSE,10,"mixed"
"403","Land - integral part of manufacturing operation","0403","ACCLND MFG","403","Marion",1,FALSE,10,"mixed"
"404","Research and Development facilities","0404","R-D FACIL","404","Marion",1,FALSE,9,"mixed"
"411","Gypsum Mining/Quarry","0411","GYPSUMMINE","411","Marion",1,FALSE,10,"mixed"
"412","Rock Mining/Quarry","0412","ROCK MINE","412","Marion",1,FALSE,9,"mixed"
"413","Other Mining/Quarry","0413","OTH MINES","413","Marion",1,FALSE,9,"mixed"
"431","Telephone Relay Towers; Cell Towers","0431","TEL REL TW","431","Marion",1,FALSE,10,"mixed"
"432","Cable TV Transmitting Facilities","0432","CBL-TV TR","432","Marion",1,FALSE,9,"mixed"
"433","Radio, Television Transmission Facilities","0433","RAD/TV TR","433","Marion",1,FALSE,9,"mixed"
"711","Tobacco, Sod (Ch. 61A, not classified as Open Space)","0711","TOBACCO SD","711","Marion",1,FALSE,10,"mixed"
"712","Truck Crops - vegetables (Ch. 61A, not classified as Open Space)","0712","TR CRP VEG","712","Marion",1,FALSE,10,"mixed"
"713","Field Crops - hay, wheat, tillable forage, cropland, etc... (Ch. 61A, not classified as Open Space)","0713","FIELD CRPS","713","Marion",1,FALSE,10,"mixed"
"714","Orchards - pears, apples, grape vineyards, etc... (Ch. 61A, not classified as Open Space)","0714","ORCHARDS","714","Marion",1,FALSE,8,"mixed"
"715","Christmas Trees (Ch. 61A, not classified as Open Space)","0715","VINEYARDS","715","Marion",1,FALSE,9,"mixed"
"716","Necessary related land-farm roads, ponds, land under farm buildings (Ch. 61A, not classified as Open Space)","0716","TILL FORAG","716","Marion",1,FALSE,10,"mixed"
"717","Productive Woodland (Ch. 61A, not classified as Open Space, with a Forest Management Plan); woodlots ","0717","PROD WOOD","717","Marion",1,FALSE,9,"mixed"
"718","Pasture (Ch. 61A, not classified as Open Space)","0718","PASTURE","718","Marion",1,FALSE,7,"mixed"
"719","Nurseries (Ch. 61A, not classified as Open Space)","0719","NURSERIES","719","Marion",1,FALSE,9,"mixed"
"811","Swimming Areas (Ch. 61B, not classified as Open Space)","0811","61B SWIM","811","Marion",1,FALSE,8,"mixed"
"812","Picnicking Areas (Ch. 61B, not classified as Open Space)","0812","61B PICNIC","812","Marion",1,FALSE,10,"mixed"
"813","Public Non-Commercial Flying - areas for gliding or hand-gliding (Ch. 61B, not classified as Open Space)","0813","61B GLIDE","813","Marion",1,FALSE,9,"mixed"
"814","Target Shooting - areas for target shooting such as archery, skeet or approved fire-arms (Ch. 61B, not classified as OS)","0814","61B TARGET","814","Marion",1,FALSE,10,"mixed"
"317","Farm Buildings - barns, silo, utility shed, etc","0317","FARM BLDGS","317","Orange",1,FALSE,10,"mixed"
"318","Commercial Greenhouses","0318","COM GRN HS","318","Orange",1,FALSE,10,"mixed"
"385","Fish and Game Clubs (not Ch. 61B)","0385","FISH&GAME","385","Orange",1,FALSE,9,"mixed"
"389","Structures on land classified under Chapter 61B (Recreational Land)","0389","STRUCT-61B","389","Orange",1,FALSE,10,"mixed"
"718","Pasture (Ch. 61A, not classified as Open Space)","0718","IMPUTED - Pasture (Ch. 61A, not classified as Open Space)","718","Groton",1,FALSE,57,"mixed"
"132","Undevelopable Residential Land","0132","RES ACLNUD","132","Palmer",1,FALSE,10,"mixed"
"316","Other Storage, Warehouse, and Distribution facilities (see also usecode 401)","0316","commercial warehouse MDL - 96","316","Palmer",1,FALSE,29,"mixed"
"367","Race Tracks","0367","RACETRACK","367","Palmer",1,FALSE,9,"mixed"
"316","Other Storage, Warehouse, and Distribution facilities (see also usecode 401)","0316","Commercial Warehouse","316","Marlborough",1,FALSE,20,"mixed"
"341","Bank Buildings","0341","Bank Building","341","Marlborough",1,FALSE,13,"mixed"
"342","Medical Office Buildings","0342","Proffesional Building","342","Marlborough",1,FALSE,21,"mixed"
"401","Warehouses for storage of manufactured products","0401","Industrial Warehouses","401","Marlborough",1,FALSE,21,"mixed"
"386","Camping Facilities - accomodations for tents, campers, or travel trailers (not Ch. 61B)","0386","Camping Facilities - accomodations for tents, campers, or travel trailers (not Ch. 61B)","386","Hubbardston",1,FALSE,87,"mixed"
"131","Potentially Developable Residential Land","0131","IMPUTED - Potentially Developable Residential Land","131","Hubbardston",1,FALSE,50,"mixed"
"132","Undevelopable Residential Land","0132","IMPUTED - Undevelopable Residential Land","132","Hubbardston",1,FALSE,40,"mixed"
"000","Use code not known or nor provided.","013C","Other","13C","Duxbury",1,TRUE,5,"mixed"
"000","Use code not known or nor provided.","0302","Other","302","Duxbury",1,TRUE,5,"mixed"
"000","Use code not known or nor provided.","031R","Other","31R","Duxbury",1,TRUE,5,"mixed"
"000","Use code not known or nor provided.","0343","Other","343","Duxbury",1,TRUE,5,"mixed"
"000","Use code not known or nor provided.","0712","Other","712","Duxbury",1,TRUE,5,"mixed"
"000","Use code not known or nor provided.","0716","Other","716","Duxbury",1,TRUE,5,"mixed"
"000","Use code not known or nor provided.","0717","Other","717","Duxbury",1,TRUE,5,"mixed"
"000","Use code not known or nor provided.","0718","Other","718","Duxbury",1,TRUE,5,"mixed"
"000","Use code not known or nor provided.","0132","Other","132","Duxbury",1,TRUE,5,"mixed"
"712","Truck Crops - vegetables (Ch. 61A, not classified as Open Space)","0712","Agricultural: Truck Crops, Vegetables","712","Barre",1,FALSE,37,"mixed"
"302","Inns, Resorts, or Tourist Homes","0302","Inns, Resorts or Tourist Homes","302","Wareham",1,FALSE,30,"mixed"
"000","Use code not known or nor provided.","0137","Other","137","Sunderland",1,TRUE,5,"mixed"
"000","Use code not known or nor provided.","0173","Other","173","Sunderland",1,TRUE,5,"mixed"
"000","Use code not known or nor provided.","0314","Other","314","Sunderland",1,TRUE,5,"mixed"
"000","Use code not known or nor provided.","0317","Other","317","Sunderland",1,TRUE,5,"mixed"
"316","Other Storage, Warehouse, and Distribution facilities (see also usecode 401)","0316","Comm Whse","316","Hingham",1,FALSE,9,"mixed"
"000","Use code not known or nor provided.","0168","Unknown","168","Goshen",1,FALSE,7,"mixed"
"000","Use code not known or nor provided.","0418","Unknown","418","Goshen",1,FALSE,7,"mixed"
"313","Lumber Yards","0313","LUMBER YRD MDL C","313","Middleborough",1,FALSE,16,"mixed"
"316","Other Storage, Warehouse, and Distribution facilities (see also usecode 401)","0316","WAREHOUSE C","316","Middleborough",1,FALSE,11,"mixed"
"301","Motels","0301","MOTELS","301","Middleborough",1,FALSE,6,"mixed"
"317","Farm Buildings - barns, silo, utility shed, etc","0317","FARM BLDGS MDL-94","317","Middleborough",1,FALSE,17,"mixed"
"318","Commercial Greenhouses","0318","COM GRN HS","318","Middleborough",1,FALSE,10,"mixed"
"712","Truck Crops - vegetables (Ch. 61A, not classified as Open Space)","0712","TR CRP VEG","712","Middleborough",1,FALSE,10,"mixed"
"713","Field Crops - hay, wheat, tillable forage, cropland, etc... (Ch. 61A, not classified as Open Space)","0713","FIELD CRPS","713","Middleborough",1,FALSE,10,"mixed"
"714","Orchards - pears, apples, grape vineyards, etc... (Ch. 61A, not classified as Open Space)","0714","ORCHARDS
ORCHARDS
","714","Middleborough",1,FALSE,18,"mixed"
"715","Christmas Trees (Ch. 61A, not classified as Open Space)","0715","VINEYARDS","715","Middleborough",1,FALSE,9,"mixed"
"716","Necessary related land-farm roads, ponds, land under farm buildings (Ch. 61A, not classified as Open Space)","0716","TILL FORAG","716","Middleborough",1,FALSE,10,"mixed"
"717","Productive Woodland (Ch. 61A, not classified as Open Space, with a Forest Management Plan); woodlots ","0717","PROD WOOD","717","Middleborough",1,FALSE,9,"mixed"
"314","Trucking Terminals","0314","TRK TERM","314","Newburyport",1,FALSE,8,"mixed"
"315","Piers, Wharves, Docks, and related facilities that are used for storage and transit of goods","0315","DOCKYARDS","315","Newburyport",1,FALSE,9,"mixed"
"316","Other Storage, Warehouse, and Distribution facilities (see also usecode 401)","0316","COMM WHSE","316","Newburyport",1,FALSE,9,"mixed"
"317","Farm Buildings - barns, silo, utility shed, etc","0317","FARM BLDGS","317","Newburyport",1,FALSE,10,"mixed"
"318","Commercial Greenhouses","0318","COM GRN HS","318","Newburyport",1,FALSE,10,"mixed"
"341","Bank Buildings","0341","BANK BLDG","341","Newburyport",1,FALSE,9,"mixed"
"342","Medical Office Buildings","0342","PROF BLDG","342","Newburyport",1,FALSE,9,"mixed"
"361","Art Galleries","0361","ART GAL","361","Newburyport",1,FALSE,7,"mixed"
"362","Motion Picture Theaters","0362","MOVIE THTR","362","Newburyport",1,FALSE,10,"mixed"
"363","Drive-In Movies","0363","DRIVEINTHT","363","Newburyport",1,FALSE,10,"mixed"
"364","Legitimate Theaters","0364","THEATER","364","Newburyport",1,FALSE,7,"mixed"
"365","Stadiums","0365","STADIUMS","365","Newburyport",1,FALSE,8,"mixed"
"366","Arenas and Field Houses","0366","ARENAS","366","Newburyport",1,FALSE,6,"mixed"
"367","Race Tracks","0367","RACETRACK","367","Newburyport",1,FALSE,9,"mixed"
"368","Fairgrounds and Amusement Parks","0368","AMUSE PARK","368","Newburyport",1,FALSE,10,"mixed"
"000","Use code not known or nor provided.","0369","OTHER CULT","369","Newburyport",1,TRUE,10,"mixed"
"371","Ice Skating Rinks/Facilities","0371","ICE SKATE","371","Newburyport",1,FALSE,9,"mixed"
"372","Roller Skating Rinks/Facilities","0372","ROLLER SKT","372","Newburyport",1,FALSE,10,"mixed"
"373","Indoor Swimming Pools","0373","SWIM POOL","373","Newburyport",1,FALSE,9,"mixed"
"374","Health Spas","0374","HEALTH SPA","374","Newburyport",1,FALSE,10,"mixed"
"375","Tennis and/or Racquetball Clubs","0375","TENNIS CLB","375","Newburyport",1,FALSE,10,"mixed"
"376","Gymnasiums and Athletic Clubs","0376","GYMS","376","Newburyport",1,FALSE,4,"mixed"
"377","Archery, Billiards, other indoor facilities","0377","OTH IN REC","377","Newburyport",1,FALSE,10,"mixed"
"381","Tennis Courts (not Ch. 61B)","0381","TENNIS ODR","381","Newburyport",1,FALSE,10,"mixed"
"382","Riding Stables (not Ch. 61B)","0382","RIDING STB","382","Newburyport",1,FALSE,10,"mixed"
"383","Beaches or Outdoor Swimming Pools (not Ch. 61B)","0383","BEACHES","383","Newburyport",1,FALSE,7,"mixed"
"384","Marinas - including marine terminals & associated areas primarily for recreational marine craft (not Ch. 61B)","0384","MARINAS","384","Newburyport",1,FALSE,7,"mixed"
"385","Fish and Game Clubs (not Ch. 61B)","0385","FISH&GAME","385","Newburyport",1,FALSE,9,"mixed"
"386","Camping Facilities - accomodations for tents, campers, or travel trailers (not Ch. 61B)","0386","CAMPGROUND","386","Newburyport",1,FALSE,10,"mixed"
"387","Summer Camps - children's camps (not Ch. 61B)","0387","YTH CAMPS","387","Newburyport",1,FALSE,9,"mixed"
"388","Other Outdoor facilities - e.g. driving ranges, miniature golf, baseball batting ranges, etc... (not Ch. 61B)","0388","OTHR OUTDR","388","Newburyport",1,FALSE,10,"mixed"
"389","Structures on land classified under Chapter 61B (Recreational Land)","0389","STRUCT-61B","389","Newburyport",1,FALSE,10,"mixed"
"000","Use code not known or nor provided.","013C","Other","13C","Worcester",1,TRUE,5,"mixed"
"000","Use code not known or nor provided.","013M","Other","13M","Worcester",1,TRUE,5,"mixed"
"000","Use code not known or nor provided.","031C","Other","31C","Worcester",1,TRUE,5,"mixed"
"401","Warehouses for storage of manufactured products","0401","IND WHSES","401","Newburyport",1,FALSE,9,"mixed"
"402","Office Building - part of manufacturing operation","0402","IND OFFICE","402","Newburyport",1,FALSE,10,"mixed"
"403","Land - integral part of manufacturing operation","0403","ACCLND MFG","403","Newburyport",1,FALSE,10,"mixed"
"404","Research and Development facilities","0404","R-D FACIL","404","Newburyport",1,FALSE,9,"mixed"
"411","Gypsum Mining/Quarry","0411","GYPSUMMINE","411","Newburyport",1,FALSE,10,"mixed"
"412","Rock Mining/Quarry","0412","ROCK MINE","412","Newburyport",1,FALSE,9,"mixed"
"413","Other Mining/Quarry","0413","OTH MINES","413","Newburyport",1,FALSE,9,"mixed"
"431","Telephone Relay Towers; Cell Towers","0431","TEL REL TW","431","Newburyport",1,FALSE,10,"mixed"
"432","Cable TV Transmitting Facilities","0432","CBL-TV TR","432","Newburyport",1,FALSE,9,"mixed"
"433","Radio, Television Transmission Facilities","0433","RAD/TV TR","433","Newburyport",1,FALSE,9,"mixed"
"711","Tobacco, Sod (Ch. 61A, not classified as Open Space)","0711","TOBACCO SD","711","Newburyport",1,FALSE,10,"mixed"
"712","Truck Crops - vegetables (Ch. 61A, not classified as Open Space)","0712","TR CRP VEG","712","Newburyport",1,FALSE,10,"mixed"
"713","Field Crops - hay, wheat, tillable forage, cropland, etc... (Ch. 61A, not classified as Open Space)","0713","FIELD CRPS","713","Newburyport",1,FALSE,10,"mixed"
"714","Orchards - pears, apples, grape vineyards, etc... (Ch. 61A, not classified as Open Space)","0714","ORCHARDS","714","Newburyport",1,FALSE,8,"mixed"
"715","Christmas Trees (Ch. 61A, not classified as Open Space)","0715","VINEYARDS","715","Newburyport",1,FALSE,9,"mixed"
"716","Necessary related land-farm roads, ponds, land under farm buildings (Ch. 61A, not classified as Open Space)","0716","TILL FORAG","716","Newburyport",1,FALSE,10,"mixed"
"717","Productive Woodland (Ch. 61A, not classified as Open Space, with a Forest Management Plan); woodlots ","0717","PROD WOOD","717","Newburyport",1,FALSE,9,"mixed"
"718","Pasture (Ch. 61A, not classified as Open Space)","0718","PASTURE","718","Newburyport",1,FALSE,7,"mixed"
"719","Nurseries (Ch. 61A, not classified as Open Space)","0719","NURSERIES","719","Newburyport",1,FALSE,9,"mixed"
"811","Swimming Areas (Ch. 61B, not classified as Open Space)","0811","61B SWIM","811","Newburyport",1,FALSE,8,"mixed"
"812","Picnicking Areas (Ch. 61B, not classified as Open Space)","0812","61B PICNIC","812","Newburyport",1,FALSE,10,"mixed"
"813","Public Non-Commercial Flying - areas for gliding or hand-gliding (Ch. 61B, not classified as Open Space)","0813","61B GLIDE","813","Newburyport",1,FALSE,9,"mixed"
"814","Target Shooting - areas for target shooting such as archery, skeet or approved fire-arms (Ch. 61B, not classified as OS)","0814","61B TARGET","814","Newburyport",1,FALSE,10,"mixed"
"313","Lumber Yards","0313","Lumer Yard","313","Ashburnham",1,FALSE,10,"mixed"
"341","Bank Buildings","0341","Bank Buildings","341","Ashburnham",1,FALSE,14,"mixed"
"131","Potentially Developable Residential Land","0131","IMPUTED - Potentially Developable Residential Land","131","Ashburnham",1,FALSE,50,"mixed"
"132","Undevelopable Residential Land","0132","IMPUTED - Undevelopable Residential Land","132","Ashburnham",1,FALSE,40,"mixed"
"000","Use code not known or nor provided.","0186","Unknown","186","Winchendon",1,FALSE,7,"mixed"
"316","Other Storage, Warehouse, and Distribution facilities (see also usecode 401)","0316","Comm whse","316","Mattapoisett",1,FALSE,9,"mixed"
"384","Marinas - including marine terminals & associated areas primarily for recreational marine craft (not Ch. 61B)","0384","Marina","384","Mattapoisett",1,FALSE,6,"mixed"
"712","Truck Crops - vegetables (Ch. 61A, not classified as Open Space)","0712","Tr Crop Veg","712","Mattapoisett",1,FALSE,11,"mixed"
"713","Field Crops - hay, wheat, tillable forage, cropland, etc... (Ch. 61A, not classified as Open Space)","0713","Field Crops","713","Mattapoisett",1,FALSE,11,"mixed"
"718","Pasture (Ch. 61A, not classified as Open Space)","0718","Pasture","718","Mattapoisett",1,FALSE,7,"mixed"
"316","Other Storage, Warehouse, and Distribution facilities (see also usecode 401)","0316","Warehouse","316","Lowell",1,FALSE,9,"mixed"
"316","Other Storage, Warehouse, and Distribution facilities (see also usecode 401)","0316","COMM WHSE","316","Rehoboth",1,FALSE,9,"mixed"
"374","Health Spas","0374","HEALTH SPA","374","Rehoboth",1,FALSE,10,"mixed"
"388","Other Outdoor facilities - e.g. driving ranges, miniature golf, baseball batting ranges, etc... (not Ch. 61B)","0388","OTHR OUTDR M-94","388","Rehoboth",1,FALSE,15,"mixed"
"712","Truck Crops - vegetables (Ch. 61A, not classified as Open Space)","0712","TR CRP VEG","712","Rehoboth",1,FALSE,10,"mixed"
"713","Field Crops - hay, wheat, tillable forage, cropland, etc... (Ch. 61A, not classified as Open Space)","0713","FIELD CRPS","713","Rehoboth",1,FALSE,10,"mixed"
"382","Riding Stables (not Ch. 61B)","0382","RIDING STB","382","Rehoboth",1,FALSE,10,"mixed"
"342","Medical Office Buildings","0342","Professional Office","342","Lowell",1,FALSE,19,"mixed"
"401","Warehouses for storage of manufactured products","0401","Warehouse","401","Lowell",1,FALSE,9,"mixed"
"316","Other Storage, Warehouse, and Distribution facilities (see also usecode 401)","0316","COMM WHSE","316","Easthampton",1,FALSE,9,"mixed"
"716","Necessary related land-farm roads, ponds, land under farm buildings (Ch. 61A, not classified as Open Space)","0716","TILL FORAG","716","Easthampton",1,FALSE,10,"mixed"
"341","Bank Buildings","0341","Office Building - Bank Buildings","341","Lowell",1,FALSE,32,"mixed"
"317","Farm Buildings - barns, silo, utility shed, etc","0317","Farm buildings","317","Easthampton",1,FALSE,14,"mixed"
"132","Undevelopable Residential Land","0132","IMPUTED - RES ACLNUD","132","Easthampton",1,FALSE,20,"mixed"
"318","Commercial Greenhouses","0318","residential/commercial/recreation","318","Littleton",1,FALSE,33,"mixed"
"317","Farm Buildings - barns, silo, utility shed, etc","0317","FARM BLDGS","317","Wrentham",1,FALSE,10,"mixed"
"342","Medical Office Buildings","0342","PROF BLDG","342","Northbridge",1,FALSE,9,"mixed"
"388","Other Outdoor facilities - e.g. driving ranges, miniature golf, baseball batting ranges, etc... (not Ch. 61B)","0388","OTHR OUTDR","388","Northbridge",1,FALSE,10,"mixed"
"000","Use code not known or nor provided.","0137","Unknown","137","Leicester",1,FALSE,7,"mixed"
"000","Use code not known or nor provided.","0186","Unknown","186","Leicester",1,FALSE,7,"mixed"
"000","Use code not known or nor provided.","0318","Unknown","318","Leicester",1,FALSE,7,"mixed"
"718","Pasture (Ch. 61A, not classified as Open Space)","0718","Chapter 61A Pasture - 1 year","718","Petersham",1,FALSE,28,"mixed"
"301","Motels","0301","MOTEL","301","Gloucester",1,FALSE,5,"mixed"
"306","Care and Treatment Facilities - designed and used on a transient basis, including half-way houses and similar facilities","0306","TRANS RES","306","Gloucester",1,FALSE,9,"mixed"
"314","Trucking Terminals","0314","TRUCK TERMINAL","314","Gloucester",1,FALSE,14,"mixed"
"315","Piers, Wharves, Docks, and related facilities that are used for storage and transit of goods","0315","DOCKYARDS","315","Gloucester",1,FALSE,9,"mixed"
"342","Medical Office Buildings","0342","PROF OFFICE","342","Gloucester",1,FALSE,11,"mixed"
"361","Art Galleries","0361","ART GAL","361","Gloucester",1,FALSE,7,"mixed"
"384","Marinas - including marine terminals & associated areas primarily for recreational marine craft (not Ch. 61B)","0384","MARINA","384","Gloucester",1,FALSE,6,"mixed"
"401","Warehouses for storage of manufactured products","0401","IND WHSES","401","Gloucester",1,FALSE,9,"mixed"
"402","Office Building - part of manufacturing operation","0402","Ind Office","402","Gloucester",1,FALSE,10,"mixed"
"389","Structures on land classified under Chapter 61B (Recreational Land)","0389","STRUCT-61B","389","Gloucester",1,FALSE,10,"mixed"
"131","Potentially Developable Residential Land","0131","RES ACLNPO","131","Newburyport",1,FALSE,10,"mixed"
"132","Undevelopable Residential Land","0132","RES ACLNUD","132","Newburyport",1,FALSE,10,"mixed"
"211","Non-Productive Vacant Land","0211","NONPROD VC","211","Newburyport",1,FALSE,10,"mixed"
"301","Motels","0301","MOTELS","301","Newburyport",1,FALSE,6,"mixed"
"302","Inns, Resorts, or Tourist Homes","0302","INNS","302","Newburyport",1,FALSE,4,"mixed"
"304","Nursing Homes - includes property designed for minimal care with or without medical facilities","0304","NURSING HM","304","Newburyport",1,FALSE,10,"mixed"
"305","Private Hospitals","0305","HOSP PVT","305","Newburyport",1,FALSE,8,"mixed"
"306","Care and Treatment Facilities - designed and used on a transient basis, including half-way houses and similar facilities","0306","TRANS RES","306","Newburyport",1,FALSE,9,"mixed"
"311","Bottled Gas and Propane Gas Tanks","0311","RTL GAS ST","311","Newburyport",1,FALSE,10,"mixed"
"312","Grain and Feed Elevators","0312","GRAIN ELEV","312","Newburyport",1,FALSE,10,"mixed"
"313","Lumber Yards","0313","LUMBER YRD","313","Newburyport",1,FALSE,10,"mixed"
"402","Office Building - part of manufacturing operation","0402","Ind-Whse/Office
Ind-Whse/Office","402","Norwood",1,FALSE,32,"mixed"
"717","Productive Woodland (Ch. 61A, not classified as Open Space, with a Forest Management Plan); woodlots ","0717","Forest Management","717","Wales",1,FALSE,17,"mixed"
"718","Pasture (Ch. 61A, not classified as Open Space)","0718","Pasture land","718","Wales",1,FALSE,12,"mixed"
"132","Undevelopable Residential Land","0132","Undevelopable lands","132","Norwood",1,FALSE,19,"mixed"
"374","Health Spas","0374","Health Spas","374","Norwood",1,FALSE,11,"mixed"
"132","Undevelopable Residential Land","0132","Undevelopable Land","132","Southwick",1,FALSE,18,"mixed"
"313","Lumber Yards","0313","Lumber Yards","313","Southwick",1,FALSE,12,"mixed"
"317","Farm Buildings - barns, silo, utility shed, etc","0317","Farm Buildings - barns, silo, utility shed, ect..","317","Southwick",1,FALSE,49,"mixed"
"342","Medical Office Buildings","0342","Medical Office Buildings","342","Southwick",1,FALSE,24,"mixed"
"386","Camping Facilities - accomodations for tents, campers, or travel trailers (not Ch. 61B)","0386","Camping Facilities - accommodations for tents, campers or travel trailers","386","Southwick",1,FALSE,73,"mixed"
"000","Use code not known or nor provided.","0388","Other Outdoor facilities- e.g., driving ranges, miniature golf, baseball batting ranges, etc..","388","Southwick",1,TRUE,94,"mixed"
"711","Tobacco, Sod (Ch. 61A, not classified as Open Space)","0711","Tobacco, Sod","711","Southwick",1,FALSE,12,"mixed"
"712","Truck Crops - vegetables (Ch. 61A, not classified as Open Space)","0712","Truck Crops, vegetables","712","Southwick",1,FALSE,23,"mixed"
"713","Field Crops - hay, wheat, tillable forage, cropland, etc... (Ch. 61A, not classified as Open Space)","0713","Field Crops - hay, wheat, tillable forage cropland etc.","713","Southwick",1,FALSE,55,"mixed"
"715","Christmas Trees (Ch. 61A, not classified as Open Space)","0715","Christmas Trees","715","Southwick",1,FALSE,15,"mixed"
"718","Pasture (Ch. 61A, not classified as Open Space)","0718","Pasture","718","Southwick",1,FALSE,7,"mixed"
"361","Art Galleries","0361","Art Galleries","361","Greenfield",1,FALSE,13,"mixed"
"381","Tennis Courts (not Ch. 61B)","0381","Tennis Courts","381","Greenfield",1,FALSE,13,"mixed"
"000","Use code not known or nor provided.","0741","Other","741","Greenfield",1,TRUE,5,"mixed"
"000","Use code not known or nor provided.","0834","Other","834","Greenfield",1,TRUE,5,"mixed"
"000","Use code not known or nor provided.","0163","Other","163","Greenfield",1,TRUE,5,"mixed"
"000","Use code not known or nor provided.","0716","Other","716","Greenfield",1,TRUE,5,"mixed"
"713","Field Crops - hay, wheat, tillable forage, cropland, etc... (Ch. 61A, not classified as Open Space)","0713","FIELD CRPS","713","Shutesbury",1,FALSE,10,"mixed"
"000","Use code not known or nor provided.","013C","Unknown","13C","Norwell",1,FALSE,7,"mixed"
"000","Use code not known or nor provided.","034R","Unknown","34R","Norwell",1,FALSE,7,"mixed"
"000","Use code not known or nor provided.","0342","Unknown","342","Norwell",1,FALSE,7,"mixed"
"368","Fairgrounds and Amusement Parks","0368","Chapter Land","368","Uxbridge",1,FALSE,12,"mixed"
"386","Camping Facilities - accomodations for tents, campers, or travel trailers (not Ch. 61B)","0386","camp ground","386","Oakham",1,FALSE,11,"mixed"
"713","Field Crops - hay, wheat, tillable forage, cropland, etc... (Ch. 61A, not classified as Open Space)","0713","field crops","713","Oakham",1,FALSE,11,"mixed"
"716","Necessary related land-farm roads, ponds, land under farm buildings (Ch. 61A, not classified as Open Space)","0716","tillable forage","716","Oakham",1,FALSE,15,"mixed"
"718","Pasture (Ch. 61A, not classified as Open Space)","0718","pasture","718","Oakham",1,FALSE,7,"mixed"
"000","Use code not known or nor provided.","0712","Other","712","South Hadley",1,TRUE,5,"mixed"
"000","Use code not known or nor provided.","0716","Other","716","South Hadley",1,TRUE,5,"mixed"
"000","Use code not known or nor provided.","0718","Other","718","South Hadley",1,TRUE,5,"mixed"
"000","Use code not known or nor provided.","0385","Unknown","385","Holland",1,FALSE,7,"mixed"
"382","Riding Stables (not Ch. 61B)","0382","RIDING STABLE C","382","Sutton",1,FALSE,15,"mixed"
"386","Camping Facilities - accomodations for tents, campers, or travel trailers (not Ch. 61B)","0386","CAMPGROUND","386","Sutton",1,FALSE,10,"mixed"
"716","Necessary related land-farm roads, ponds, land under farm buildings (Ch. 61A, not classified as Open Space)","0716","TILL FORAG","716","Sutton",1,FALSE,10,"mixed"
"302","Inns, Resorts, or Tourist Homes","0302","Inns, Resorts, or Tourist Homes","302","Oak Bluffs",1,FALSE,31,"mixed"
"302","Inns, Resorts, or Tourist Homes","0302","Inns, Resorts, or Tourist Homes","302","Aquinnah",1,FALSE,31,"mixed"
"132","Undevelopable Residential Land","0132","RES ACLNUD","132","Easton",1,FALSE,10,"mixed"
"342","Medical Office Buildings","0342","PROF BLDG MDL-96","342","Easton",1,FALSE,16,"mixed"
"712","Truck Crops - vegetables (Ch. 61A, not classified as Open Space)","0712","TR CRP VEG MDL-00","712","Easton",1,FALSE,17,"mixed"
"385","Fish and Game Clubs (not Ch. 61B)","0385","FISH&GAME","385","Easton",1,FALSE,9,"mixed"
"387","Summer Camps - children's camps (not Ch. 61B)","0387","YTH CAMPS","387","Easton",1,FALSE,9,"mixed"
"716","Necessary related land-farm roads, ponds, land under farm buildings (Ch. 61A, not classified as Open Space)","0716","TILL FORAG  MDL-00","716","Easton",1,FALSE,18,"mixed"
"000","Use code not known or nor provided.","0137","Other","137","Methuen",1,TRUE,5,"mixed"
"317","Farm Buildings - barns, silo, utility shed, etc","0317","FARM BLDGS","317","Boxford",1,FALSE,10,"mixed"
"715","Christmas Trees (Ch. 61A, not classified as Open Space)","0715","VINEYARDS","715","Boxford",1,FALSE,9,"mixed"
"131","Potentially Developable Residential Land","0131","MULTIUSE-RES","131","Cambridge",1,FALSE,12,"mixed"
"311","Bottled Gas and Propane Gas Tanks","0311","MULTIUSE-COM","311","Cambridge",1,FALSE,12,"mixed"
"313","Lumber Yards","0313","MULTIUSE-COM","313","Cambridge",1,FALSE,12,"mixed"
"302","Inns, Resorts, or Tourist Homes","0302","Inns, Resorts, or Tourist Homes","302","Otis",1,FALSE,31,"mixed"
"387","Summer Camps - children's camps (not Ch. 61B)","0387","Summer Camps - children's camps (not Ch. 61B)","387","Otis",1,FALSE,45,"mixed"
"316","Other Storage, Warehouse, and Distribution facilities (see also usecode 401)","0316","Comm Whse","316","Otis",1,FALSE,9,"mixed"
"412","Rock Mining/Quarry","0412","ROCK MINE","412","Otis",1,FALSE,9,"mixed"
"317","Farm Buildings - barns, silo, utility shed, etc","0317","Farm Buildings - barns, silo, utility shed, etc","317","Pepperell",1,FALSE,47,"mixed"
"000","Use code not known or nor provided.","0413","Other Mining/Quarry","413","Pepperell",1,TRUE,19,"mixed"
"317","Farm Buildings - barns, silo, utility shed, etc","0317","Farm Buildings - barns, silo, utility shed, etc.","317","Acushnet",1,FALSE,49,"mixed"
"131","Potentially Developable Residential Land","0131","Res Aclnpo","131","East Brookfield",1,FALSE,10,"mixed"
"317","Farm Buildings - barns, silo, utility shed, etc","0317","FARM BLDGS","317","East Brookfield",1,FALSE,10,"mixed"
"401","Warehouses for storage of manufactured products","0401","IND WHSES","401","East Brookfield",1,FALSE,9,"mixed"
"403","Land - integral part of manufacturing operation","0403","ACCLND IND","403","East Brookfield",1,FALSE,10,"mixed"
"317","Farm Buildings - barns, silo, utility shed, etc","0317","Commercial, Residential, Agricultural","317","Lanesborough",1,FALSE,37,"mixed"
"384","Marinas - including marine terminals & associated areas primarily for recreational marine craft (not Ch. 61B)","0384","Commercial, Residential, Industrial","384","Lanesborough",1,FALSE,35,"mixed"
"342","Medical Office Buildings","0342","Medical Office Buildings","342","Acton",1,FALSE,24,"mixed"
"132","Undevelopable Residential Land","0132","Res ACLNUD","132","Acton",1,FALSE,10,"mixed"
"712","Truck Crops - vegetables (Ch. 61A, not classified as Open Space)","0712","TR CRP VEG","712","Leominster",1,FALSE,10,"mixed"
"713","Field Crops - hay, wheat, tillable forage, cropland, etc... (Ch. 61A, not classified as Open Space)","0713","FIELD CRPS","713","Leominster",1,FALSE,10,"mixed"
"714","Orchards - pears, apples, grape vineyards, etc... (Ch. 61A, not classified as Open Space)","0714","ORCHARDS","714","Leominster",1,FALSE,8,"mixed"
"716","Necessary related land-farm roads, ponds, land under farm buildings (Ch. 61A, not classified as Open Space)","0716","TILL FORAG","716","Leominster",1,FALSE,10,"mixed"
"717","Productive Woodland (Ch. 61A, not classified as Open Space, with a Forest Management Plan); woodlots ","0717","PROD WOOD","717","Leominster",1,FALSE,9,"mixed"
"719","Nurseries (Ch. 61A, not classified as Open Space)","0719","NURSERIES","719","Leominster",1,FALSE,9,"mixed"
"814","Target Shooting - areas for target shooting such as archery, skeet or approved fire-arms (Ch. 61B, not classified as OS)","0814","61B TARGET","814","Leominster",1,FALSE,10,"mixed"
"387","Summer Camps - children's camps (not Ch. 61B)","0387","COM/61B/61A","387","Franklin",1,FALSE,11,"mixed"
"717","Productive Woodland (Ch. 61A, not classified as Open Space, with a Forest Management Plan); woodlots ","0717","Productive Wood","717","Westminster",1,FALSE,15,"mixed"
"131","Potentially Developable Residential Land","0131","Potentially Developable Residential Land","131","Tewksbury",1,FALSE,40,"mixed"
"305","Private Hospitals","0305","Private Hospitals","305","Tewksbury",1,FALSE,17,"mixed"
"718","Pasture (Ch. 61A, not classified as Open Space)","0718","Pasture (Ch. 61A, not classified as Open Space)","718","Tewksbury",1,FALSE,47,"mixed"
"719","Nurseries (Ch. 61A, not classified as Open Space)","0719","Nurseries (Ch. 61A, not classified as Open Space)","719","Tewksbury",1,FALSE,49,"mixed"
"313","Lumber Yards","0313","Lumber Yard","313","Tewksbury",1,FALSE,11,"mixed"
"342","Medical Office Buildings","0342","Professional Building","342","Tewksbury",1,FALSE,21,"mixed"
"342","Medical Office Buildings","0342","PROF BLDG  MDL-94","342","West Springfield",1,FALSE,17,"mixed"
"301","Motels","0301","MOTELS","301","West Springfield",1,FALSE,6,"mixed"
"316","Other Storage, Warehouse, and Distribution facilities (see also usecode 401)","0316","Commercial Warehouse","316","Tewksbury",1,FALSE,20,"mixed"
"313","Lumber Yards","0313","LUMBER YRD MDL C","313","Chelmsford",1,FALSE,16,"mixed"
"316","Other Storage, Warehouse, and Distribution facilities (see also usecode 401)","0316","WAREHOUSE C","316","Chelmsford",1,FALSE,11,"mixed"
"381","Tennis Courts (not Ch. 61B)","0381","Commercial/chapter 61B/Residential","381","Sherborn",1,FALSE,34,"mixed"
"317","Farm Buildings - barns, silo, utility shed, etc","0317","commercial/residential/agricultural","317","Sherborn",1,FALSE,35,"mixed"
"318","Commercial Greenhouses","0318","commercial/residential/recreational","318","Sherborn",1,FALSE,35,"mixed"
"387","Summer Camps - children's camps (not Ch. 61B)","0387","commercial/recreational/agricultural","387","Sherborn",1,FALSE,36,"mixed"
"132","Undevelopable Residential Land","0132","RESIDNTL","132","Chelmsford",1,FALSE,8,"mixed"
"305","Private Hospitals","0305","COMMERC.","305","Chelmsford",1,FALSE,8,"mixed"
"713","Field Crops - hay, wheat, tillable forage, cropland, etc... (Ch. 61A, not classified as Open Space)","0713","61A","713","Chelmsford",1,FALSE,3,"mixed"
"714","Orchards - pears, apples, grape vineyards, etc... (Ch. 61A, not classified as Open Space)","0714","61A","714","Chelmsford",1,FALSE,3,"mixed"
"712","Truck Crops - vegetables (Ch. 61A, not classified as Open Space)","0712","TR CRP Veg","712","Chelmsford",1,FALSE,10,"mixed"
"716","Necessary related land-farm roads, ponds, land under farm buildings (Ch. 61A, not classified as Open Space)","0716","TILL FORAG","716","Chelmsford",1,FALSE,10,"mixed"
"717","Productive Woodland (Ch. 61A, not classified as Open Space, with a Forest Management Plan); woodlots ","0717","PROD WOOD","717","Chelmsford",1,FALSE,9,"mixed"
"718","Pasture (Ch. 61A, not classified as Open Space)","0718","PASTURE","718","Chelmsford",1,FALSE,7,"mixed"
"719","Nurseries (Ch. 61A, not classified as Open Space)","0719","NURSERIES","719","Chelmsford",1,FALSE,9,"mixed"
"719","Nurseries (Ch. 61A, not classified as Open Space)","0719","Nurseries","719","Truro",1,FALSE,9,"mixed"
"714","Orchards - pears, apples, grape vineyards, etc... (Ch. 61A, not classified as Open Space)","0714","Orchards - pears, apples, grape vineyards, etc...","714","Truro",1,FALSE,49,"mixed"
"712","Truck Crops - vegetables (Ch. 61A, not classified as Open Space)","0712","Truck Crops - vegetables","712","Truro",1,FALSE,24,"mixed"
"301","Motels","0301","Misc","301","Saugus",1,FALSE,4,"mixed"
"387","Summer Camps - children's camps (not Ch. 61B)","0387","Misc","387","Saugus",1,FALSE,4,"mixed"
"316","Other Storage, Warehouse, and Distribution facilities (see also usecode 401)","0316","Comm Whse MDL - 96","316","Attleboro",1,FALSE,18,"mixed"
"342","Medical Office Buildings","0342","PROF BLDG","342","Attleboro",1,FALSE,9,"mixed"
"714","Orchards - pears, apples, grape vineyards, etc... (Ch. 61A, not classified as Open Space)","0714","ORCHARDS","714","Attleboro",1,FALSE,8,"mixed"
"718","Pasture (Ch. 61A, not classified as Open Space)","0718","PASTURE","718","Attleboro",1,FALSE,7,"mixed"
"811","Swimming Areas (Ch. 61B, not classified as Open Space)","0811","61B SWIM","811","Attleboro",1,FALSE,8,"mixed"
"311","Bottled Gas and Propane Gas Tanks","0311","RTL GAS ST","311","Attleboro",1,FALSE,10,"mixed"
"318","Commercial Greenhouses","0318","COM GRN HS  MDL-94","318","Sharon",1,FALSE,18,"mixed"
"342","Medical Office Buildings","0342","PROF BLDG","342","Sharon",1,FALSE,9,"mixed"
"385","Fish and Game Clubs (not Ch. 61B)","0385","FISH&GAME","385","Sharon",1,FALSE,9,"mixed"
"132","Undevelopable Residential Land","0132","Undevelopable Residential Land","132","Woburn",1,FALSE,30,"mixed"
"719","Nurseries (Ch. 61A, not classified as Open Space)","0719","NURSERIES","719","Agawam",1,FALSE,9,"mixed"
"316","Other Storage, Warehouse, and Distribution facilities (see also usecode 401)","0316","Warehouse","316","Sturbridge",1,FALSE,9,"mixed"
"131","Potentially Developable Residential Land","0131","RES ACLNPO","131","Barnstable",1,FALSE,10,"mixed"
"384","Marinas - including marine terminals & associated areas primarily for recreational marine craft (not Ch. 61B)","0384","MARINAS","384","Barnstable",1,FALSE,7,"mixed"
"316","Other Storage, Warehouse, and Distribution facilities (see also usecode 401)","0316","COMM WHSE  MDL-96","316","Barnstable",1,FALSE,17,"mixed"
"342","Medical Office Buildings","0342","PROF BLDG  MDL-94","342","Barnstable",1,FALSE,17,"mixed"
"316","Other Storage, Warehouse, and Distribution facilities (see also usecode 401)","0316","Comm Warehouse","316","Rutland",1,FALSE,14,"mixed"
"713","Field Crops - hay, wheat, tillable forage, cropland, etc... (Ch. 61A, not classified as Open Space)","0713","field corps/ hay tillable","713","Rutland",1,FALSE,25,"mixed"
"315","Piers, Wharves, Docks, and related facilities that are used for storage and transit of goods","0315","DOCKYARDS","315","Barnstable",1,FALSE,9,"mixed"
"317","Farm Buildings - barns, silo, utility shed, etc","0317","FARM BLDGS","317","Barnstable",1,FALSE,10,"mixed"
"716","Necessary related land-farm roads, ponds, land under farm buildings (Ch. 61A, not classified as Open Space)","0716","NECRELLND M96","716","Barnstable",1,FALSE,13,"mixed"
"712","Truck Crops - vegetables (Ch. 61A, not classified as Open Space)","0712","61A TR CROP VEG","712","Barnstable",1,FALSE,15,"mixed"
"713","Field Crops - hay, wheat, tillable forage, cropland, etc... (Ch. 61A, not classified as Open Space)","0713","61A FIELD CROPS","713","Barnstable",1,FALSE,15,"mixed"
"715","Christmas Trees (Ch. 61A, not classified as Open Space)","0715","61A XMAS TREES","715","Barnstable",1,FALSE,14,"mixed"
"717","Productive Woodland (Ch. 61A, not classified as Open Space, with a Forest Management Plan); woodlots ","0717","61A PROD WOOD","717","Barnstable",1,FALSE,13,"mixed"
"718","Pasture (Ch. 61A, not classified as Open Space)","0718","61A PASTURE","718","Barnstable",1,FALSE,11,"mixed"
"719","Nurseries (Ch. 61A, not classified as Open Space)","0719","61A NURSERIES","719","Barnstable",1,FALSE,13,"mixed"
"131","Potentially Developable Residential Land","0131","RES ACLNPO","131","Boylston",1,FALSE,10,"mixed"
"712","Truck Crops - vegetables (Ch. 61A, not classified as Open Space)","0712","IMPUTED - Truck Crops - vegetables (Ch. 61A, not classified as Open Space)","712","Granby",1,FALSE,74,"mixed"
"713","Field Crops - hay, wheat, tillable forage, cropland, etc... (Ch. 61A, not classified as Open Space)","0713","IMPUTED - Field Crops - hay, wheat, tillable forage, cropland, etc... (Ch. 61A, not classified as Open Space)","713","Granby",1,FALSE,109,"mixed"
"714","Orchards - pears, apples, grape vineyards, etc... (Ch. 61A, not classified as Open Space)","0714","IMPUTED - Orchards - pears, apples, grape vineyards, etc... (Ch. 61A, not classified as Open Space)","714","Granby",1,FALSE,99,"mixed"
"716","Necessary related land-farm roads, ponds, land under farm buildings (Ch. 61A, not classified as Open Space)","0716","IMPUTED - Necessary related land-farm roads, ponds, land under farm buildings (Ch. 61A, not classified as Open Space)","716","Granby",1,FALSE,117,"mixed"
"717","Productive Woodland (Ch. 61A, not classified as Open Space, with a Forest Management Plan); woodlots ","0717","IMPUTED - Productive Woodland - woodlots (Ch. 61A, not classified as Open Space)","717","Granby",1,FALSE,80,"mixed"
"718","Pasture (Ch. 61A, not classified as Open Space)","0718","IMPUTED - Pasture (Ch. 61A, not classified as Open Space)","718","Granby",1,FALSE,57,"mixed"
"713","Field Crops - hay, wheat, tillable forage, cropland, etc... (Ch. 61A, not classified as Open Space)","0713","61A/Residential/Commercial","713","Sudbury",1,FALSE,26,"mixed"
"000","Use code not known or nor provided.","0317","Other","317","Sudbury",1,TRUE,5,"mixed"
"316","Other Storage, Warehouse, and Distribution facilities (see also usecode 401)","0316","Commercial Warehouse","316","Lakeville",1,FALSE,20,"mixed"
"712","Truck Crops - vegetables (Ch. 61A, not classified as Open Space)","0712","TR CRP VEG","712","Lakeville",1,FALSE,10,"mixed"
"713","Field Crops - hay, wheat, tillable forage, cropland, etc... (Ch. 61A, not classified as Open Space)","0713","Field Crops","713","Lakeville",1,FALSE,11,"mixed"
"717","Productive Woodland (Ch. 61A, not classified as Open Space, with a Forest Management Plan); woodlots ","0717","Prod Wood W","717","Lakeville",1,FALSE,11,"mixed"
"718","Pasture (Ch. 61A, not classified as Open Space)","0718","Ness & Related Land","718","Lakeville",1,FALSE,19,"mixed"
"719","Nurseries (Ch. 61A, not classified as Open Space)","0719","Nurseries","719","Lakeville",1,FALSE,9,"mixed"
"317","Farm Buildings - barns, silo, utility shed, etc","0317","Farm Buildings - barns, silo, utility shed, etc","317","Dudley",1,FALSE,47,"mixed"
"713","Field Crops - hay, wheat, tillable forage, cropland, etc... (Ch. 61A, not classified as Open Space)","0713","FIELD CROPS","713","Dudley",1,FALSE,11,"mixed"
"717","Productive Woodland (Ch. 61A, not classified as Open Space, with a Forest Management Plan); woodlots ","0717","PROD WOOD","717","Dudley",1,FALSE,9,"mixed"
"000","Use code not known or nor provided.","0136","Other","136","Belchertown",1,TRUE,5,"mixed"
"000","Use code not known or nor provided.","0137","Other","137","Belchertown",1,TRUE,5,"mixed"
"000","Use code not known or nor provided.","0139","Other","139","Belchertown",1,TRUE,5,"mixed"
"000","Use code not known or nor provided.","0164","Other","164","Belchertown",1,TRUE,5,"mixed"
"000","Use code not known or nor provided.","0167","Other","167","Belchertown",1,TRUE,5,"mixed"
"000","Use code not known or nor provided.","0173","Other","173","Belchertown",1,TRUE,5,"mixed"
"000","Use code not known or nor provided.","0178","Other","178","Belchertown",1,TRUE,5,"mixed"
"000","Use code not known or nor provided.","0183","Other","183","Belchertown",1,TRUE,5,"mixed"
"000","Use code not known or nor provided.","0186","Other","186","Belchertown",1,TRUE,5,"mixed"
"000","Use code not known or nor provided.","0318","Other","318","Belchertown",1,TRUE,5,"mixed"
"000","Use code not known or nor provided.","0673","Other","673","Belchertown",1,TRUE,5,"mixed"
"000","Use code not known or nor provided.","0713","Other","713","Belchertown",1,TRUE,5,"mixed"
"000","Use code not known or nor provided.","0731","Other","731","Belchertown",1,TRUE,5,"mixed"
"000","Use code not known or nor provided.","0763","Other","763","Belchertown",1,TRUE,5,"mixed"
"000","Use code not known or nor provided.","0863","Other","863","Belchertown",1,TRUE,5,"mixed"
"316","Other Storage, Warehouse, and Distribution facilities (see also usecode 401)","0316","COMM WHSE","316","Rochester",1,FALSE,9,"mixed"
"718","Pasture (Ch. 61A, not classified as Open Space)","0718","PASTURE","718","Rochester",1,FALSE,7,"mixed"
"000","Use code not known or nor provided.","0418","Other","418","Belchertown",1,TRUE,5,"mixed"
"316","Other Storage, Warehouse, and Distribution facilities (see also usecode 401)","0316","101 Single Family, 601 Forest Land, 385 Fish & Game Club & 800 Recreational Land","316","Belchertown",1,FALSE,80,"mixed"
"317","Farm Buildings - barns, silo, utility shed, etc","0317","101 Single Family, 718 Pasture, 716 Related, 717 Productive Woodland, 720 Non Productive Land, 317 Farm Buildings & 130 Land","317","Belchertown",1,FALSE,124,"mixed"
"376","Gymnasiums and Athletic Clubs","0376","601 Forest Land, 718 Pasture, 716 Related & 317 Farm Building","376","Belchertown",1,FALSE,61,"mixed"
"413","Other Mining/Quarry","0413","101 Single Family, 431 Cell Tower, 452 Solar, 715 Christmas Trees, 717 Productive Woodland & 317 Farm Building","413","Belchertown",1,FALSE,110,"mixed"
"401","Warehouses for storage of manufactured products","0401","Pre-Eng Warehs","401","Dracut",1,FALSE,14,"mixed"
"712","Truck Crops - vegetables (Ch. 61A, not classified as Open Space)","0712","Conventional","712","Dracut",1,FALSE,12,"mixed"
"713","Field Crops - hay, wheat, tillable forage, cropland, etc... (Ch. 61A, not classified as Open Space)","0713","Colonial","713","Dracut",1,FALSE,8,"mixed"
"714","Orchards - pears, apples, grape vineyards, etc... (Ch. 61A, not classified as Open Space)","0714","Colonial","714","Dracut",1,FALSE,8,"mixed"
"717","Productive Woodland (Ch. 61A, not classified as Open Space, with a Forest Management Plan); woodlots ","0717","Vacant Land","717","Dracut",1,FALSE,11,"mixed"
"377","Archery, Billiards, other indoor facilities","0377","Clubs/Lodges","377","Dracut",1,FALSE,12,"mixed"
"131","Potentially Developable Residential Land","0131","IMPUTED - Potentially Developable Residential Land","131","Russell",1,FALSE,50,"mixed"
"132","Undevelopable Residential Land","0132","IMPUTED - Undevelopable Residential Land","132","Russell",1,FALSE,40,"mixed"
"316","Other Storage, Warehouse, and Distribution facilities (see also usecode 401)","0316","COMM WHSE MDL-96","316","Somerville",1,FALSE,16,"mixed"
"342","Medical Office Buildings","0342","PROF BLDG","342","Somerville",1,FALSE,9,"mixed"
"431","Telephone Relay Towers; Cell Towers","0431","Industrial","431","Huntington",1,FALSE,10,"mixed"
"713","Field Crops - hay, wheat, tillable forage, cropland, etc... (Ch. 61A, not classified as Open Space)","0713","FIELD CRPS","713","Mansfield",1,FALSE,10,"mixed"
"132","Undevelopable Residential Land","0132","RES ACLNUD","132","Mansfield",1,FALSE,10,"mixed"
"718","Pasture (Ch. 61A, not classified as Open Space)","0718","PASTURE","718","Mansfield",1,FALSE,7,"mixed"
"716","Necessary related land-farm roads, ponds, land under farm buildings (Ch. 61A, not classified as Open Space)","0716","TILL FORAG","716","Mansfield",1,FALSE,10,"mixed"
"377","Archery, Billiards, other indoor facilities","0377","OTH IN REC","377","Mansfield",1,FALSE,10,"mixed"
"717","Productive Woodland (Ch. 61A, not classified as Open Space, with a Forest Management Plan); woodlots ","0717","PROD WOOD","717","Mansfield",1,FALSE,9,"mixed"
"316","Other Storage, Warehouse, and Distribution facilities (see also usecode 401)","0316","COMM WHSE  M-96","316","Mansfield",1,FALSE,15,"mixed"
"386","Camping Facilities - accomodations for tents, campers, or travel trailers (not Ch. 61B)","0386","CAMPGROUND","386","Mansfield",1,FALSE,10,"mixed"
"313","Lumber Yards","0313","Lumber Yrd  Com","313","Amherst",1,FALSE,15,"mixed"
"316","Other Storage, Warehouse, and Distribution facilities (see also usecode 401)","0316","Warehouse","316","Amherst",1,FALSE,9,"mixed"
"316","Other Storage, Warehouse, and Distribution facilities (see also usecode 401)","0316","COMM WHSE","316","Dedham",1,FALSE,9,"mixed"
"132","Undevelopable Residential Land","0132","Undevelopable Residential Land","132","Whately",1,FALSE,30,"mixed"
"317","Farm Buildings - barns, silo, utility shed, etc","0317","Farm Buildings","317","Norfolk",1,FALSE,14,"mixed"
"385","Fish and Game Clubs (not Ch. 61B)","0385","Fish & Game","385","Norfolk",1,FALSE,11,"mixed"
"131","Potentially Developable Residential Land","0131","RES ACLNPO","131","Princeton",1,FALSE,10,"mixed"
"132","Undevelopable Residential Land","0132","RES ACLNUD","132","Princeton",1,FALSE,10,"mixed"
"381","Tennis Courts (not Ch. 61B)","0381","TENNIS ODR","381","Princeton",1,FALSE,10,"mixed"
"385","Fish and Game Clubs (not Ch. 61B)","0385","FISH&GAME","385","Princeton",1,FALSE,9,"mixed"
"388","Other Outdoor facilities - e.g. driving ranges, miniature golf, baseball batting ranges, etc... (not Ch. 61B)","0388","OTHR OUTDR","388","Princeton",1,FALSE,10,"mixed"
"713","Field Crops - hay, wheat, tillable forage, cropland, etc... (Ch. 61A, not classified as Open Space)","0713","FIELD CRPS","713","Princeton",1,FALSE,10,"mixed"
"316","Other Storage, Warehouse, and Distribution facilities (see also usecode 401)","0316","COMM WAREHOUSE","316","Norfolk",1,FALSE,14,"mixed"
"713","Field Crops - hay, wheat, tillable forage, cropland, etc... (Ch. 61A, not classified as Open Space)","0713","FIELD CRPS","713","Norfolk",1,FALSE,10,"mixed"
"716","Necessary related land-farm roads, ponds, land under farm buildings (Ch. 61A, not classified as Open Space)","0716","NEC REL LAND","716","Norfolk",1,FALSE,12,"mixed"
"717","Productive Woodland (Ch. 61A, not classified as Open Space, with a Forest Management Plan); woodlots ","0717","PROD WOOD","717","Norfolk",1,FALSE,9,"mixed"
"718","Pasture (Ch. 61A, not classified as Open Space)","0718","PASTURE","718","Norfolk",1,FALSE,7,"mixed"
"814","Target Shooting - areas for target shooting such as archery, skeet or approved fire-arms (Ch. 61B, not classified as OS)","0814","61B TARGET","814","Norfolk",1,FALSE,10,"mixed"
"712","Truck Crops - vegetables (Ch. 61A, not classified as Open Space)","0712","TRK CRP VEG","712","Norfolk",1,FALSE,11,"mixed"
"000","Use code not known or nor provided.","0186","Other","186","Boxborough",1,TRUE,5,"mixed"
"317","Farm Buildings - barns, silo, utility shed, etc","0317","FARM BLDGS","317","Grafton",1,FALSE,10,"mixed"
"431","Telephone Relay Towers; Cell Towers","0431","TEL REL TW","431","Grafton",1,FALSE,10,"mixed"
"712","Truck Crops - vegetables (Ch. 61A, not classified as Open Space)","0712","TR CRP VEG","712","Grafton",1,FALSE,10,"mixed"
"713","Field Crops - hay, wheat, tillable forage, cropland, etc... (Ch. 61A, not classified as Open Space)","0713","FIELD CRPS","713","Grafton",1,FALSE,10,"mixed"
"714","Orchards - pears, apples, grape vineyards, etc... (Ch. 61A, not classified as Open Space)","0714","ORCHARDS","714","Grafton",1,FALSE,8,"mixed"
"715","Christmas Trees (Ch. 61A, not classified as Open Space)","0715","VINEYARDS","715","Grafton",1,FALSE,9,"mixed"
"716","Necessary related land-farm roads, ponds, land under farm buildings (Ch. 61A, not classified as Open Space)","0716","TILL FORAG","716","Grafton",1,FALSE,10,"mixed"
"717","Productive Woodland (Ch. 61A, not classified as Open Space, with a Forest Management Plan); woodlots ","0717","PROD WOOD  MDL-00","717","Grafton",1,FALSE,17,"mixed"
"718","Pasture (Ch. 61A, not classified as Open Space)","0718","PASTURE","718","Grafton",1,FALSE,7,"mixed"
"814","Target Shooting - areas for target shooting such as archery, skeet or approved fire-arms (Ch. 61B, not classified as OS)","0814","61B TARGET","814","Grafton",1,FALSE,10,"mixed"
"713","Field Crops - hay, wheat, tillable forage, cropland, etc... (Ch. 61A, not classified as Open Space)","0713","IMPUTED - Field Crops","713","West Brookfield",1,FALSE,21,"mixed"
"714","Orchards - pears, apples, grape vineyards, etc... (Ch. 61A, not classified as Open Space)","0714","IMPUTED - Orchards","714","West Brookfield",1,FALSE,18,"mixed"
"716","Necessary related land-farm roads, ponds, land under farm buildings (Ch. 61A, not classified as Open Space)","0716","IMPUTED - Till Forag","716","West Brookfield",1,FALSE,20,"mixed"
"717","Productive Woodland (Ch. 61A, not classified as Open Space, with a Forest Management Plan); woodlots ","0717","IMPUTED - Prod Wood","717","West Brookfield",1,FALSE,19,"mixed"
"718","Pasture (Ch. 61A, not classified as Open Space)","0718","IMPUTED - Pasture","718","West Brookfield",1,FALSE,17,"mixed"
"131","Potentially Developable Residential Land","0131","IMPUTED - Residential","131","West Brookfield",1,FALSE,21,"mixed"
"000","Use code not known or nor provided.","0471","Unknown","471","Deerfield",1,FALSE,7,"mixed"
"342","Medical Office Buildings","0342","IMPUTED - Medical Office Buildings","342","Medford",1,FALSE,34,"mixed"
"318","Commercial Greenhouses","0318","Combination of 101 - single family; 382 - Horseback riding; 803 - 61B Natural","318","Essex",1,FALSE,77,"mixed"
"341","Bank Buildings","0341","Bank","341","Essex",1,FALSE,4,"mixed"
"131","Potentially Developable Residential Land","0131","RES LAND PO","131","Walpole",1,FALSE,11,"mixed"
"301","Motels","0301","MOTELS","301","Walpole",1,FALSE,6,"mixed"
"316","Other Storage, Warehouse, and Distribution facilities (see also usecode 401)","0316","COMM  M-96","316","Walpole",1,FALSE,10,"mixed"
"342","Medical Office Buildings","0342","PROF BLDG M-94","342","Walpole",1,FALSE,14,"mixed"
"401","Warehouses for storage of manufactured products","0401","IND WHSES","401","Walpole",1,FALSE,9,"mixed"
"317","Farm Buildings - barns, silo, utility shed, etc","0317","Farm building","317","Walpole",1,FALSE,13,"mixed"
"316","Other Storage, Warehouse, and Distribution facilities (see also usecode 401)","0316","COMM WHSE","316","Auburn",1,FALSE,9,"mixed"
"385","Fish and Game Clubs (not Ch. 61B)","0385","FISH&GAME","385","Auburn",1,FALSE,9,"mixed"
"712","Truck Crops - vegetables (Ch. 61A, not classified as Open Space)","0712","IMPUTED - TR CRP VEG","712","Auburn",1,FALSE,20,"mixed"
"716","Necessary related land-farm roads, ponds, land under farm buildings (Ch. 61A, not classified as Open Space)","0716","IMPUTED - TILL FORAG","716","Auburn",1,FALSE,20,"mixed"
"342","Medical Office Buildings","0342","Medical Office Buildings","342","Kingston",1,FALSE,24,"mixed"
"718","Pasture (Ch. 61A, not classified as Open Space)","0718","Pasture (Ch. 61A, not classified as Open Space)","718","Kingston",1,FALSE,47,"mixed"
"302","Inns, Resorts, or Tourist Homes","0302","Inns","302","Nantucket",1,FALSE,4,"mixed"
"316","Other Storage, Warehouse, and Distribution facilities (see also usecode 401)","0316","Commercial Warehouse M94","316","Nantucket",1,FALSE,24,"mixed"
"000","Use code not known or nor provided.","013C","Other","13C","Tisbury",1,TRUE,5,"mixed"
"000","Use code not known or nor provided.","0302","Other","302","Tisbury",1,TRUE,5,"mixed"
"000","Use code not known or nor provided.","0316","Other","316","Tisbury",1,TRUE,5,"mixed"
"000","Use code not known or nor provided.","0317","Other","317","Tisbury",1,TRUE,5,"mixed"
"000","Use code not known or nor provided.","0342","Other","342","Tisbury",1,TRUE,5,"mixed"
"000","Use code not known or nor provided.","034R","Other","34R","Tisbury",1,TRUE,5,"mixed"
"000","Use code not known or nor provided.","0361","Other","361","Tisbury",1,TRUE,5,"mixed"
"000","Use code not known or nor provided.","0362","Other","362","Tisbury",1,TRUE,5,"mixed"
"000","Use code not known or nor provided.","0386","Other","386","Tisbury",1,TRUE,5,"mixed"
"342","Medical Office Buildings","0342","Professional Building","342","Nantucket",1,FALSE,21,"mixed"
"361","Art Galleries","0361","Art Gallery M94","361","Nantucket",1,FALSE,15,"mixed"
"375","Tennis and/or Racquetball Clubs","0375","Tennis Club M94","375","Nantucket",1,FALSE,15,"mixed"
"402","Office Building - part of manufacturing operation","0402","IND Office","402","Nantucket",1,FALSE,10,"mixed"
"712","Truck Crops - vegetables (Ch. 61A, not classified as Open Space)","0712","TR CRP VEG M00","712","Nantucket",1,FALSE,14,"mixed"
"718","Pasture (Ch. 61A, not classified as Open Space)","0718","Pasture","718","Nantucket",1,FALSE,7,"mixed"
"318","Commercial Greenhouses","0318","Commercial Greenhouse M00","318","Nantucket",1,FALSE,25,"mixed"
"000","Use code not known or nor provided.","0313","Other","313","Tisbury",1,TRUE,5,"mixed"
"313","Lumber Yards","0313","Lumber Yards","313","Templeton",1,FALSE,12,"mixed"
"386","Camping Facilities - accomodations for tents, campers, or travel trailers (not Ch. 61B)","0386","Camping Facilities - accomodations for tents, campers, or travel trailers (not Ch. 61B)","386","Templeton",1,FALSE,87,"mixed"
"131","Potentially Developable Residential Land","0131","Vacant Residential Land","131","Templeton",1,FALSE,23,"mixed"
"316","Other Storage, Warehouse, and Distribution facilities (see also usecode 401)","0316","Warehouse/Distribution","316","Templeton",1,FALSE,22,"mixed"
"385","Fish and Game Clubs (not Ch. 61B)","0385","Outdoor Recreation","385","Templeton",1,FALSE,18,"mixed"
"388","Other Outdoor facilities - e.g. driving ranges, miniature golf, baseball batting ranges, etc... (not Ch. 61B)","0388","Outdoor Recreation","388","Templeton",1,FALSE,18,"mixed"
"389","Structures on land classified under Chapter 61B (Recreational Land)","0389","Outdoor Recreation","389","Templeton",1,FALSE,18,"mixed"
"382","Riding Stables (not Ch. 61B)","0382","Riding Stables (not Ch. 61B)","382","Plainville",1,FALSE,28,"mixed"
"402","Office Building - part of manufacturing operation","0402","Office Building - part of manufacturing operation","402","Plainville",1,FALSE,49,"mixed"
"318","Commercial Greenhouses","0318","Commercial Greenhouse","318","Plainville",1,FALSE,21,"mixed"
"385","Fish and Game Clubs (not Ch. 61B)","0385","Fish & Game","385","Plainville",1,FALSE,11,"mixed"
"713","Field Crops - hay, wheat, tillable forage, cropland, etc... (Ch. 61A, not classified as Open Space)","0713","Field Crops","713","Plainville",1,FALSE,11,"mixed"
"131","Potentially Developable Residential Land","0131","IMPUTED - Potentially Developable Residential Land","131","Plainville",1,FALSE,50,"mixed"
"401","Warehouses for storage of manufactured products","0401","IMPUTED - Warehouses for storage of manufactured products","401","Plainville",1,FALSE,57,"mixed"
"131","Potentially Developable Residential Land","0131","Potentially Developable Residential Land","131","Stockbridge",1,FALSE,40,"mixed"
"132","Undevelopable Residential Land","0132","Undevelopable Residential Land","132","Stockbridge",1,FALSE,30,"mixed"
"387","Summer Camps - children's camps (not Ch. 61B)","0387","Summer Camps - children's camps (not Ch. 61B)","387","Stockbridge",1,FALSE,45,"mixed"
"000","Use code not known or nor provided.","0173","Use code not known or nor provided","173","West Bridgewater",1,FALSE,34,"mixed"
"386","Camping Facilities - accomodations for tents, campers, or travel trailers (not Ch. 61B)","0386","Camping Facilities - accomidations for tents, campers or travel trailers","386","Gill",1,FALSE,72,"mixed"
"000","Use code not known or nor provided.","0134","Other","134","Gill",1,TRUE,5,"mixed"
"000","Use code not known or nor provided.","0137","Other","137","Gill",1,TRUE,5,"mixed"
"000","Use code not known or nor provided.","0167","Other","167","Gill",1,TRUE,5,"mixed"
"318","Commercial Greenhouses","0318","Auto Repair/Vacant Land/Chapter 61A/Chapter 61B","318","Plainfield",1,FALSE,47,"mixed"
"000","Use code not known or nor provided.","0316","Other","316","Georgetown",1,TRUE,5,"mixed"
"000","Use code not known or nor provided.","0318","Other","318","Georgetown",1,TRUE,5,"mixed"
"000","Use code not known or nor provided.","0434","Other","434","Georgetown",1,TRUE,5,"mixed"
"000","Use code not known or nor provided.","0715","Other","715","Georgetown",1,TRUE,5,"mixed"
"313","Lumber Yards","0313","LUMBER YRD M96","313","Taunton",1,FALSE,14,"mixed"
"342","Medical Office Buildings","0342","PROF BLDG M94","342","Taunton",1,FALSE,13,"mixed"
"318","Commercial Greenhouses","0318","Commercial Greenhouses","318","Wayland",1,FALSE,22,"mixed"
"342","Medical Office Buildings","0342","Medical Office Buildings","342","Wayland",1,FALSE,24,"mixed"
"377","Archery, Billiards, other indoor facilities","0377","Health Club","377","Wayland",1,FALSE,11,"mixed"
"386","Camping Facilities - accomodations for tents, campers, or travel trailers (not Ch. 61B)","0386","Commercial","386","Townsend",1,FALSE,10,"mixed"
"000","Use code not known or nor provided.","0176","Other","176","Newbury",1,TRUE,5,"mixed"
"000","Use code not known or nor provided.","0187","Other","187","Newbury",1,TRUE,5,"mixed"
"302","Inns, Resorts, or Tourist Homes","0302","INNS","302","Yarmouth",1,FALSE,4,"mixed"
"315","Piers, Wharves, Docks, and related facilities that are used for storage and transit of goods","0315","DOCKYARDS","315","Yarmouth",1,FALSE,9,"mixed"
"000","Use code not known or nor provided.","0167","Other","167","New Ashford",1,TRUE,5,"mixed"
"000","Use code not known or nor provided.","0341","Other","341","New Ashford",1,TRUE,5,"mixed"
"716","Necessary related land-farm roads, ponds, land under farm buildings (Ch. 61A, not classified as Open Space)","0716","Necessary related land-farm roads, ponds, land under farm buildings (Ch. 61A, not classified as Open Space)","716","West Boylston",1,FALSE,107,"mixed"
"717","Productive Woodland (Ch. 61A, not classified as Open Space, with a Forest Management Plan); woodlots ","0717","Productive Woodland - woodlots (Ch. 61A, not classified as Open Space)","717","West Boylston",1,FALSE,70,"mixed"
"718","Pasture (Ch. 61A, not classified as Open Space)","0718","Pasture (Ch. 61A, not classified as Open Space)","718","West Boylston",1,FALSE,47,"mixed"
"010","Mixed Use (Primarily Residential, Some Other)","0102","Mixed Use-Condo/Store
Mixed Use-Condo/Store","102","Chelsea",0,FALSE,44,"mixed"
"010","Mixed Use (Primarily Residential, Some Other)","0104","Mixed Use-Two Family/Office","104","Chelsea",0,FALSE,27,"mixed"
"010","Mixed Use (Primarily Residential, Some Other)","0112","Mixed Use-Apartments/Store","112","Chelsea",0,FALSE,26,"mixed"
"032","Mixed Use (Primarily Commercial, Some Open Space)","0322","Mixed Use-Store/Single Family","322","Chelsea",0,FALSE,29,"mixed"
"032","Mixed Use (Primarily Commercial, Some Open Space)","0326","Mixed Use-Restaurant-Club/Single Family","326","Chelsea",0,FALSE,39,"mixed"
"030","Mixed Use (Primarily Commercial, Some Other)","0332","Mixed Use-Auto Repair/Single Family","332","Chelsea",0,FALSE,35,"mixed"
"035","Mixed Use (Primarily Commercial, Some Private Property)","0353","Mixed Use-Fraternal Organization/Apartments","353","Chelsea",0,FALSE,43,"mixed"
"035","Mixed Use (Primarily Commercial, Some Private Property)","0355","Mixed Use-Funeral Home/Single Family","355","Chelsea",0,FALSE,36,"mixed"
"010","Mixed Use (Primarily Residential, Some Other)","0105","Mixed Use-Three Family/Office","105","Chelsea",0,FALSE,29,"mixed"
"010","Mixed Use (Primarily Residential, Some Other)","0101","Mixed Use (Primarily Residential)","101","Chelsea",0,FALSE,33,"mixed"
"010","Mixed Use (Primarily Residential, Some Other)","0111","Mixed Use (Primarily Residential, some Commercial)","111","Chelsea",0,FALSE,50,"mixed"
"010","Mixed Use (Primarily Residential, Some Other)","0109","mixed use multiple houses on one parcel","109","Swansea",0,FALSE,39,"mixed"
"049","Mixed Use (Primarily Industrial, Some Exempt)","049","Cell phone tower on town-owned property","49","Bellingham",0,FALSE,39,"mixed"
"010","Mixed Use (Primarily Residential, Some Other)","0101","Single Family Residential with Commercial","101","Concord",0,FALSE,41,"mixed"
"010","Mixed Use (Primarily Residential, Some Other)","0104","Two-Family with Commercial","104","Concord",0,FALSE,26,"mixed"
"010","Mixed Use (Primarily Residential, Some Other)","0109","Multiple Houses on one parcel with Commercial","109","Concord",0,FALSE,45,"mixed"
"032","Mixed Use (Primarily Commercial, Some Open Space)","0322","Retail Store with Residential","322","Concord",0,FALSE,29,"mixed"
"032","Mixed Use (Primarily Commercial, Some Open Space)","0326","Restaurant with Residential","326","Concord",0,FALSE,27,"mixed"
"035","Mixed Use (Primarily Commercial, Some Private Property)","0355","Funeral Home with Residential","355","Concord",0,FALSE,29,"mixed"
"060","Mixed Use (Primarily Forest, Some Other)","0601","Forestry Land with Residential","601","Concord",0,FALSE,30,"mixed"
"080","Mixed Use (Primarily Recreation, Some Other)","0801","Recreational with Residential - 61B","801","Concord",0,FALSE,35,"mixed"
"080","Mixed Use (Primarily Recreation, Some Other)","0803","Recreational with Residential - 61B","803","Concord",0,FALSE,35,"mixed"
"080","Mixed Use (Primarily Recreation, Some Other)","0805","Recreational with Residential - 61B","805","Concord",0,FALSE,35,"mixed"
"080","Mixed Use (Primarily Recreation, Some Other)","0806","Recreational with Residential - 61B","806","Concord",0,FALSE,35,"mixed"
"012","Mixed Use (Primarily Residential, Some Open Space)","0120","PR RES OPN","120","Marion",0,FALSE,10,"mixed"
"030","Mixed Use (Primarily Commercial, Some Other)","0332","AUTO REPR M96","332","Marion",0,FALSE,13,"mixed"
"030","Mixed Use (Primarily Commercial, Some Other)","033A","AUTO REPR M00","33A","Marion",0,FALSE,13,"mixed"
"090","Mixed Use (Primarily Exempt, Some Other)","0904","PRI SCHOOL","904","Marion",0,FALSE,10,"mixed"
"091","Mixed Use (Primarily Exempt, Some Residential)","091","Mixed use","91","Orange",0,FALSE,9,"mixed"
"090","Mixed Use (Primarily Exempt, Some Other)","0905","IMPUTED - Mixed Use (Primarily Exempt)","905","Orange",0,FALSE,38,"mixed"
"030","Mixed Use (Primarily Commercial, Some Other)","0334","IMPUTED - Mixed Use Primarily Commercial Retail Trade, Some Gasoline Service Stations, Some Eating and Drinking Establishments","334","Orange",0,FALSE,126,"mixed"
"010","Mixed Use (Primarily Residential, Some Other)","0101","Mixed use, primarily Single family home","101","New Salem",0,FALSE,39,"mixed"
"010","Mixed Use (Primarily Residential, Some Other)","0109","Mixed use, primarily Multiple houses","109","New Salem",0,FALSE,36,"mixed"
"032","Mixed Use (Primarily Commercial, Some Open Space)","0322","Mixed use, primarily Commercial","322","New Salem",0,FALSE,31,"mixed"
"060","Mixed Use (Primarily Forest, Some Other)","0601","Mixed use, primarily Chapter 61","601","New Salem",0,FALSE,31,"mixed"
"080","Mixed Use (Primarily Recreation, Some Other)","0801","Mixed use, primarily Chapter 61-B recreational","801","New Salem",0,FALSE,46,"mixed"
"010","Mixed Use (Primarily Residential, Some Other)","0109","Multiple Houses on one parcel","109","Groton",0,FALSE,29,"mixed"
"010","Mixed Use (Primarily Residential, Some Other)","0106","IMPUTED - Accessory Land with Improvement","106","Groton",0,FALSE,41,"mixed"
"010","Mixed Use (Primarily Residential, Some Other)","0104","Mixed Use Primarily Two Family Residential","104","New Salem",0,FALSE,42,"mixed"
"032","Mixed Use (Primarily Commercial, Some Open Space)","0326","Eating and Drinking Establishments - restaurants, diners, fast food establishments, bars, nightclubs","326","Palmer",0,FALSE,100,"mixed"
"010","Mixed Use (Primarily Residential, Some Other)","0106","MIXED USE: AC LND IMP","106","Palmer",0,FALSE,21,"mixed"
"060","Mixed Use (Primarily Forest, Some Other)","0601","MIXED USE: C61 TEN YR","601","Palmer",0,FALSE,21,"mixed"
"080","Mixed Use (Primarily Recreation, Some Other)","0800","MIXED USE: RECREATION","800","Palmer",0,FALSE,21,"mixed"
"032","Mixed Use (Primarily Commercial, Some Open Space)","0321","MIXED USE: STORE-SHOP","321","Palmer",0,FALSE,21,"mixed"
"035","Mixed Use (Primarily Commercial, Some Private Property)","0350","Mixed Use Commercial","350","Chicopee",0,FALSE,20,"mixed"
"035","Mixed Use (Primarily Commercial, Some Private Property)","0351","Mixed Use Residential","351","Chicopee",0,FALSE,21,"mixed"
"091","Mixed Use (Primarily Exempt, Some Residential)","091","IMPUTED - Mixed Use (Mostly Tax-Exempt, some Residential)","91","Great Barrington",0,FALSE,57,"mixed"
"039","Mixed Use (Primarily Commercial, Some Exempt)","039","IMPUTED - Mixed-Use (Primarily Vacant Land, some Commercial)","39","Great Barrington",0,FALSE,60,"mixed"
"093","Mixed Use (Primarily Exempt, Some Commercial)","093","IMPUTED - Mixed-Use (Primarily Tax Exempt, Some Commercial)","93","Great Barrington",0,FALSE,59,"mixed"
"010","Mixed Use (Primarily Residential, Some Other)","0101","IMPUTED - Mixed Use (Primarily Residential)","101","Westhampton",0,FALSE,43,"mixed"
"060","Mixed Use (Primarily Forest, Some Other)","0601","IMPUTED - Mixed Use (Primarily Forestry)","601","Westhampton",0,FALSE,40,"mixed"
"080","Mixed Use (Primarily Recreation, Some Other)","0801","IMPUTED - Mixed Use (Primarily Recreation)","801","Westhampton",0,FALSE,42,"mixed"
"080","Mixed Use (Primarily Recreation, Some Other)","0803","IMPUTED - Mixed Use (Primarily Recreation)","803","Westhampton",0,FALSE,42,"mixed"
"080","Mixed Use (Primarily Recreation, Some Other)","0806","IMPUTED - Mixed Use (Primarily Recreation)","806","Westhampton",0,FALSE,42,"mixed"
"030","Mixed Use (Primarily Commercial, Some Other)","0334","IMPUTED - Mixed Use (Primarily Gas Service Station, Some Other Commercial)","334","Hubbardston",0,TRUE,74,"mixed"
"039","Mixed Use (Primarily Commercial, Some Exempt)","039","Mixed Use (Primarily Commercial, some Tax Exempt)","39","Dalton",0,FALSE,49,"mixed"
"091","Mixed Use (Primarily Exempt, Some Residential)","091","Mixed Use (Primarily Tax Exempt, some Residential)","91","Dalton",0,FALSE,50,"mixed"
"093","Mixed Use (Primarily Exempt, Some Commercial)","093","Mixed Use (Primarily Tax Exempt, some Commercial)","93","Dalton",0,FALSE,49,"mixed"
"094","Mixed Use (Primarily Exempt, Some Industrial)","094","Mixed Use (Primarily Tax Exempt, some Industrial)","94","Dalton",0,FALSE,49,"mixed"
"010","Mixed Use (Primarily Residential, Some Other)","0106","Accessory Land with Improvement","106","Hubbardston",0,FALSE,31,"mixed"
"010","Mixed Use (Primarily Residential, Some Other)","0109","Multiple Houses on one parcel","109","Hubbardston",0,FALSE,29,"mixed"
"010","Mixed Use (Primarily Residential, Some Other)","0113","Mixed Use (Primarily Residence)","113","Hubbardston",0,FALSE,31,"mixed"
"032","Mixed Use (Primarily Commercial, Some Open Space)","0325","Pri Res","325","Duxbury",0,FALSE,7,"mixed"
"010","Mixed Use (Primarily Residential, Some Other)","0101","Mixed Use - Single Family Residential","101","Barre",0,FALSE,37,"mixed"
"010","Mixed Use (Primarily Residential, Some Other)","0103","Mixed Use - Mobile Home (includes mobile home park land)","103","Barre",0,FALSE,56,"mixed"
"010","Mixed Use (Primarily Residential, Some Other)","0105","Mixed Use - Three-Family Residential","105","Barre",0,FALSE,36,"mixed"
"010","Mixed Use (Primarily Residential, Some Other)","0106","Mixed Use - Accessory Land with Improvement","106","Barre",0,FALSE,43,"mixed"
"010","Mixed Use (Primarily Residential, Some Other)","0109","Mixed Use - Multiple Houses on one parcel","109","Barre",0,FALSE,41,"mixed"
"010","Mixed Use (Primarily Residential, Some Other)","0111","Mixed Use - Apartments with Four to Eight Units","111","Barre",0,FALSE,47,"mixed"
"032","Mixed Use (Primarily Commercial, Some Open Space)","0322","Mixed Use - Discount Stores, Junior Department Stores, Department Stores","322","Barre",0,FALSE,72,"mixed"
"032","Mixed Use (Primarily Commercial, Some Open Space)","0326","Mixed Use - Eating and Drinking Establishments - restaurants, diners, fast food establishments, bars, nightclubs","326","Barre",0,FALSE,112,"mixed"
"030","Mixed Use (Primarily Commercial, Some Other)","0332","Mixed Use - Auto Repair Facilities","332","Barre",0,FALSE,34,"mixed"
"080","Mixed Use (Primarily Recreation, Some Other)","0800","Mixed Use - Chapter 61B Recreational Land","800","Barre",0,FALSE,41,"mixed"
"010","Mixed Use (Primarily Residential, Some Other)","0104","Mixed Use - Two-Family Residential","104","Barre",0,FALSE,34,"mixed"
"093","Mixed Use (Primarily Exempt, Some Commercial)","093","Mixed Use - Exempt/Commercial","93","Fitchburg",0,FALSE,29,"mixed"
"096","Mixed Use (Primarily Exempt, Some Forest)","096","Mixed Use - Exempt/Forestry","96","Fitchburg",0,FALSE,27,"mixed"
"032","Mixed Use (Primarily Commercial, Some Open Space)","0326","Eating and Drinking Establishments - restaurants, diners, fast food establishments, bars, nightclubs","326","Wareham",0,FALSE,100,"mixed"
"010","Mixed Use (Primarily Residential, Some Other)","0104","Mixed Use (Primarily Residential)","104","Wareham",0,FALSE,33,"mixed"
"060","Mixed Use (Primarily Forest, Some Other)","0601","Mixed Use (Primarily Forestry)","601","Wareham",0,FALSE,30,"mixed"
"072","Mixed Use (Primarily Agriculture, Some Open Space)","0720","Mixed Use (Primarily Agriculture)","720","Wareham",0,FALSE,33,"mixed"
"010","Mixed Use (Primarily Residential, Some Other)","0106","MU ACC LND IMP","106","Wareham",0,FALSE,14,"mixed"
"032","Mixed Use (Primarily Commercial, Some Open Space)","032R","MU RETL/RES MDL","32R","Wareham",0,FALSE,15,"mixed"
"039","Mixed Use (Primarily Commercial, Some Exempt)","039","IMPUTED - Mixed Use (Primarily Commercial, some Tax-Exempt)","39","Florida",0,FALSE,59,"mixed"
"010","Mixed Use (Primarily Residential, Some Other)","0109","MULTI USE Multiple houses on one parcel","109","Hingham",0,FALSE,39,"mixed"
"010","Mixed Use (Primarily Residential, Some Other)","0101","Mixed use, single family plus commerical","101","Abington",0,FALSE,40,"mixed"
"010","Mixed Use (Primarily Residential, Some Other)","0104","Mixed use, two-family plus commercial","104","Abington",0,FALSE,37,"mixed"
"010","Mixed Use (Primarily Residential, Some Other)","010C","Mixed use, single family plus commercial, commercial model","10C","Abington",0,FALSE,58,"mixed"
"010","Mixed Use (Primarily Residential, Some Other)","010E","Mixed use, two-family plus commercial, res model","10E","Abington",0,FALSE,48,"mixed"
"010","Mixed Use (Primarily Residential, Some Other)","010F","Mixed use, two-family plus commercial, comm model","10F","Abington",0,FALSE,49,"mixed"
"010","Mixed Use (Primarily Residential, Some Other)","010G","Mixed use, three-family plus commercial, res model","10G","Abington",0,FALSE,50,"mixed"
"010","Mixed Use (Primarily Residential, Some Other)","010M","Mixed use, single-family plus commercial, res type","10M","Abington",0,FALSE,50,"mixed"
"010","Mixed Use (Primarily Residential, Some Other)","0111","Mixed-use, apartment 4-8 units, res type","111","Abington",0,FALSE,40,"mixed"
"010","Mixed Use (Primarily Residential, Some Other)","0112","Mixed-use, over 8 units, comm model","112","Abington",0,FALSE,35,"mixed"
"010","Mixed Use (Primarily Residential, Some Other)","011C","Mixed-use, apartment 4-8 units, comm model","11C","Abington",0,FALSE,42,"mixed"
"032","Mixed Use (Primarily Commercial, Some Open Space)","0322","Mixed-use, store/shop, plus residential","322","Abington",0,FALSE,39,"mixed"
"032","Mixed Use (Primarily Commercial, Some Open Space)","0325","Mixed-use, retail, plus residential","325","Abington",0,FALSE,35,"mixed"
"032","Mixed Use (Primarily Commercial, Some Open Space)","0326","Mixed-use, restaurant/club, plus residential","326","Abington",0,FALSE,44,"mixed"
"030","Mixed Use (Primarily Commercial, Some Other)","0332","Mixed-use, service garage/job shop, plus residential","332","Abington",0,FALSE,52,"mixed"
"030","Mixed Use (Primarily Commercial, Some Other)","033I","Mixed-use, auto repair, plus residential","33I","Abington",0,FALSE,40,"mixed"
"032","Mixed Use (Primarily Commercial, Some Open Space)","032M","50/50 Split of Residential and Commercial","32M","Abington",0,FALSE,41,"mixed"
"010","Mixed Use (Primarily Residential, Some Other)","0101","SINGLE FAMILY MULTI USE
","101","Hadley",0,FALSE,25,"mixed"
"010","Mixed Use (Primarily Residential, Some Other)","0104","TWO FAMILY MULTI USE
","104","Hadley",0,FALSE,22,"mixed"
"010","Mixed Use (Primarily Residential, Some Other)","0109","MULTI HOUSE MULTI USE
","109","Hadley",0,FALSE,23,"mixed"
"032","Mixed Use (Primarily Commercial, Some Open Space)","0322","STORE/SHOP MULTI USE
","322","Hadley",0,FALSE,22,"mixed"
"032","Mixed Use (Primarily Commercial, Some Open Space)","0326","REST/CLUB MULTI USE
","326","Hadley",0,FALSE,21,"mixed"
"030","Mixed Use (Primarily Commercial, Some Other)","0331","AUTO SALE MULTI USE
","331","Hadley",0,FALSE,21,"mixed"
"030","Mixed Use (Primarily Commercial, Some Other)","0332","AUTO REPAIR MULTI USE
","332","Hadley",0,FALSE,23,"mixed"
"080","Mixed Use (Primarily Recreation, Some Other)","0800","MIXED USE (PRIMARILY RECREATION)","800","Hadley",0,FALSE,32,"mixed"
"080","Mixed Use (Primarily Recreation, Some Other)","0803","MIXED USE (PRIMARILY OPEN SPACE)","803","Hadley",0,FALSE,32,"mixed"
"060","Mixed Use (Primarily Forest, Some Other)","0601","IMPUTED - Mixed Use Primarily Ch. 61 Forest Land, Some Agricultural","601","Hadley",0,FALSE,67,"mixed"
"032","Mixed Use (Primarily Commercial, Some Open Space)","0325","IMPUTED - Mixed Use, Primarily Commercial","325","Westwood",0,FALSE,41,"mixed"
"094","Mixed Use (Primarily Exempt, Some Industrial)","0943","Mixed Use Exempt C","943","Shrewsbury",0,FALSE,18,"mixed"
"039","Mixed Use (Primarily Commercial, Some Exempt)","039","Mixed Use commercial/exempt, primarily commercial","39","Lynn",0,FALSE,49,"mixed"
"039","Mixed Use (Primarily Commercial, Some Exempt)","0391","Mixed Use commercial/exempt/residential, primarily commercial","391","Lynn",0,FALSE,61,"mixed"
"039","Mixed Use (Primarily Commercial, Some Exempt)","0394","Mixed Use commercial/exempt/industrial, primarily commercial","394","Lynn",0,FALSE,60,"mixed"
"091","Mixed Use (Primarily Exempt, Some Residential)","091","Mixed Use exempt/residential, primarily exempt","91","Lynn",0,FALSE,46,"mixed"
"093","Mixed Use (Primarily Exempt, Some Commercial)","093","Mixed Use exempt/commercial, primarily exempt","93","Lynn",0,FALSE,45,"mixed"
"094","Mixed Use (Primarily Exempt, Some Industrial)","094","Mixed Use exempt/industrial, primarily exempt","94","Lynn",0,FALSE,45,"mixed"
"039","Mixed Use (Primarily Commercial, Some Exempt)","039","IMPUTED - Mixed Use (Primarily Commercial, Some Exempt)","39","Monroe",0,FALSE,55,"mixed"
"030","Mixed Use (Primarily Commercial, Some Other)","0332","AUTO REPR MDL- C","332","Middleborough",0,FALSE,16,"mixed"
"030","Mixed Use (Primarily Commercial, Some Other)","033I","AUTO REPR MDL- C","33I","Middleborough",0,FALSE,16,"mixed"
"091","Mixed Use (Primarily Exempt, Some Residential)","091","Mixed use -charitable and two family","91","Milton",0,FALSE,36,"mixed"
"093","Mixed Use (Primarily Exempt, Some Commercial)","093","Mixed use -exempt and commercial","93","Milton",0,FALSE,32,"mixed"
"010","Mixed Use (Primarily Residential, Some Other)","0103","MOBILE HOME - MIXED USE
MOBILE HOME - MIXED USE
MOBILE HOME - MIXED USE","103","Middleborough",0,FALSE,71,"mixed"
"010","Mixed Use (Primarily Residential, Some Other)","0106","AC LND IMP - MIXED USE","106","Middleborough",0,FALSE,22,"mixed"
"010","Mixed Use (Primarily Residential, Some Other)","010R","SINGLE FAM RETREAT - MIXED USE","10R","Middleborough",0,FALSE,30,"mixed"
"012","Mixed Use (Primarily Residential, Some Open Space)","0121","BOARDING HOUSE - MIXED USE","121","Middleborough",0,FALSE,26,"mixed"
"030","Mixed Use (Primarily Commercial, Some Other)","0338","MOTOR VEH STS - MIXED USE","338","Middleborough",0,FALSE,25,"mixed"
"095","Mixed Use (Primarily Exempt, Some Private Property)","0951","Residential & Chapter 61A (Productive Woodland) Use","951","Middleborough",0,FALSE,51,"mixed"
"090","Mixed Use (Primarily Exempt, Some Other)","0904","PRI SCHOOL","904","Newburyport",0,FALSE,10,"mixed"
"010","Mixed Use (Primarily Residential, Some Other)","0101","Mulitple-Use, Primarily Residential","101","Ashburnham",0,FALSE,35,"mixed"
"010","Mixed Use (Primarily Residential, Some Other)","0111","Mulitple-Use, Primarily Residential","111","Ashburnham",0,FALSE,35,"mixed"
"010","Mixed Use (Primarily Residential, Some Other)","011C","IMPUTED - Mulitple-Use, Primarily Residential","11C","Ashburnham",0,FALSE,45,"mixed"
"080","Mixed Use (Primarily Recreation, Some Other)","0800","IMPUTED - Mixed Use, Primarily Recreational","800","Ashburnham",0,FALSE,43,"mixed"
"010","Mixed Use (Primarily Residential, Some Other)","0106","IMPUTED - Accessory Land with Improvement","106","Ashburnham",0,FALSE,41,"mixed"
"091","Mixed Use (Primarily Exempt, Some Residential)","0910","IMPUTED - Mixed Use (Primarily Exempt Property, Some Residential)","910","Ashburnham",0,FALSE,65,"mixed"
"089","Mixed Use (Primarily Recreation, Some Exempt)","089","Mixed Use (Primarily Residential, some Recreational, some Exempt)","89","Winchendon",0,FALSE,65,"mixed"
"091","Mixed Use (Primarily Exempt, Some Residential)","091","Mixed Use (Primarily Exempt, some Residential)","91","Winchendon",0,FALSE,46,"mixed"
"093","Mixed Use (Primarily Exempt, Some Commercial)","0938","Mixed Use (Primarily Exempt, some Residential, some Recreational)","938","Winchendon",0,FALSE,65,"mixed"
"094","Mixed Use (Primarily Exempt, Some Industrial)","0943","Imputed - Mixed Use (Primarily Exempt)","943","Winchendon",0,FALSE,38,"mixed"
"010","Mixed Use (Primarily Residential, Some Other)","0101","Mixed Use Single Family","101","Mattapoisett",0,FALSE,23,"mixed"
"045","Mixed Use (Primarily Industrial, Some Private Property)","0452","MIXED USE SOLAR","452","Rehoboth",0,FALSE,15,"mixed"
"039","Mixed Use (Primarily Commercial, Some Exempt)","0390","Mixed use (accessory to commercial parcel or not specifically included in another class)","390","Rehoboth",0,TRUE,88,"mixed"
"039","Mixed Use (Primarily Commercial, Some Exempt)","039","Mixed Use (Primarily Commercial, some Exempt)","39","North Adams",0,FALSE,45,"mixed"
"080","Mixed Use (Primarily Recreation, Some Other)","0806","Mixed use (primarily residential with recreational land designation under Chapter 61B","806","Rehoboth",0,FALSE,85,"mixed"
"010","Mixed Use (Primarily Residential, Some Other)","0102","Mixed Use Condo – Primary Residential, Secondary Commercial","102","Lowell",0,FALSE,59,"mixed"
"010","Mixed Use (Primarily Residential, Some Other)","010I","Mixed Use Residential – Primary Residential, Secondary Commercial (Store)","10I","Lowell",0,FALSE,73,"mixed"
"049","Mixed Use (Primarily Industrial, Some Exempt)","049","Mixed Use (Primarily Residential, some Commercial)","49","Montague",0,FALSE,50,"mixed"
"010","Mixed Use (Primarily Residential, Some Other)","0112","IMPUTED - Mixed Use Primarily APT OVER 8, Some STORE/SHOP MDL-94","112","Easthampton",0,FALSE,64,"mixed"
"023","Mixed Use (Primarily Open Space, Commercial)","023","Mixed Use (Primarily Open Space, some Commercial)","23","Beverly",0,FALSE,49,"mixed"
"093","Mixed Use (Primarily Exempt, Some Commercial)","093","Commercial Property with a partial exemption","93","Fairhaven",0,FALSE,44,"mixed"
"094","Mixed Use (Primarily Exempt, Some Industrial)","094","mixed use. Exempt property w/industrial taxable component (monopoles on town land)","94","Littleton",0,FALSE,82,"mixed"
"060","Mixed Use (Primarily Forest, Some Other)","0601","IMPUTED - Mixed Use (Primarily Ch 61 Land, Some Unknown)","601","Wrentham",0,FALSE,56,"mixed"
"080","Mixed Use (Primarily Recreation, Some Other)","0801","IMPUTED - Mixed Use (Primarily Recreational Land, Some Unknown)","801","Wrentham",0,FALSE,63,"mixed"
"039","Mixed Use (Primarily Commercial, Some Exempt)","039","Mixed use Comm/exempt  with Comm being dominant","39","Leicester",0,FALSE,47,"mixed"
"093","Mixed Use (Primarily Exempt, Some Commercial)","093","Mixed use Comm/exempt  with Exempt being dominant","93","Leicester",0,FALSE,49,"mixed"
"091","Mixed Use (Primarily Exempt, Some Residential)","091","Mixed use government property","91","Leicester",0,FALSE,29,"mixed"
"010","Mixed Use (Primarily Residential, Some Other)","0101","Mixed Use (Primarily SFR)","101","Petersham",0,FALSE,25,"mixed"
"010","Mixed Use (Primarily Residential, Some Other)","0104","Mixed Use (Primarily Multi Unit Residence)","104","Petersham",0,FALSE,42,"mixed"
"010","Mixed Use (Primarily Residential, Some Other)","0106","Mixed Use (Primarily Multi Unit Residence)","106","Petersham",0,FALSE,42,"mixed"
"010","Mixed Use (Primarily Residential, Some Other)","0109","Mixed Use (Primarily Multi Unit Residence)","109","Petersham",0,FALSE,42,"mixed"
"039","Mixed Use (Primarily Commercial, Some Exempt)","0390","Mixed Use (Primarily Commercially Developable Land)","390","Petersham",0,FALSE,51,"mixed"
"032","Mixed Use (Primarily Commercial, Some Open Space)","0322","MIXED USE DISCOUNT/DEPT STORE","322","Petersham",0,FALSE,29,"mixed"
"012","Mixed Use (Primarily Residential, Some Open Space)","0120","Pr Res Opn","120","Berlin",0,FALSE,10,"mixed"
"023","Mixed Use (Primarily Open Space, Commercial)","0230","Pri Open Comm Use","230","Berlin",0,FALSE,17,"mixed"
"032","Mixed Use (Primarily Commercial, Some Open Space)","0320","Pri Comm Open Sp","320","Berlin",0,FALSE,16,"mixed"
"080","Mixed Use (Primarily Recreation, Some Other)","0803","IMPUTED - Mixedj Use, Primarily Recreation","803","Gosnold",0,FALSE,42,"mixed"
"091","Mixed Use (Primarily Exempt, Some Residential)","091","Mixed Use (Primarily Tax-Exempt, some Residential)","91","Cohasset",0,FALSE,50,"mixed"
"039","Mixed Use (Primarily Commercial, Some Exempt)","039","Mixed Use (Primarily Commercial, some Tex-Exempt)","39","Cohasset",0,FALSE,49,"mixed"
"093","Mixed Use (Primarily Exempt, Some Commercial)","093","Mixed Use (Primarily Tax-Exempt, some Commercial)","93","Cohasset",0,FALSE,49,"mixed"
"093","Mixed Use (Primarily Exempt, Some Commercial)","093","Mixed Use (Primarily Government, some Commercial)","93","Medway",0,FALSE,49,"mixed"
"030","Mixed Use (Primarily Commercial, Some Other)","0332","AUTO REPR MDL-94","332","Blackstone",0,FALSE,16,"mixed"
"030","Mixed Use (Primarily Commercial, Some Other)","033I","AUTO REPR  MDL-96","33I","North Attleborough",0,FALSE,17,"mixed"
"091","Mixed Use (Primarily Exempt, Some Residential)","091","mixed use: school exempt land and taxable land","91","Northfield",0,FALSE,46,"mixed"
"039","Mixed Use (Primarily Commercial, Some Exempt)","039","Multi-Use: Commercial & Exempt","39","Northfield",0,FALSE,30,"mixed"
"010","Mixed Use (Primarily Residential, Some Other)","010C","MU RES M94","10C","North Attleborough",0,FALSE,10,"mixed"
"010","Mixed Use (Primarily Residential, Some Other)","0101","Mixed Use Primarily Residential","101","North Attleborough",0,FALSE,31,"mixed"
"010","Mixed Use (Primarily Residential, Some Other)","0104","Mixed Use Primarily Residential","104","North Attleborough",0,FALSE,31,"mixed"
"010","Mixed Use (Primarily Residential, Some Other)","0105","Mixed Use Primarily Residential","105","North Attleborough",0,FALSE,31,"mixed"
"010","Mixed Use (Primarily Residential, Some Other)","0112","Mixed Use Primarily Residential","112","North Attleborough",0,FALSE,31,"mixed"
"012","Mixed Use (Primarily Residential, Some Open Space)","0121","Mixed Use Primarily Residential","121","North Attleborough",0,FALSE,31,"mixed"
"032","Mixed Use (Primarily Commercial, Some Open Space)","0322","Mixed Use Primarily Commercial","322","North Attleborough",0,FALSE,30,"mixed"
"030","Mixed Use (Primarily Commercial, Some Other)","0332","Mixed Use Primarily Commercial","332","North Attleborough",0,FALSE,30,"mixed"
"035","Mixed Use (Primarily Commercial, Some Private Property)","0355","Mixed Use Primarily Commercial","355","North Attleborough",0,FALSE,30,"mixed"
"010","Mixed Use (Primarily Residential, Some Other)","0104","Mixed Use Predominently 2-Family","104","Gloucester",0,FALSE,32,"mixed"
"080","Mixed Use (Primarily Recreation, Some Other)","0805","Mixed Use Primarily Recreation","805","North Attleborough",0,FALSE,30,"mixed"
"012","Mixed Use (Primarily Residential, Some Open Space)","0120","PR RES OPN","120","Newburyport",0,FALSE,10,"mixed"
"091","Mixed Use (Primarily Exempt, Some Residential)","0916","IMPUTED - Mixed Use (Primarily Exempt, Some Residential, Some Forestry)","916","Warwick",0,FALSE,71,"mixed"
"097","Mixed Use (Primarily Exempt, Some Agriculture)","097","IMPUTED - Mixed Use (Primarily Exempt, Some Agricultural)","97","Warwick",0,FALSE,57,"mixed"
"030","Mixed Use (Primarily Commercial, Some Other)","033","Mixed Use (Primarily Commercial)","33","Douglas",0,FALSE,32,"mixed"
"070","Mixed Use (Primarily Agriculture, Some Other)","077","Mixed Use (Primarily Chapter 61A)","77","Douglas",0,FALSE,33,"mixed"
"090","Mixed Use (Primarily Exempt, Some Other)","099","Mixed Use (Primarily Tax Exempt)","99","Douglas",0,FALSE,32,"mixed"
"039","Mixed Use (Primarily Commercial, Some Exempt)","039","IMPUTED - Mixed Use Restaurant, Tax-Exempt","39","Wenham",0,FALSE,42,"mixed"
"093","Mixed Use (Primarily Exempt, Some Commercial)","093","IMPUTED - Mixed Use Primarily Tax-Exempt, Some Education","93","Wenham",0,FALSE,56,"mixed"
"010","Mixed Use (Primarily Residential, Some Other)","0104","Mixed Use Res","104","Norwood",0,FALSE,13,"mixed"
"010","Mixed Use (Primarily Residential, Some Other)","011C","Mixed Use Comm","11C","Norwood",0,FALSE,14,"mixed"
"010","Mixed Use (Primarily Residential, Some Other)","011Z","Mixed Use Comm","11Z","Norwood",0,FALSE,14,"mixed"
"039","Mixed Use (Primarily Commercial, Some Exempt)","039","Mixed Commercial Ex","39","Waltham",0,FALSE,19,"mixed"
"010","Mixed Use (Primarily Residential, Some Other)","0101","Mixed-Use Residential","101","Wales",0,FALSE,21,"mixed"
"010","Mixed Use (Primarily Residential, Some Other)","0104","Mixed-Use Multi Family","104","Wales",0,FALSE,22,"mixed"
"010","Mixed Use (Primarily Residential, Some Other)","0103","Home with chapter land","103","Wales",0,FALSE,22,"mixed"
"032","Mixed Use (Primarily Commercial, Some Open Space)","0326","Mixed Use - Eating and Drinking Establishments - restaurants, diners, fast food establishments, bars, nightclubs","326","Norwood",0,FALSE,112,"mixed"
"090","Mixed Use (Primarily Exempt, Some Other)","0902","IMPUTED - Mixed Use (Primarily Exempt, some Commercial)","902","Norwood",0,FALSE,55,"mixed"
"010","Mixed Use (Primarily Residential, Some Other)","0106","Accessory Land with Improvements - garage, etc.","106","Southwick",0,FALSE,47,"mixed"
"010","Mixed Use (Primarily Residential, Some Other)","0109","Multiple House on one parcel (for example, a single and a two-family on one parcel","109","Southwick",0,FALSE,82,"mixed"
"032","Mixed Use (Primarily Commercial, Some Open Space)","0321","Facilities providing building materials, hardware and farm equipment, heating, hardware, plumbing,","321","Southwick",0,FALSE,98,"mixed"
"032","Mixed Use (Primarily Commercial, Some Open Space)","0326","Eating and Drinking Establishments - restaurants, diners, fast food establishments, bars, nightclubs","326","Southwick",0,FALSE,100,"mixed"
"093","Mixed Use (Primarily Exempt, Some Commercial)","093","Mixed use, predominately exempt, portion commercial use","93","Greenfield",0,FALSE,55,"mixed"
"049","Mixed Use (Primarily Industrial, Some Exempt)","049","Mixed use, Predominatly Industrial, Portion Exempt Use","49","Greenfield",0,FALSE,54,"mixed"
"010","Mixed Use (Primarily Residential, Some Other)","0106","Accessory Land with Improvement","106","Shutesbury",0,FALSE,31,"mixed"
"060","Mixed Use (Primarily Forest, Some Other)","0601","Mixed Use. Forestry.","601","Shutesbury",0,FALSE,20,"mixed"
"010","Mixed Use (Primarily Residential, Some Other)","0101","Mixed use, primary single-family","101","Southampton",0,FALSE,32,"mixed"
"010","Mixed Use (Primarily Residential, Some Other)","0104","Mixed use, primary two family","104","Southampton",0,FALSE,29,"mixed"
"032","Mixed Use (Primarily Commercial, Some Open Space)","0322","Mixed use, primary commercial bldg","322","Southampton",0,FALSE,34,"mixed"
"060","Mixed Use (Primarily Forest, Some Other)","0601","mixed use-residential /  forestry land","601","Southampton",0,FALSE,38,"mixed"
"080","Mixed Use (Primarily Recreation, Some Other)","0801","mixed use-residential / recreational land, hiking","801","Southampton",0,FALSE,49,"mixed"
"080","Mixed Use (Primarily Recreation, Some Other)","0803","mixed use-residential / recreational land, nature","803","Southampton",0,FALSE,49,"mixed"
"080","Mixed Use (Primarily Recreation, Some Other)","0805","mixed use-residential / recreational, golf","805","Southampton",0,FALSE,42,"mixed"
"045","Mixed Use (Primarily Industrial, Some Private Property)","0451","mixed use solar","451","Southampton",0,FALSE,15,"mixed"
"072","Mixed Use (Primarily Agriculture, Some Open Space)","0720","mixed use chapter land","720","Southampton",0,FALSE,22,"mixed"
"039","Mixed Use (Primarily Commercial, Some Exempt)","039","Mix CommRecAg","39","Blandford",0,FALSE,13,"mixed"
"010","Mixed Use (Primarily Residential, Some Other)","0101","single family mixed use","101","Hanover",0,FALSE,23,"mixed"
"010","Mixed Use (Primarily Residential, Some Other)","0104","two family mixed use
two family mixed use
two family mixed use","104","Hanover",0,FALSE,64,"mixed"
"010","Mixed Use (Primarily Residential, Some Other)","010C","mixed usre primary residential model 94","10C","Hanover",0,FALSE,39,"mixed"
"032","Mixed Use (Primarily Commercial, Some Open Space)","0322","mixed use  store/shop model 94","322","Hanover",0,FALSE,30,"mixed"
"032","Mixed Use (Primarily Commercial, Some Open Space)","0326","mixed use  restaurant/club","326","Hanover",0,FALSE,26,"mixed"
"096","Mixed Use (Primarily Exempt, Some Forest)","0960","mixed use church","960","Hanover",0,FALSE,16,"mixed"
"010","Mixed Use (Primarily Residential, Some Other)","0111","Mixed Use APT 4 Unit","111","Hanover",0,FALSE,20,"mixed"
"030","Mixed Use (Primarily Commercial, Some Other)","0332","Mixed Use Auto Repair","332","Hanover",0,FALSE,21,"mixed"
"010","Mixed Use (Primarily Residential, Some Other)","0101","Mixed Use (Primarily Single Family Residential)","101","South Hadley",0,FALSE,47,"mixed"
"010","Mixed Use (Primarily Residential, Some Other)","0104","Mixed Use (Primarily Two Family Residential)","104","South Hadley",0,FALSE,44,"mixed"
"010","Mixed Use (Primarily Residential, Some Other)","0105","Mixed Use (Primarily Three Family Residential)","105","South Hadley",0,FALSE,46,"mixed"
"032","Mixed Use (Primarily Commercial, Some Open Space)","0322","Mixed Use (Primarily Discount Stores, Junior Department Stores, Department Stores)","322","South Hadley",0,FALSE,82,"mixed"
"032","Mixed Use (Primarily Commercial, Some Open Space)","0326","Mixed Use (Eating and Drinking Establishments - restaurants, diners, fast food establishments, bars, nightclubs)","326","South Hadley",0,FALSE,112,"mixed"
"032","Mixed Use (Primarily Commercial, Some Open Space)","032I","Mixed Use (Discount Stores, Junior Department Stores, Department Stores), Industrial","32I","South Hadley",0,FALSE,84,"mixed"
"032","Mixed Use (Primarily Commercial, Some Open Space)","032R","Mixed Use (Discount Stores, Junior Department Stores, Department Storesl) Residential","32R","South Hadley",0,FALSE,85,"mixed"
"030","Mixed Use (Primarily Commercial, Some Other)","0332","Mixed Use (Primarily Auto Repair Facilities)","332","South Hadley",0,FALSE,44,"mixed"
"035","Mixed Use (Primarily Commercial, Some Private Property)","0355","Mixed Use (Primarily Funeral Homes)","355","South Hadley",0,FALSE,35,"mixed"
"039","Mixed Use (Primarily Commercial, Some Exempt)","0390","Mixed Use (Primarily Developable Commercial Land)","390","South Hadley",0,FALSE,49,"mixed"
"039","Mixed Use (Primarily Commercial, Some Exempt)","0391","Mixed Use (Primarily Potentially Developable Commercial Land)","391","South Hadley",0,FALSE,61,"mixed"
"080","Mixed Use (Primarily Recreation, Some Other)","080C","Mixed Use (Primarily Golf) Commercial","80C","South Hadley",0,FALSE,37,"mixed"
"090","Mixed Use (Primarily Exempt, Some Other)","0904","Mixed Use (Primarily (formerly Colleges, Schools(private).  Removed June 2009. ))","904","South Hadley",0,FALSE,81,"mixed"
"090","Mixed Use (Primarily Exempt, Some Other)","0905","Mixed Use (Primarily (formerly Charitable Organizations (private hospitals, etc...).  Removed June 2009. ))","905","South Hadley",0,FALSE,107,"mixed"
"090","Mixed Use (Primarily Exempt, Some Other)","0909","Mixed Use (Primarily Church owned vacant land and out buildings)","909","South Hadley",0,FALSE,64,"mixed"
"010","Mixed Use (Primarily Residential, Some Other)","0101","Mixed use","101","Oakham",0,FALSE,9,"mixed"
"060","Mixed Use (Primarily Forest, Some Other)","0601","mixed use forestry","601","Oakham",0,FALSE,18,"mixed"
"098","Mixed Use (Primarily Exempt, Some Recreation)","098","Exempt and Ch 61B","98","Williamsburg",0,FALSE,17,"mixed"
"010","Mixed Use (Primarily Residential, Some Other)","0111","Mixed Use (Apartments with Four to Eight Units)","111","South Hadley",0,FALSE,47,"mixed"
"010","Mixed Use (Primarily Residential, Some Other)","0109","Mixed use with multiple homes.","109","South Hadley",0,FALSE,30,"mixed"
"032","Mixed Use (Primarily Commercial, Some Open Space)","0323","MIXED USE (SHOPPING CENTER)","323","Sutton",0,FALSE,27,"mixed"
"030","Mixed Use (Primarily Commercial, Some Other)","0332","IMPUTED - Mixed Use, Primarily Commercial","332","Sutton",0,FALSE,41,"mixed"
"030","Mixed Use (Primarily Commercial, Some Other)","0334","IMPUTED - Mixed Use, Primarily Commercial Gasoline Service Stations","334","Sutton",0,FALSE,67,"mixed"
"010","Mixed Use (Primarily Residential, Some Other)","0109","Multiple Houses on one parcel","109","Oak Bluffs",0,FALSE,29,"mixed"
"032","Mixed Use (Primarily Commercial, Some Open Space)","0326","Eating and Drinking Establishments - restaurants, diners, fast food establishments, bars, nightclubs","326","Oak Bluffs",0,FALSE,100,"mixed"
"093","Mixed Use (Primarily Exempt, Some Commercial)","093","Mixed use Church and Health (yoga studio)","93","Hopkinton",0,FALSE,41,"mixed"
"098","Mixed Use (Primarily Exempt, Some Recreation)","0984","IMPUTED - Mixed Use (Primarily Exempt, Some Recreational, Some Industrial)","984","Hopkinton",0,FALSE,74,"mixed"
"010","Mixed Use (Primarily Residential, Some Other)","0101","Mixed Used (Residential/Commercial)","101","Aquinnah",0,FALSE,35,"mixed"
"010","Mixed Use (Primarily Residential, Some Other)","0101","SINGLE FAMILY MIXED USE","101","Millbury",0,FALSE,23,"mixed"
"010","Mixed Use (Primarily Residential, Some Other)","0104","TWO FAMILY MIXED USE","104","Millbury",0,FALSE,20,"mixed"
"010","Mixed Use (Primarily Residential, Some Other)","0105","THREE FAMILY MIXED USE","105","Millbury",0,FALSE,22,"mixed"
"010","Mixed Use (Primarily Residential, Some Other)","0109","MULTIPLE HOUSES ON ONE PARCEL MIXED USE","109","Millbury",0,FALSE,39,"mixed"
"010","Mixed Use (Primarily Residential, Some Other)","010H","TWO-FAMILY M94 WITH STORE/SHOP","10H","Millbury",0,FALSE,30,"mixed"
"010","Mixed Use (Primarily Residential, Some Other)","0111","APARTMENTS WITH FOUR TO EIGHT UNITS MIXED USE","111","Millbury",0,FALSE,45,"mixed"
"010","Mixed Use (Primarily Residential, Some Other)","0112","APARTMENTS WITH MORE THAN EIGHT UNITS MIXED USE","112","Millbury",0,FALSE,47,"mixed"
"032","Mixed Use (Primarily Commercial, Some Open Space)","0322","MULTI USE / DEPT STORE","322","Millbury",0,FALSE,22,"mixed"
"032","Mixed Use (Primarily Commercial, Some Open Space)","0326","MULTI USE / RESTAURANT","326","Millbury",0,FALSE,22,"mixed"
"035","Mixed Use (Primarily Commercial, Some Private Property)","0355","MULTI USE / FUNERAL HOME","355","Millbury",0,FALSE,24,"mixed"
"030","Mixed Use (Primarily Commercial, Some Other)","033I","AUTO REPR M96","33I","Millbury",0,FALSE,13,"mixed"
"010","Mixed Use (Primarily Residential, Some Other)","0101","IMPUTED - Mixed Use, Primarily Residential","101","Wilmington",0,FALSE,42,"mixed"
"010","Mixed Use (Primarily Residential, Some Other)","0111","IMPUTED - Mixed Use, Primarily Residential","111","Wilmington",0,FALSE,42,"mixed"
"010","Mixed Use (Primarily Residential, Some Other)","011C","IMPUTED - Mixed Use, Primarily Residential","11C","Wilmington",0,FALSE,42,"mixed"
"032","Mixed Use (Primarily Commercial, Some Open Space)","0325","IMPUTED - Mixed Use, Primarily Commercial","325","Wilmington",0,FALSE,41,"mixed"
"032","Mixed Use (Primarily Commercial, Some Open Space)","0326","IMPUTED - Mixed Use, Primarily Commercial","326","Wilmington",0,FALSE,41,"mixed"
"035","Mixed Use (Primarily Commercial, Some Private Property)","0355","IMPUTED - Mixed Use, Primarily Commercial","355","Wilmington",0,FALSE,41,"mixed"
"094","Mixed Use (Primarily Exempt, Some Industrial)","094","Mixed use exempt and industrial","94","Charlton",0,FALSE,31,"mixed"
"049","Mixed Use (Primarily Industrial, Some Exempt)","049","Mixed use","49","Charlton",0,FALSE,9,"mixed"
"049","Mixed Use (Primarily Industrial, Some Exempt)","049","Mixed Use (Primarily Industrial, Some Exempt)","49","Windsor",0,FALSE,45,"mixed"
"010","Mixed Use (Primarily Residential, Some Other)","0101","MXD SNGL-FAM-RES","101","Cambridge",0,FALSE,16,"mixed"
"010","Mixed Use (Primarily Residential, Some Other)","0102","MXD CONDOMINIUM","102","Cambridge",0,FALSE,15,"mixed"
"010","Mixed Use (Primarily Residential, Some Other)","0104","MXD TWO-FAM-RES","104","Cambridge",0,FALSE,15,"mixed"
"010","Mixed Use (Primarily Residential, Some Other)","0105","MXD THREE-FM-RES","105","Cambridge",0,FALSE,16,"mixed"
"010","Mixed Use (Primarily Residential, Some Other)","0106","MXD RES-LAND-IMP","106","Cambridge",0,FALSE,16,"mixed"
"010","Mixed Use (Primarily Residential, Some Other)","0109","MXD MULTIPLE-RES","109","Cambridge",0,FALSE,16,"mixed"
"010","Mixed Use (Primarily Residential, Some Other)","0111","MXD 4-8-UNIT-APT","111","Cambridge",0,FALSE,16,"mixed"
"010","Mixed Use (Primarily Residential, Some Other)","0112","MXD >8-UNIT-APT","112","Cambridge",0,FALSE,15,"mixed"
"010","Mixed Use (Primarily Residential, Some Other)","0113","MXD ASSISTED-LIV","113","Cambridge",0,FALSE,16,"mixed"
"012","Mixed Use (Primarily Residential, Some Open Space)","0121","MXD BOARDING-HSE","121","Cambridge",0,FALSE,16,"mixed"
"012","Mixed Use (Primarily Residential, Some Open Space)","0122","MXD FRAT-SORORTY","122","Cambridge",0,FALSE,16,"mixed"
"012","Mixed Use (Primarily Residential, Some Open Space)","0123","MXD DORM-RS-HALL","123","Cambridge",0,FALSE,16,"mixed"
"032","Mixed Use (Primarily Commercial, Some Open Space)","0321","MXD EQUIP-RETAIL","321","Cambridge",0,FALSE,16,"mixed"
"032","Mixed Use (Primarily Commercial, Some Open Space)","0323","MXD SH-CNTR/MALL","323","Cambridge",0,FALSE,16,"mixed"
"032","Mixed Use (Primarily Commercial, Some Open Space)","0324","MXD SUPERMARKET","324","Cambridge",0,FALSE,15,"mixed"
"032","Mixed Use (Primarily Commercial, Some Open Space)","0325","MXD RETAIL-STORE","325","Cambridge",0,FALSE,16,"mixed"
"032","Mixed Use (Primarily Commercial, Some Open Space)","0326","MXD EATING-ESTBL","326","Cambridge",0,FALSE,16,"mixed"
"032","Mixed Use (Primarily Commercial, Some Open Space)","0327","MXD RETAIL-CONDO","327","Cambridge",0,FALSE,16,"mixed"
"032","Mixed Use (Primarily Commercial, Some Open Space)","0329","MXD BILLBOARD","329","Cambridge",0,FALSE,13,"mixed"
"030","Mixed Use (Primarily Commercial, Some Other)","0330","MXD AUTO-SALES","330","Cambridge",0,FALSE,14,"mixed"
"030","Mixed Use (Primarily Commercial, Some Other)","0331","MXD AUTO-SUPPLY","331","Cambridge",0,FALSE,15,"mixed"
"030","Mixed Use (Primarily Commercial, Some Other)","0332","MXD AUTO-REPAIR","332","Cambridge",0,FALSE,15,"mixed"
"030","Mixed Use (Primarily Commercial, Some Other)","0334","MXD GAS-STATION","334","Cambridge",0,FALSE,15,"mixed"
"030","Mixed Use (Primarily Commercial, Some Other)","0335","MXD CAR-WASH","335","Cambridge",0,FALSE,12,"mixed"
"030","Mixed Use (Primarily Commercial, Some Other)","0336","MXD PARKING-GAR","336","Cambridge",0,FALSE,15,"mixed"
"030","Mixed Use (Primarily Commercial, Some Other)","0337","MXD PARKING-LOT","337","Cambridge",0,FALSE,15,"mixed"
"030","Mixed Use (Primarily Commercial, Some Other)","0338","MXD OTHER-AUTO","338","Cambridge",0,TRUE,14,"mixed"
"030","Mixed Use (Primarily Commercial, Some Other)","0339","MXD CONDO-PKG-SP","339","Cambridge",0,FALSE,16,"mixed"
"035","Mixed Use (Primarily Commercial, Some Private Property)","0350","MXD S GARAGE","350","Cambridge",0,FALSE,12,"mixed"
"035","Mixed Use (Primarily Commercial, Some Private Property)","0353","MXD FRAT-ORGANIZ","353","Cambridge",0,FALSE,16,"mixed"
"035","Mixed Use (Primarily Commercial, Some Private Property)","0355","MXD FUNERAL HM","355","Cambridge",0,FALSE,14,"mixed"
"042","Mixed Use (Primarily Industrial, Some Open Space)","0422","MXD ELECT-PLANT","422","Cambridge",0,FALSE,15,"mixed"
"042","Mixed Use (Primarily Industrial, Some Open Space)","0424","MXD SUBSTATION","424","Cambridge",0,FALSE,14,"mixed"
"042","Mixed Use (Primarily Industrial, Some Open Space)","0428","MXD GAS-CONTROL","428","Cambridge",0,FALSE,15,"mixed"
"039","Mixed Use (Primarily Commercial, Some Exempt)","039","IMPUTED - Mixed Use, Primarily Commercial, Some Exempt","39","New Bedford",0,FALSE,54,"mixed"
"010","Mixed Use (Primarily Residential, Some Other)","0101","SINGLE FAM - MIXED","101","Ludlow",0,FALSE,18,"mixed"
"010","Mixed Use (Primarily Residential, Some Other)","0104","TWO FAM - MIXED","104","Ludlow",0,FALSE,15,"mixed"
"010","Mixed Use (Primarily Residential, Some Other)","0106","LND-IMP-MIXED","106","Ludlow",0,FALSE,13,"mixed"
"032","Mixed Use (Primarily Commercial, Some Open Space)","0325","SM RET - MIXED","325","Ludlow",0,FALSE,14,"mixed"
"039","Mixed Use (Primarily Commercial, Some Exempt)","0390","DEV COMM LND MIX","390","Ludlow",0,FALSE,16,"mixed"
"032","Mixed Use (Primarily Commercial, Some Open Space)","0326","Eating and Drinking Establishments - restaurants, diners, fast food establishments, bars, nightclubs","326","Otis",0,FALSE,100,"mixed"
"010","Mixed Use (Primarily Residential, Some Other)","0109","Multiple Houses on one parcel","109","Oxford",0,FALSE,29,"mixed"
"010","Mixed Use (Primarily Residential, Some Other)","0101","Mixed Use (Primarily Single Family Residential)","101","Dartmouth",0,FALSE,47,"mixed"
"010","Mixed Use (Primarily Residential, Some Other)","0104","Mixed Use (Primarily Two Family Residential)","104","Dartmouth",0,FALSE,44,"mixed"
"010","Mixed Use (Primarily Residential, Some Other)","0105","Mixed Use (Primarily Three Family Residential)","105","Dartmouth",0,FALSE,46,"mixed"
"010","Mixed Use (Primarily Residential, Some Other)","0106","Mixed Use (Primarily Accessory Land with Improvement)","106","Dartmouth",0,FALSE,53,"mixed"
"010","Mixed Use (Primarily Residential, Some Other)","0109","Mixed Use (Primarily Multiple Houses on one parcel)","109","Dartmouth",0,FALSE,51,"mixed"
"010","Mixed Use (Primarily Residential, Some Other)","010V","Mixed Use (Primarily Single Family)","10V","Dartmouth",0,FALSE,35,"mixed"
"032","Mixed Use (Primarily Commercial, Some Open Space)","0325","Mixed Use (Primarily Small Retail and Service Stores - Under 10,000SF)","325","Dartmouth",0,FALSE,70,"mixed"
"032","Mixed Use (Primarily Commercial, Some Open Space)","0326","Mixed Use (Primarily Easting and Drinking Establishments)","326","Dartmouth",0,FALSE,57,"mixed"
"032","Mixed Use (Primarily Commercial, Some Open Space)","032R","Mixed Use (Primarily Small Retail & Service)","32R","Dartmouth",0,FALSE,44,"mixed"
"030","Mixed Use (Primarily Commercial, Some Other)","0331","Mixed Use (Primarily Automotive Supplies Sales and Services)","331","Dartmouth",0,FALSE,60,"mixed"
"030","Mixed Use (Primarily Commercial, Some Other)","0332","Mixed Use (Primarily Automotive Repair Facilities)","332","Dartmouth",0,FALSE,50,"mixed"
"039","Mixed Use (Primarily Commercial, Some Exempt)","0390","Mixed Use (Primarily Developable Vacant Land)","390","Dartmouth",0,FALSE,45,"mixed"
"039","Mixed Use (Primarily Commercial, Some Exempt)","0393","Mixed Use (Primarily Agricultural Vacant Land)","393","Dartmouth",0,FALSE,46,"mixed"
"060","Mixed Use (Primarily Forest, Some Other)","0601","Mixed Use (Primarily Chapter 61 Forest Land)","601","Dartmouth",0,FALSE,44,"mixed"
"010","Mixed Use (Primarily Residential, Some Other)","0101","IMPUTED - Single Family, possibly mixed use","101","Oxford",0,FALSE,43,"mixed"
"072","Mixed Use (Primarily Agriculture, Some Open Space)","0720","Mixed Use - nonprod","720","Dartmouth",0,FALSE,19,"mixed"
"080","Mixed Use (Primarily Recreation, Some Other)","0800","Mixed Use - recreation","800","Dartmouth",0,FALSE,22,"mixed"
"080","Mixed Use (Primarily Recreation, Some Other)","0803","Mixed Use - 61B nature","803","Dartmouth",0,FALSE,22,"mixed"
"080","Mixed Use (Primarily Recreation, Some Other)","0805","Mixed Use - 61B golf","805","Dartmouth",0,FALSE,20,"mixed"
"080","Mixed Use (Primarily Recreation, Some Other)","0806","Mixed Use - 61B horse","806","Dartmouth",0,FALSE,21,"mixed"
"049","Mixed Use (Primarily Industrial, Some Exempt)","049","IMPUTED - Mixed Use (Primarily Industrial, some Tax-Exempt)","49","Acushnet",0,FALSE,59,"mixed"
"030","Mixed Use (Primarily Commercial, Some Other)","0332","IMPUTED - Mixed Use, Primarily Commercial","332","Orange",0,FALSE,41,"mixed"
"093","Mixed Use (Primarily Exempt, Some Commercial)","093","Mixed Use (Primarily Exempt some Commercial)","93","Plymouth",0,FALSE,44,"mixed"
"091","Mixed Use (Primarily Exempt, Some Residential)","091","Mixed Use (Primarily Tax-Exempt, some Residential)","91","Plymouth",0,FALSE,50,"mixed"
"039","Mixed Use (Primarily Commercial, Some Exempt)","039","Mixed Use (Primarily Commercial, exempt)","39","Plymouth",0,FALSE,40,"mixed"
"010","Mixed Use (Primarily Residential, Some Other)","0106","Accessory Land with Improvements","106","Paxton",0,FALSE,32,"mixed"
"010","Mixed Use (Primarily Residential, Some Other)","0109","Multiple Houses on one parcel","109","Acton",0,FALSE,29,"mixed"
"032","Mixed Use (Primarily Commercial, Some Open Space)","0326","Eating and Drinking Establishments - restaurants, diners, fast food establishments, bars, nightclubs","326","Acton",0,FALSE,100,"mixed"
"094","Mixed Use (Primarily Exempt, Some Industrial)","094","Mixed Use (Primarily non-taxable, some industrial)","94","Dover",0,FALSE,50,"mixed"
"010","Mixed Use (Primarily Residential, Some Other)","0101","Mixed use - primary 101","101","Leominster",0,FALSE,23,"mixed"
"010","Mixed Use (Primarily Residential, Some Other)","0104","Mixed use - primary 104","104","Leominster",0,FALSE,23,"mixed"
"010","Mixed Use (Primarily Residential, Some Other)","0105","Mixed use - primary 105","105","Leominster",0,FALSE,23,"mixed"
"010","Mixed Use (Primarily Residential, Some Other)","0109","Mixed use - primary 109","109","Leominster",0,FALSE,23,"mixed"
"010","Mixed Use (Primarily Residential, Some Other)","0111","Mixed use - primary 111","111","Leominster",0,FALSE,23,"mixed"
"039","Mixed Use (Primarily Commercial, Some Exempt)","039","Mixed use - primarily commercial condo","39","Peabody",0,FALSE,38,"mixed"
"010","Mixed Use (Primarily Residential, Some Other)","0112","Mixed use - primary 112","112","Leominster",0,FALSE,23,"mixed"
"032","Mixed Use (Primarily Commercial, Some Open Space)","0322","Mixed use - primary 322","322","Leominster",0,FALSE,23,"mixed"
"032","Mixed Use (Primarily Commercial, Some Open Space)","0325","Mixed use - primary 325","325","Leominster",0,FALSE,23,"mixed"
"032","Mixed Use (Primarily Commercial, Some Open Space)","0326","Mixed use - primary 326","326","Leominster",0,FALSE,23,"mixed"
"032","Mixed Use (Primarily Commercial, Some Open Space)","032R","Mixed use - primary 32R retail residential","32R","Leominster",0,FALSE,42,"mixed"
"030","Mixed Use (Primarily Commercial, Some Other)","0332","Mixed use - primary 332","332","Leominster",0,FALSE,23,"mixed"
"035","Mixed Use (Primarily Commercial, Some Private Property)","0355","Mixed use - primary 355","355","Leominster",0,FALSE,23,"mixed"
"039","Mixed Use (Primarily Commercial, Some Exempt)","039","MIXED USE, PRIMARILY COMMERCIAL, SECONDARILY EXEMPT","39","Franklin",0,FALSE,51,"mixed"
"032","Mixed Use (Primarily Commercial, Some Open Space)","0326","Eating and Drinking Establishments - restaurants, diners, fast food establishments, bars, nightclubs","326","Tewksbury",0,FALSE,100,"mixed"
"010","Mixed Use (Primarily Residential, Some Other)","0109","Multiple Houses on one parcel","109","Tewksbury",0,FALSE,29,"mixed"
"010","Mixed Use (Primarily Residential, Some Other)","011C","Mixed Use Apartments with up to Four Units","11C","Tewksbury",0,FALSE,42,"mixed"
"030","Mixed Use (Primarily Commercial, Some Other)","0332","AUTO REPR  MDL-96","332","West Springfield",0,FALSE,17,"mixed"
"010","Mixed Use (Primarily Residential, Some Other)","0112","Mixed Use with primary use being over 8 apartments","112","Tewksbury",0,FALSE,50,"mixed"
"096","Mixed Use (Primarily Exempt, Some Forest)","0960","Church Mixed Use","960","Tewksbury",0,FALSE,16,"mixed"
"094","Mixed Use (Primarily Exempt, Some Industrial)","094","Mixed Use - Primarily Exempt, Some Industrial","94","Monterey",0,FALSE,45,"mixed"
"091","Mixed Use (Primarily Exempt, Some Residential)","091","Mixed Use (Primarily Exempt, Some Residential)","91","Braintree",0,FALSE,46,"mixed"
"039","Mixed Use (Primarily Commercial, Some Exempt)","039","Mixed Use (Primarily Commercial, some Tax Exempt)","39","Braintree",0,FALSE,49,"mixed"
"039","Mixed Use (Primarily Commercial, Some Exempt)","039","Mixed commercial/exempt","39","Watertown",0,FALSE,23,"mixed"
"030","Mixed Use (Primarily Commercial, Some Other)","0332","AUTO REPR MDL- C","332","Chelmsford",0,FALSE,16,"mixed"
"030","Mixed Use (Primarily Commercial, Some Other)","033I","AUTO REPR MDL- C","33I","Chelmsford",0,FALSE,16,"mixed"
"094","Mixed Use (Primarily Exempt, Some Industrial)","094","IMPUTED - Mixed Use, Primarily Exempt, Some Industrial","94","Saugus",0,FALSE,54,"mixed"
"093","Mixed Use (Primarily Exempt, Some Commercial)","093","IMPUTED - Mixed Use, Primarily Exempt, Some Commercial","93","Saugus",0,FALSE,54,"mixed"
"060","Mixed Use (Primarily Forest, Some Other)","0601","Mixed use, Chapter 61 - Residential","601","Stow",0,FALSE,35,"mixed"
"080","Mixed Use (Primarily Recreation, Some Other)","0803","Mixed use, Chapter 61B - Residential","803","Stow",0,FALSE,36,"mixed"
"080","Mixed Use (Primarily Recreation, Some Other)","0805","Mixed use, Chapter 61B - Residential","805","Stow",0,FALSE,36,"mixed"
"093","Mixed Use (Primarily Exempt, Some Commercial)","093","Church with Cell Tower (Cell Tower Taxable)","93","Stow",0,FALSE,43,"mixed"
"010","Mixed Use (Primarily Residential, Some Other)","011C","MIXED USE-PRIMARY APT 4-UNIT","11C","Attleboro",0,FALSE,28,"mixed"
"032","Mixed Use (Primarily Commercial, Some Open Space)","032R","MIXED USE-STORE/SHOP","32R","Attleboro",0,FALSE,20,"mixed"
"040","Mixed Use (Primarily Industrial, Some Other)","0441","MIXED USE-PRIMARY IND LD PO","441","Attleboro",0,FALSE,27,"mixed"
"060","Mixed Use (Primarily Forest, Some Other)","0601","MIXED USE-PRIMARY C61 FOREST","601","Attleboro",0,FALSE,28,"mixed"
"010","Mixed Use (Primarily Residential, Some Other)","0109","IMPUTED - MIXED USE (PRIMARILY RESIDENTIAL)","109","Sharon",0,FALSE,43,"mixed"
"060","Mixed Use (Primarily Forest, Some Other)","0601","IMPUTED - Mixed Use (Primarily Chapter 61 Land)","601","Sharon",0,FALSE,47,"mixed"
"010","Mixed Use (Primarily Residential, Some Other)","0101","Mixed Use Mostly Residential","101","Avon",0,FALSE,28,"mixed"
"032","Mixed Use (Primarily Commercial, Some Open Space)","0322","Mixed Use Mostly Commercial","322","Avon",0,FALSE,27,"mixed"
"032","Mixed Use (Primarily Commercial, Some Open Space)","0325","Mixed Use Mostly Commercial","325","Avon",0,FALSE,27,"mixed"
"030","Mixed Use (Primarily Commercial, Some Other)","0332","Mixed Use Mostly Commercial","332","Avon",0,FALSE,27,"mixed"
"010","Mixed Use (Primarily Residential, Some Other)","0101","mix use single family","101","Agawam",0,FALSE,21,"mixed"
"010","Mixed Use (Primarily Residential, Some Other)","0104","mix use two family","104","Agawam",0,FALSE,18,"mixed"
"012","Mixed Use (Primarily Residential, Some Open Space)","0120","Mixed use - Single family/Residential with Chapterland","120","Sturbridge",0,FALSE,54,"mixed"
"010","Mixed Use (Primarily Residential, Some Other)","0101","Mixed use residential","101","Randolph",0,FALSE,21,"mixed"
"091","Mixed Use (Primarily Exempt, Some Residential)","0910","Mixed use exempt","910","Randolph",0,FALSE,16,"mixed"
"098","Mixed Use (Primarily Exempt, Some Recreation)","098","IMPUTED - Mixed Use (Primarily Exempt, Some Recreation)","98","Wendell",0,FALSE,55,"mixed"
"030","Mixed Use (Primarily Commercial, Some Other)","0332","AUTO REPR  MDL-01","332","Barnstable",0,FALSE,17,"mixed"
"010","Mixed Use (Primarily Residential, Some Other)","0107","Mixed used residential chapter 61a","107","Rutland",0,FALSE,34,"mixed"
"010","Mixed Use (Primarily Residential, Some Other)","0104","Mix Use 2 Fam","104","Barnstable",0,FALSE,13,"mixed"
"030","Mixed Use (Primarily Commercial, Some Other)","0332","Mixed-Use Garage","332","Southbridge",0,FALSE,16,"mixed"
"060","Mixed Use (Primarily Forest, Some Other)","0601","Mixed-Use Chapter 61","601","Southbridge",0,FALSE,20,"mixed"
"080","Mixed Use (Primarily Recreation, Some Other)","0801","Mixed-Use Chapter 61B","801","Southbridge",0,FALSE,21,"mixed"
"010","Mixed Use (Primarily Residential, Some Other)","0107","IMPUTED - Mixed Use, Primariily Residential","107","Boylston",0,FALSE,43,"mixed"
"091","Mixed Use (Primarily Exempt, Some Residential)","0910","IMPUTED - Mixed Use, Primarily Exempt","910","Boylston",0,FALSE,37,"mixed"
"010","Mixed Use (Primarily Residential, Some Other)","0106","IMPUTED - Mixed Use Primarily Residential, Some Forest","106","Boylston",0,FALSE,54,"mixed"
"010","Mixed Use (Primarily Residential, Some Other)","0101","Mixed use, primarily single family","101","Granby",0,FALSE,34,"mixed"
"010","Mixed Use (Primarily Residential, Some Other)","0104","Mixed use, primarily 2 family","104","Granby",0,FALSE,29,"mixed"
"010","Mixed Use (Primarily Residential, Some Other)","0111","Mixed use, primarily 4 to 8 unit apartment","111","Granby",0,FALSE,42,"mixed"
"010","Mixed Use (Primarily Residential, Some Other)","0112","Mixed use, primarily more than 8 unit apartment","112","Granby",0,FALSE,47,"mixed"
"032","Mixed Use (Primarily Commercial, Some Open Space)","0325","Mixed use, primarily commercial","325","Granby",0,FALSE,31,"mixed"
"032","Mixed Use (Primarily Commercial, Some Open Space)","0326","Mixed use, primarily commercial","326","Granby",0,FALSE,31,"mixed"
"032","Mixed Use (Primarily Commercial, Some Open Space)","0322","Mixed use, Commercial, store/shop","322","Granby",0,FALSE,33,"mixed"
"049","Mixed Use (Primarily Industrial, Some Exempt)","049","Primary (LUC 400) Industrial with (alt LUC 906) Church","49","Billerica",0,FALSE,54,"mixed"
"092","Mixed Use (Primarily Exempt, Some Open Space)","0920","IMPUTED - Dept. of Conservation and Recreation (DCR) - Division of Urban Parks and Recreation (non-reimbursable)","920","Granby",0,FALSE,112,"mixed"
"030","Mixed Use (Primarily Commercial, Some Other)","0330","IMPUTED - Mixed Use Primarily Commercial, Some Municipal","330","Granby",0,FALSE,56,"mixed"
"035","Mixed Use (Primarily Commercial, Some Private Property)","0352","IMPUTED - Mixed Use Primarily Commercial, Some Personal Property, Some Open Space","352","Granby",0,FALSE,81,"mixed"
"072","Mixed Use (Primarily Agriculture, Some Open Space)","0720","IMPUTED - Mixed Use Primarily Industrial, Some Forest","720","Granby",0,FALSE,53,"mixed"
"010","Mixed Use (Primarily Residential, Some Other)","0101","Mixed Use (Primarily Residential)","101","Edgartown",0,FALSE,33,"mixed"
"010","Mixed Use (Primarily Residential, Some Other)","0104","Mixed Use (Primarily Residential)","104","Edgartown",0,FALSE,33,"mixed"
"010","Mixed Use (Primarily Residential, Some Other)","0109","Mixed Use (Primarily Residential)","109","Edgartown",0,FALSE,33,"mixed"
"010","Mixed Use (Primarily Residential, Some Other)","010C","Mixed Use (Primarily Residential)","10C","Edgartown",0,FALSE,33,"mixed"
"010","Mixed Use (Primarily Residential, Some Other)","0111","Mixed Use (Primarily Residential)","111","Edgartown",0,FALSE,33,"mixed"
"032","Mixed Use (Primarily Commercial, Some Open Space)","0322","Mixed Use (Primarily Commerical)","322","Edgartown",0,FALSE,32,"mixed"
"032","Mixed Use (Primarily Commercial, Some Open Space)","0326","Mixed Use (Primarily Commerical)","326","Edgartown",0,FALSE,32,"mixed"
"032","Mixed Use (Primarily Commercial, Some Open Space)","032R","Mixed Use (Primarily Commerical)","32R","Edgartown",0,FALSE,32,"mixed"
"030","Mixed Use (Primarily Commercial, Some Other)","0332","Mixed Use (Primarily Commerical)","332","Edgartown",0,FALSE,32,"mixed"
"080","Mixed Use (Primarily Recreation, Some Other)","0803","Mixed Use (Primarily Recreational)","803","Edgartown",0,FALSE,34,"mixed"
"080","Mixed Use (Primarily Recreation, Some Other)","0805","Mixed Use (Primarily Recreational)","805","Edgartown",0,FALSE,34,"mixed"
"032","Mixed Use (Primarily Commercial, Some Open Space)","0325","Mixed use - commercial portion of a building/property","325","Edgartown",0,FALSE,53,"mixed"
"060","Mixed Use (Primarily Forest, Some Other)","0601","Mixed use (Primarily Forestry)","601","Edgartown",0,FALSE,30,"mixed"
"032","Mixed Use (Primarily Commercial, Some Open Space)","032I","Mixed Use, Primary Commercial, Secondary Open Land, Tertiary Residential","32I","Edgartown",0,FALSE,72,"mixed"
"012","Mixed Use (Primarily Residential, Some Open Space)","0123","Mixed Use, Primary Residential, Secondary Open Land, Tertiary Commercial","123","Edgartown",0,FALSE,72,"mixed"
"010","Mixed Use (Primarily Residential, Some Other)","0109","Multiple Houses on Lot","109","Lakeville",0,FALSE,22,"mixed"
"010","Mixed Use (Primarily Residential, Some Other)","0105","IMPUTED - Mixed Use, Primarily Residential","105","Edgartown",0,FALSE,42,"mixed"
"032","Mixed Use (Primarily Commercial, Some Open Space)","0325","Small Retail and Services stores (under 10,000 sq. ft.)","325","Dudley",0,FALSE,55,"mixed"
"032","Mixed Use (Primarily Commercial, Some Open Space)","0326","Eating and Drinking Establishments - restaurants, diners, fast food establishments, bars, nightclubs","326","Dudley",0,FALSE,100,"mixed"
"010","Mixed Use (Primarily Residential, Some Other)","0104","Mixed use two family","104","Rochester",0,FALSE,20,"mixed"
"010","Mixed Use (Primarily Residential, Some Other)","0107","Mixed use agriculture","107","Rochester",0,FALSE,21,"mixed"
"032","Mixed Use (Primarily Commercial, Some Open Space)","0322","MIXED USE STORE","322","Wilbraham",0,FALSE,15,"mixed"
"060","Mixed Use (Primarily Forest, Some Other)","0601","Mixed Use (Primarily Chaper 61)","601","Wilbraham",0,FALSE,31,"mixed"
"072","Mixed Use (Primarily Agriculture, Some Open Space)","0722","Mixed Use (Primarily Non Protected Wetland)","722","Wilbraham",0,FALSE,43,"mixed"
"080","Mixed Use (Primarily Recreation, Some Other)","0803","Mixed Use (Primarily Chapter 61B - Nature)","803","Wilbraham",0,FALSE,42,"mixed"
"080","Mixed Use (Primarily Recreation, Some Other)","0806","Mixed Use (Primarily Chapter 61B - Horse)","806","Wilbraham",0,FALSE,41,"mixed"
"080","Mixed Use (Primarily Recreation, Some Other)","0801","Chapterland 61B, mixed use code for ""Hiking trails / paths""","801","Wilbraham",0,FALSE,59,"mixed"
"090","Mixed Use (Primarily Exempt, Some Other)","0905","Mixed charitable / Hospital","905","Wilbraham",0,FALSE,27,"mixed"
"039","Mixed Use (Primarily Commercial, Some Exempt)","0393","Agricultural use, not Chapter 61A, Split use","393","Rochester",0,FALSE,44,"mixed"
"072","Mixed Use (Primarily Agriculture, Some Open Space)","0720","Non-productive Agricultural Use, Split use","720","Rochester",0,FALSE,42,"mixed"
"010","Mixed Use (Primarily Residential, Some Other)","0106","Accessory Land with Improvement","106","Rochester",0,FALSE,31,"mixed"
"091","Mixed Use (Primarily Exempt, Some Residential)","091","Multiple Use (Predominantly Tax Exempt with Residential Use)","91","Haverhill",0,FALSE,60,"mixed"
"093","Mixed Use (Primarily Exempt, Some Commercial)","093","Multiple Use (Predominantly Tax Exempt with Commercial Use)","93","Haverhill",0,FALSE,59,"mixed"
"094","Mixed Use (Primarily Exempt, Some Industrial)","094","Multiple Use (Predominantly Tax Exempt with Industrial Use)","94","Haverhill",0,FALSE,59,"mixed"
"049","Mixed Use (Primarily Industrial, Some Exempt)","049","Multiple Use (Predominantly Industrial with Commercial and Tax Exempt Use)","49","Haverhill",0,FALSE,74,"mixed"
"010","Mixed Use (Primarily Residential, Some Other)","0101","IMPUTED - Mixed-Use Primarily Residential, Some Boating Recreational Land","101","Winthrop",0,FALSE,73,"mixed"
"010","Mixed Use (Primarily Residential, Some Other)","0100","MIX-RES","100","Dennis",0,FALSE,7,"mixed"
"010","Mixed Use (Primarily Residential, Some Other)","0106","IMPUTED - Accessory Land with Improvement","106","Russell",0,FALSE,41,"mixed"
"010","Mixed Use (Primarily Residential, Some Other)","0101","1 FAM MIX MDL-01","101","Somerville",0,FALSE,16,"mixed"
"010","Mixed Use (Primarily Residential, Some Other)","0104","2 FAM MIX MDL-01","104","Somerville",0,FALSE,16,"mixed"
"010","Mixed Use (Primarily Residential, Some Other)","0105","3 FAM MIX MDL-01","105","Somerville",0,FALSE,16,"mixed"
"010","Mixed Use (Primarily Residential, Some Other)","0101","Mixed use","101","Rockport",0,FALSE,9,"mixed"
"010","Mixed Use (Primarily Residential, Some Other)","0104","Multiple use - two family","104","Rockport",0,FALSE,25,"mixed"
"010","Mixed Use (Primarily Residential, Some Other)","0109","Multiple use - multiple houses","109","Rockport",0,FALSE,30,"mixed"
"010","Mixed Use (Primarily Residential, Some Other)","0111","Multiple use - four to eight apartments","111","Rockport",0,FALSE,39,"mixed"
"032","Mixed Use (Primarily Commercial, Some Open Space)","0322","Multiple use - discount stores","322","Rockport",0,FALSE,30,"mixed"
"032","Mixed Use (Primarily Commercial, Some Open Space)","0325","Multiple use - retail less than 10,000 sq. ft","325","Rockport",0,FALSE,45,"mixed"
"032","Mixed Use (Primarily Commercial, Some Open Space)","0326","Multiple use - eating or drinking establishments","326","Rockport",0,FALSE,48,"mixed"
"030","Mixed Use (Primarily Commercial, Some Other)","0332","Multiple use - auto repair facilities","332","Rockport",0,FALSE,37,"mixed"
"010","Mixed Use (Primarily Residential, Some Other)","0101","Mixed Use (Single-Family Res)","101","Holden",0,FALSE,29,"mixed"
"010","Mixed Use (Primarily Residential, Some Other)","0104","Mixed Use (2-Family Res)","104","Holden",0,FALSE,24,"mixed"
"010","Mixed Use (Primarily Residential, Some Other)","0105","Mixed Use (3-Family Res)","105","Holden",0,FALSE,24,"mixed"
"010","Mixed Use (Primarily Residential, Some Other)","0109","Mixed Use (Multiple Res Buildings)","109","Holden",0,FALSE,34,"mixed"
"010","Mixed Use (Primarily Residential, Some Other)","0111","Mixed Use (4-8-Unit Res)","111","Holden",0,FALSE,24,"mixed"
"032","Mixed Use (Primarily Commercial, Some Open Space)","0322","Mixed Use (Retail Stores)","322","Holden",0,FALSE,25,"mixed"
"032","Mixed Use (Primarily Commercial, Some Open Space)","0326","Mixed Use (Easting & Drinking Establishments)","326","Holden",0,FALSE,45,"mixed"
"039","Mixed Use (Primarily Commercial, Some Exempt)","0399","Mixed Use (multi village)","399","Holden",0,FALSE,25,"mixed"
"010","Mixed Use (Primarily Residential, Some Other)","0106","Vacant land with outbuildings","106","Holden",0,FALSE,29,"mixed"
"030","Mixed Use (Primarily Commercial, Some Other)","0332","AUTO REPR  M-96","332","Mansfield",0,FALSE,15,"mixed"
"060","Mixed Use (Primarily Forest, Some Other)","0601","Multiple use land designated under Chapter 61","601","Sterling",0,FALSE,45,"mixed"
"072","Mixed Use (Primarily Agriculture, Some Open Space)","0720","Multiple use non-productive land, Wetlands","720","Sterling",0,FALSE,42,"mixed"
"080","Mixed Use (Primarily Recreation, Some Other)","0800","Multiple use recreational Chapter 61B","800","Sterling",0,FALSE,37,"mixed"
"080","Mixed Use (Primarily Recreation, Some Other)","0801","Multiple use Hiking","801","Sterling",0,FALSE,19,"mixed"
"080","Mixed Use (Primarily Recreation, Some Other)","0805","Multiple use Golfing","805","Sterling",0,FALSE,20,"mixed"
"010","Mixed Use (Primarily Residential, Some Other)","0101","PR RES","101","Dedham",0,FALSE,6,"mixed"
"095","Mixed Use (Primarily Exempt, Some Private Property)","0956","MIXED USE EXEMPT","956","Dedham",0,FALSE,16,"mixed"
"030","Mixed Use (Primarily Commercial, Some Other)","0332","AUTO REPR MDL-96","332","Dedham",0,FALSE,16,"mixed"
"012","Mixed Use (Primarily Residential, Some Open Space)","012","Mixed use, residential and chaptered land (land legally in agriculture, recreational, or forestry programs)","12","Whately",0,FALSE,107,"mixed"
"023","Mixed Use (Primarily Open Space, Commercial)","023","Mixed use, chaptered and commercial","23","Whately",0,FALSE,35,"mixed"
"032","Mixed Use (Primarily Commercial, Some Open Space)","032","Mixed use, commercial, chaptered","32","Whately",0,FALSE,32,"mixed"
"010","Mixed Use (Primarily Residential, Some Other)","0101","Mixed use single family home","101","Lunenburg",0,FALSE,28,"mixed"
"010","Mixed Use (Primarily Residential, Some Other)","0109","Mixed use multi houses","109","Lunenburg",0,FALSE,22,"mixed"
"060","Mixed Use (Primarily Forest, Some Other)","0601","Mixed use Ch 61 forestry","601","Lunenburg",0,FALSE,24,"mixed"
"080","Mixed Use (Primarily Recreation, Some Other)","0803","Mixed use with Ch 61B recreation open and natural state","803","Lunenburg",0,FALSE,55,"mixed"
"010","Mixed Use (Primarily Residential, Some Other)","0101","MIXED PRIMARY RES","101","Clinton",0,FALSE,17,"mixed"
"012","Mixed Use (Primarily Residential, Some Open Space)","0121","MIXED BOARDING","121","Clinton",0,FALSE,14,"mixed"
"010","Mixed Use (Primarily Residential, Some Other)","0103","MIXED PRIMARY RES","103","Clinton",0,FALSE,17,"mixed"
"010","Mixed Use (Primarily Residential, Some Other)","0101","Single Family, Multi-Use","101","Norfolk",0,FALSE,24,"mixed"
"039","Mixed Use (Primarily Commercial, Some Exempt)","039","mixed use, commercial and exempt","39","Milford",0,FALSE,32,"mixed"
"032","Mixed Use (Primarily Commercial, Some Open Space)","0325","MIX RET <10K","325","Norfolk",0,FALSE,12,"mixed"
"094","Mixed Use (Primarily Exempt, Some Industrial)","094","Cell tower on municipal land","94","Boxborough",0,FALSE,28,"mixed"
"010","Mixed Use (Primarily Residential, Some Other)","0101","MIXED USE SINGLE FAM","101","Grafton",0,FALSE,20,"mixed"
"010","Mixed Use (Primarily Residential, Some Other)","0101","IMPUTED - Mixed Use Single Family","101","West Brookfield",0,FALSE,33,"mixed"
"092","Mixed Use (Primarily Exempt, Some Open Space)","0920","IMPUTED - Mixed Use, Primarily Exempt","920","West Brookfield",0,FALSE,37,"mixed"
"010","Mixed Use (Primarily Residential, Some Other)","0108","IMPUTED - Mixed Use (Primarily Residential, Some Recreational)","108","West Brookfield",0,FALSE,62,"mixed"
"039","Mixed Use (Primarily Commercial, Some Exempt)","039","Mixed Use","39","Brookline",0,FALSE,9,"mixed"
"091","Mixed Use (Primarily Exempt, Some Residential)","091","Mixed Use","91","Brookline",0,FALSE,9,"mixed"
"093","Mixed Use (Primarily Exempt, Some Commercial)","093","Mixed Use (Primarily Tax-Exempt, some Commercial)","93","Hardwick",0,FALSE,49,"mixed"
"049","Mixed Use (Primarily Industrial, Some Exempt)","049","Mixed use Industrial, Exempt","49","Deerfield",0,FALSE,28,"mixed"
"094","Mixed Use (Primarily Exempt, Some Industrial)","094","Mixed use Exempt, Industrial","94","Deerfield",0,FALSE,28,"mixed"
"060","Mixed Use (Primarily Forest, Some Other)","0600","mixed-use Chapter Land 61","600","Monson",0,FALSE,25,"mixed"
"070","Mixed Use (Primarily Agriculture, Some Other)","0700","mixed-use Chapter Land 61A","700","Monson",0,FALSE,26,"mixed"
"080","Mixed Use (Primarily Recreation, Some Other)","0800","mixed-use Chapter Land 61B","800","Monson",0,FALSE,26,"mixed"
"091","Mixed Use (Primarily Exempt, Some Residential)","091","IMPUTED - Mixed-Use Primarily Exempt Property Church, Some Residential","91","Deerfield",0,FALSE,70,"mixed"
"093","Mixed Use (Primarily Exempt, Some Commercial)","0934","exempt, commercial and industrial","934","Ware",0,FALSE,33,"mixed"
"032","Mixed Use (Primarily Commercial, Some Open Space)","0321","IMPUTED - Facilities providing building materials, hardware and farm equip, heating, hardware, plumbing, lumber supplies and equip","321","Medford",0,FALSE,130,"mixed"
"032","Mixed Use (Primarily Commercial, Some Open Space)","0325","IMPUTED - Small Retail and Services stores (under 10,000 sq. ft.)","325","Medford",0,FALSE,65,"mixed"
"032","Mixed Use (Primarily Commercial, Some Open Space)","0326","IMPUTED - Eating and Drinking Establishments - restaurants, diners, fast food establishments, bars, nightclubs","326","Medford",0,FALSE,110,"mixed"
"039","Mixed Use (Primarily Commercial, Some Exempt)","039","IMPUTED - Mixed Use (Primarily Commercial, Some Exempt)","39","Ware",0,FALSE,55,"mixed"
"096","Mixed Use (Primarily Exempt, Some Forest)","096","IMPUTED - Mixed Use (Primarily Exempt, Some Forest)","96","Ware",0,FALSE,51,"mixed"
"093","Mixed Use (Primarily Exempt, Some Commercial)","093","exempt and commercial","93","Ware",0,FALSE,21,"mixed"
"010","Mixed Use (Primarily Residential, Some Other)","0101","Mixed Use - residential and commercial","101","North Brookfield",0,FALSE,38,"mixed"
"010","Mixed Use (Primarily Residential, Some Other)","0106","Mixed Use Accessory Land w/Improvements-Garage, Shed, Etc.","106","Hamilton",0,FALSE,58,"mixed"
"049","Mixed Use (Primarily Industrial, Some Exempt)","049","IMPUTED - Mixed Use (Primarily Industrial, Some Tax Exempt)","49","Hamilton",0,FALSE,59,"mixed"
"032","Mixed Use (Primarily Commercial, Some Open Space)","0326","Restaurant and Club","326","Millis",0,FALSE,19,"mixed"
"010","Mixed Use (Primarily Residential, Some Other)","010","CONDO MIXED USE","10","Boston",0,FALSE,15,"mixed"
"012","Mixed Use (Primarily Residential, Some Open Space)","012","RES (OPEN SPACE USE)","12","Boston",0,FALSE,20,"mixed"
"032","Mixed Use (Primarily Commercial, Some Open Space)","0326","Eating and Drinking Establishments - restaurants, diners, fast food establishments, bars, nightclubs","326","Kingston",0,FALSE,100,"mixed"
"072","Mixed Use (Primarily Agriculture, Some Open Space)","0722","Mixed Use (Primarily Productive Land, With Wetland/Non Productive)","722","Kingston",0,FALSE,66,"mixed"
"045","Mixed Use (Primarily Industrial, Some Private Property)","0451","Mixed Use Solar","451","Kingston",0,FALSE,15,"mixed"
"072","Mixed Use (Primarily Agriculture, Some Open Space)","0720","Mixed use agriculture nonproductive land","720","Kingston",0,FALSE,40,"mixed"
"080","Mixed Use (Primarily Recreation, Some Other)","0805","Mixed use golf course","805","Kingston",0,FALSE,21,"mixed"
"010","Mixed Use (Primarily Residential, Some Other)","0104","2 Family Mix Mo1","104","Nantucket",0,FALSE,16,"mixed"
"010","Mixed Use (Primarily Residential, Some Other)","0105","3 Family Mix M01","105","Nantucket",0,FALSE,16,"mixed"
"010","Mixed Use (Primarily Residential, Some Other)","010F","3 Family MixM94","10F","Nantucket",0,FALSE,15,"mixed"
"010","Mixed Use (Primarily Residential, Some Other)","011","Mixed Use-day care & residential","11","Wellesley",0,FALSE,32,"mixed"
"010","Mixed Use (Primarily Residential, Some Other)","011C","Mixed Use","11C","Tisbury",0,FALSE,9,"mixed"
"032","Mixed Use (Primarily Commercial, Some Open Space)","0325","commercial mixed use","325","Tisbury",0,FALSE,20,"mixed"
"060","Mixed Use (Primarily Forest, Some Other)","0601","Mixed Use","601","Tisbury",0,FALSE,9,"mixed"
"072","Mixed Use (Primarily Agriculture, Some Open Space)","0720","mixed use for chapterland","720","Tisbury",0,FALSE,25,"mixed"
"080","Mixed Use (Primarily Recreation, Some Other)","0803","Mixed Use","803","Tisbury",0,FALSE,9,"mixed"
"080","Mixed Use (Primarily Recreation, Some Other)","0805","Mixed Use","805","Tisbury",0,FALSE,9,"mixed"
"032","Mixed Use (Primarily Commercial, Some Open Space)","032C","IMPUTED - Mixed Use, Primarily Commercial","32C","Tisbury",0,FALSE,41,"mixed"
"092","Mixed Use (Primarily Exempt, Some Open Space)","0920","Mixed Use - Residential - Exempt","920","Harvard",0,FALSE,32,"mixed"
"060","Mixed Use (Primarily Forest, Some Other)","0601","Mixed Use - Land designated under Chapter 61 (not classified as Open Space)","601","Harvard",0,FALSE,75,"mixed"
"010","Mixed Use (Primarily Residential, Some Other)","0101","MIXED USE SINGLE FAMILY","101","Athol",0,FALSE,23,"mixed"
"010","Mixed Use (Primarily Residential, Some Other)","0111","MIXED USE APT 4-8 UNITS","111","Athol",0,FALSE,23,"mixed"
"010","Mixed Use (Primarily Residential, Some Other)","0112","MIXED USE APT >8 UNITS C","112","Athol",0,FALSE,24,"mixed"
"032","Mixed Use (Primarily Commercial, Some Open Space)","0325","MIXED USE RETAIN < 10,000 SF","325","Athol",0,FALSE,28,"mixed"
"032","Mixed Use (Primarily Commercial, Some Open Space)","0326","MIXED USE RESTAURANT/CLUB","326","Athol",0,FALSE,25,"mixed"
"030","Mixed Use (Primarily Commercial, Some Other)","0338","MIXED USE OTHER MVE SERVICE/STATION","338","Athol",0,TRUE,35,"mixed"
"035","Mixed Use (Primarily Commercial, Some Private Property)","0355","MIXED USE FUNERAL HOME","355","Athol",0,FALSE,22,"mixed"
"091","Mixed Use (Primarily Exempt, Some Residential)","091","partially tax exempt [957] property with multi house units  [109]","91","Worthington",0,FALSE,65,"mixed"
"010","Mixed Use (Primarily Residential, Some Other)","0104","MIXED USE 2 FAMILY","104","Athol",0,FALSE,18,"mixed"
"032","Mixed Use (Primarily Commercial, Some Open Space)","0322","MIXED USE DISCOUNT/DEPT STORE","322","Athol",0,FALSE,29,"mixed"
"010","Mixed Use (Primarily Residential, Some Other)","0106","IMPUTED - Primarily Residential","106","Athol",0,FALSE,31,"mixed"
"032","Mixed Use (Primarily Commercial, Some Open Space)","0325","Small Retail and Services stores (under 10,000 sq. ft.)","325","Templeton",0,FALSE,55,"mixed"
"032","Mixed Use (Primarily Commercial, Some Open Space)","0326","Eating and Drinking Establishments - restaurants, diners, fast food establishments, bars, nightclubs","326","Templeton",0,FALSE,100,"mixed"
"032","Mixed Use (Primarily Commercial, Some Open Space)","032C","Mixed Use (Primarily Commercial, some Residential)","32C","Templeton",0,FALSE,50,"mixed"
"030","Mixed Use (Primarily Commercial, Some Other)","0338","Mixed use Commercial Property","338","Templeton",0,FALSE,29,"mixed"
"097","Mixed Use (Primarily Exempt, Some Agriculture)","097","Mixed Use (Primarily Exempt, Some Agricultural)","97","Ashfield",0,FALSE,47,"mixed"
"093","Mixed Use (Primarily Exempt, Some Commercial)","093","Mixed Use (Primarily Exempt, Some Commercial)","93","Ashfield",0,FALSE,45,"mixed"
"080","Mixed Use (Primarily Recreation, Some Other)","0800","Mixed Use (Recreation)","800","Templeton",0,FALSE,22,"mixed"
"032","Mixed Use (Primarily Commercial, Some Open Space)","0326","Eating and Drinking Establishments - restaurants, diners, fast food establishments, bars, nightclubs","326","Plainville",0,FALSE,100,"mixed"
"032","Mixed Use (Primarily Commercial, Some Open Space)","032R","Mixed Use (Primarily Commercial)","32R","Plainville",0,FALSE,32,"mixed"
"010","Mixed Use (Primarily Residential, Some Other)","0106","Accessory Land with Improvement","106","Plainville",0,FALSE,31,"mixed"
"010","Mixed Use (Primarily Residential, Some Other)","0109","Multiple Houses on one parcel","109","Stockbridge",0,FALSE,29,"mixed"
"032","Mixed Use (Primarily Commercial, Some Open Space)","0325","Small Retail and Services stores (under 10,000 sq. ft.)","325","Stockbridge",0,FALSE,55,"mixed"
"080","Mixed Use (Primarily Recreation, Some Other)","0802","Camping - areas with sites for overnight camping (Ch. 61B, not classified as Open Space)","802","Stockbridge",0,FALSE,88,"mixed"
"032","Mixed Use (Primarily Commercial, Some Open Space)","0322","Mixed use retail","322","Taunton",0,FALSE,16,"mixed"
"010","Mixed Use (Primarily Residential, Some Other)","0109","Multiple Houses on one parcel","109","Hampden",0,FALSE,29,"mixed"
"032","Mixed Use (Primarily Commercial, Some Open Space)","0326","Eating and Drinking Establishments - restaurants, diners, fast food establishments, bars, nightclubs","326","Hampden",0,FALSE,100,"mixed"
"010","Mixed Use (Primarily Residential, Some Other)","0101","Mixed Use Single Fam","101","Westfield",0,FALSE,20,"mixed"
"010","Mixed Use (Primarily Residential, Some Other)","0103","Mixed Use Mobile Home","103","Westfield",0,FALSE,21,"mixed"
"010","Mixed Use (Primarily Residential, Some Other)","0104","Mixed Use Two-Family","104","Westfield",0,FALSE,20,"mixed"
"010","Mixed Use (Primarily Residential, Some Other)","0105","Mixed Use Three- Family","105","Westfield",0,FALSE,23,"mixed"
"010","Mixed Use (Primarily Residential, Some Other)","0109","Mixed Use Multiple Houses","109","Westfield",0,FALSE,25,"mixed"
"010","Mixed Use (Primarily Residential, Some Other)","0111","Mixed Use Four to Eight Unit Apt","111","Westfield",0,FALSE,32,"mixed"
"032","Mixed Use (Primarily Commercial, Some Open Space)","0322","Mixed Use Store","322","Westfield",0,FALSE,15,"mixed"
"032","Mixed Use (Primarily Commercial, Some Open Space)","0326","Mixed Use Restaurant","326","Westfield",0,FALSE,20,"mixed"
"060","Mixed Use (Primarily Forest, Some Other)","0601","Mixed Use Forest Land","601","Westfield",0,FALSE,21,"mixed"
"060","Mixed Use (Primarily Forest, Some Other)","0601","Mixed Use Chapter 61","601","Hampden",0,FALSE,20,"mixed"
"080","Mixed Use (Primarily Recreation, Some Other)","0803","Mixed Use Chapter 61B","803","Hampden",0,FALSE,21,"mixed"
"010","Mixed Use (Primarily Residential, Some Other)","0101","Mixed-Use Residential","101","Gardner",0,FALSE,21,"mixed"
"010","Mixed Use (Primarily Residential, Some Other)","0104","Mixed-Use Multi Family","104","Gardner",0,FALSE,22,"mixed"
"010","Mixed Use (Primarily Residential, Some Other)","0105","Mixed-Use Three-Family Residential","105","Gardner",0,FALSE,34,"mixed"
"010","Mixed Use (Primarily Residential, Some Other)","0109","Mixed-Use Multiple Houses on one parcel","109","Gardner",0,FALSE,39,"mixed"
"010","Mixed Use (Primarily Residential, Some Other)","0111","Mixed-Use Apartments with Four to Eight Units","111","Gardner",0,FALSE,45,"mixed"
"010","Mixed Use (Primarily Residential, Some Other)","0112","Mixed-Use Apartments with More than Eight Units","112","Gardner",0,FALSE,47,"mixed"
"012","Mixed Use (Primarily Residential, Some Open Space)","0121","Mixed-Use Rooming and Boarding Houses","121","Gardner",0,FALSE,37,"mixed"
"032","Mixed Use (Primarily Commercial, Some Open Space)","0322","Mixed Use Discount Stores, Junior Department Stores, Department Stores","322","Gardner",0,FALSE,70,"mixed"
"032","Mixed Use (Primarily Commercial, Some Open Space)","0325","Mixed Use Small Retail and Services stores (under 10,000 sq. ft.)","325","Gardner",0,FALSE,65,"mixed"
"032","Mixed Use (Primarily Commercial, Some Open Space)","0326","Mixed Use Eating and Drinking Establishments - restaurants, diners, fast food establishments, bars, nightclubs","326","Gardner",0,FALSE,110,"mixed"
"030","Mixed Use (Primarily Commercial, Some Other)","0330","Mixed Use Automotive Vehicles Sales and Service","330","Gardner",0,FALSE,47,"mixed"
"035","Mixed Use (Primarily Commercial, Some Private Property)","0355","Mixed Use Funeral Homes","355","Gardner",0,FALSE,23,"mixed"
"060","Mixed Use (Primarily Forest, Some Other)","0601","IMPUTED - Primarily Forestry","601","Gardner",0,FALSE,28,"mixed"
"032","Mixed Use (Primarily Commercial, Some Open Space)","0325","primary Commercial use with some residential use (Mixed Use).","325","Foxborough",0,FALSE,61,"mixed"
"080","Mixed Use (Primarily Recreation, Some Other)","0802","Mixed Use: Campground and Chapter Land Designation","802","Foxborough",0,FALSE,50,"mixed"
"010","Mixed Use (Primarily Residential, Some Other)","0101","Mixed use - single family","101","Spencer",0,FALSE,25,"mixed"
"010","Mixed Use (Primarily Residential, Some Other)","0103","Mixed use - mobile home","103","Spencer",0,FALSE,23,"mixed"
"010","Mixed Use (Primarily Residential, Some Other)","0104","Mixed use - 2-family","104","Spencer",0,FALSE,20,"mixed"
"010","Mixed Use (Primarily Residential, Some Other)","0111","Mixed use - 4 apartments","111","Spencer",0,FALSE,24,"mixed"
"032","Mixed Use (Primarily Commercial, Some Open Space)","0321","Mixed use - hardware store","321","Spencer",0,FALSE,26,"mixed"
"032","Mixed Use (Primarily Commercial, Some Open Space)","0322","Mixed use - store/shop","322","Spencer",0,FALSE,22,"mixed"
"032","Mixed Use (Primarily Commercial, Some Open Space)","0326","Mixed use - restaurant/club","326","Spencer",0,FALSE,27,"mixed"
"030","Mixed Use (Primarily Commercial, Some Other)","0334","Mixed use - gas station","334","Spencer",0,FALSE,23,"mixed"
"035","Mixed Use (Primarily Commercial, Some Private Property)","0351","Mixed use - education building","351","Spencer",0,FALSE,30,"mixed"
"080","Mixed Use (Primarily Recreation, Some Other)","0803","Mixed use - Chapter land/recreational","803","Spencer",0,FALSE,37,"mixed"
"060","Mixed Use (Primarily Forest, Some Other)","0601","Multiple Use, a residence with Chapter 61 Forest land","601","Spencer",0,FALSE,53,"mixed"
"049","Mixed Use (Primarily Industrial, Some Exempt)","049","Mixed Use (Primarily Industrial, some Tax Exempt)","49","West Tisbury",0,FALSE,49,"mixed"
"091","Mixed Use (Primarily Exempt, Some Residential)","091","Mixed Use (Tax Exempt, Residential)","91","West Tisbury",0,FALSE,35,"mixed"
"091","Mixed Use (Primarily Exempt, Some Residential)","0910","Mixed Use Residential Exemption","910","Holyoke",0,FALSE,31,"mixed"
"093","Mixed Use (Primarily Exempt, Some Commercial)","0930","Mixed Use - Commercial Exemption","930","Holyoke",0,FALSE,32,"mixed"
"094","Mixed Use (Primarily Exempt, Some Industrial)","0940","Mixed Use - Industrial Exemption","940","Holyoke",0,FALSE,32,"mixed"
"039","Mixed Use (Primarily Commercial, Some Exempt)","039","Mixed Commercial Exemption","39","Holyoke",0,FALSE,26,"mixed"
"091","Mixed Use (Primarily Exempt, Some Residential)","091","Mixed exempt with leased for profit","91","Holyoke",0,FALSE,35,"mixed"
"093","Mixed Use (Primarily Exempt, Some Commercial)","093","Mixed exempt hospital with lease","93","Holyoke",0,FALSE,32,"mixed"
"094","Mixed Use (Primarily Exempt, Some Industrial)","094","Cell towers on exempt land","94","Lincoln",0,FALSE,26,"mixed"
"091","Mixed Use (Primarily Exempt, Some Residential)","091","Mixed exempt, residential","91","Stoughton",0,FALSE,25,"mixed"
"049","Mixed Use (Primarily Industrial, Some Exempt)","049","Mixed Use (Primarily Industrial, some Pump house)","49","Stoughton",0,FALSE,49,"mixed"
"049","Mixed Use (Primarily Industrial, Some Exempt)","0490","Mixed Use (Primarily Industrial, some Pump house)","490","Stoughton",0,FALSE,49,"mixed"
"010","Mixed Use (Primarily Residential, Some Other)","0104","IMPUTED - Mixed Use, Primarily Residential","104","Ipswich",0,FALSE,42,"mixed"
"093","Mixed Use (Primarily Exempt, Some Commercial)","093","Mixed uses 960 and 352","93","Pembroke",0,FALSE,22,"mixed"
"030","Mixed Use (Primarily Commercial, Some Other)","0332","AUTO REPR M96","332","Taunton",0,FALSE,13,"mixed"
"010","Mixed Use (Primarily Residential, Some Other)","0101","Mixed use Single family","101","Phillipston",0,FALSE,23,"mixed"
"010","Mixed Use (Primarily Residential, Some Other)","0104","Mixed use Two family","104","Phillipston",0,FALSE,20,"mixed"
"010","Mixed Use (Primarily Residential, Some Other)","0106","Mixed use vacant w/accessory","106","Phillipston",0,FALSE,28,"mixed"
"010","Mixed Use (Primarily Residential, Some Other)","0109","Mixed use multi houses","109","Phillipston",0,FALSE,22,"mixed"
"032","Mixed Use (Primarily Commercial, Some Open Space)","0325","Mixed us Retail < 10,000 SF","325","Phillipston",0,FALSE,27,"mixed"
"030","Mixed Use (Primarily Commercial, Some Other)","0332","Mixed use auto repair","332","Phillipston",0,FALSE,21,"mixed"
"010","Mixed Use (Primarily Residential, Some Other)","0106","Accessory land with improvement-garage, etc.","106","Wayland",0,FALSE,44,"mixed"
"010","Mixed Use (Primarily Residential, Some Other)","0109","Multiple Houses on one parcel (for example, a single and a two-family on one parcel)","109","Wayland",0,FALSE,84,"mixed"
"039","Mixed Use (Primarily Commercial, Some Exempt)","039","IMPUTED - Mixed Use Primarily Commercial, Some Exempt Historic Land","39","Shelburne",0,FALSE,67,"mixed"
"039","Mixed Use (Primarily Commercial, Some Exempt)","039","Mixed Use Commercial/Exempt","39","Framingham",0,FALSE,27,"mixed"
"094","Mixed Use (Primarily Exempt, Some Industrial)","0940","School and Industrial Building","940","Framingham",0,FALSE,30,"mixed"
"093","Mixed Use (Primarily Exempt, Some Commercial)","093","Mixed Use (Primarily Exempt, Some Commercial)","93","Framingham",0,FALSE,45,"mixed"
"094","Mixed Use (Primarily Exempt, Some Industrial)","094","Mixed Use (Primarily Exempt, Some Industrial)","94","Framingham",0,FALSE,45,"mixed"
"091","Mixed Use (Primarily Exempt, Some Residential)","091","Mixed Use, (Primarily Exempt, Some Residential)","91","Framingham",0,FALSE,47,"mixed"
"010","Mixed Use (Primarily Residential, Some Other)","010C","MIXED USE PREDOMINANTLY SINGLE FAMILY","10C","Yarmouth",0,FALSE,37,"mixed"
"032","Mixed Use (Primarily Commercial, Some Open Space)","0325","MIXED USE PRECOMINANTLY RETAIL < 10K SQ FT","325","Yarmouth",0,FALSE,42,"mixed"
"010","Mixed Use (Primarily Residential, Some Other)","0107","IMPUTED - Primarily Residential","107","West Boylston",0,FALSE,31,"mixed"
"032","Mixed Use (Primarily Commercial, Some Open Space)","0326","IMPUTED - Mixed Use (Primarily Retail Trade, Some Forest)","326","West Boylston",0,FALSE,57,"mixed"
"322","Discount Stores, Junior Department Stores, Department Stores","0322","STORE/SHOP M94","BLANK","Swansea",0,FALSE,14,"mixed"
"326","Eating and Drinking Establishments - restaurants, diners, fast food establishments, bars, nightclubs","0326","REST/CLUBS","BLANK","Swansea",0,FALSE,10,"mixed"
"332","Auto Repair Facilities","0332","SERVC SHOP MDL","BLANK","Swansea",0,FALSE,14,"mixed"
"101","Single Family Residential","0101","Single Family","BLANK","Swansea",0,FALSE,13,"mixed"
"111","Apartments with Four to Eight Units","0111","Apt. 4-unit M96","BLANK","Swansea",0,FALSE,15,"mixed"
"803","Nature Study - areas specifically for nature study or observation (Ch. 61B, not classified as Open Space)","0803","61B NATURE","BLANK","Swansea",0,FALSE,10,"mixed"
"104","Two-Family Residential","0104","Two Family Dwellings","BLANK","Swansea",0,FALSE,20,"mixed"
"331","Automotive Supplies Sales and Service","0331","Auto S&S M95","BLANK","Swansea",0,FALSE,12,"mixed"
"808","Fishing Areas (Ch. 61B, not classified as Open Space)","0808","Fishing Areas","BLANK","Concord",0,FALSE,13,"mixed"
"101","Single Family Residential","0101","Single Fam","BLANK","Marion",0,FALSE,10,"mixed"
"102","Residential Condominium","0102","Condo","BLANK","Marion",0,FALSE,5,"mixed"
"103","Mobile Home (includes mobile home park land)","0103","Mobile Hom","BLANK","Marion",0,FALSE,10,"mixed"
"104","Two-Family Residential","0104","Two Family","BLANK","Marion",0,FALSE,10,"mixed"
"105","Three-Family Residential","0105","THREE FAM","BLANK","Marion",0,FALSE,9,"mixed"
"106","Accessory Land with Improvement","0106","AC LND IMP","BLANK","Marion",0,FALSE,10,"mixed"
"109","Multiple Houses on one parcel","0109","MULTI HSES","BLANK","Marion",0,FALSE,10,"mixed"
"111","Apartments with Four to Eight Units","0111","APT 4-UNIT","BLANK","Marion",0,FALSE,10,"mixed"
"112","Apartments with More than Eight Units","0112","APT OVER 8","BLANK","Marion",0,FALSE,10,"mixed"
"121","Rooming and Boarding Houses","0121","BOARDNG HS","BLANK","Marion",0,FALSE,10,"mixed"
"122","Fraternity and Sorority Houses","0122","FRAT/SOROR","BLANK","Marion",0,FALSE,10,"mixed"
"123","Residence Halls or Dormitories","0123","DORMITORY","BLANK","Marion",0,FALSE,9,"mixed"
"124","Rectories, Convents, Monasteries","0124","REC/CONVEN","BLANK","Marion",0,FALSE,10,"mixed"
"201","Residential Open Land","0201","SFR OPEN","BLANK","Marion",0,FALSE,8,"mixed"
"202","Underwater Land or Marshes not under public ownership, located in residential area","0202","WET RES PV","BLANK","Marion",0,FALSE,10,"mixed"
"321","Facilities providing building materials, hardware and farm equip, heating, hardware, plumbing, lumber supplies and equip","0321","HRDWARE ST","BLANK","Marion",0,FALSE,10,"mixed"
"322","Discount Stores, Junior Department Stores, Department Stores","0322","RETAIL >10K M94","BLANK","Marion",0,FALSE,15,"mixed"
"323","Shopping Centers/Malls","0323","SHOPNGMALL","BLANK","Marion",0,FALSE,10,"mixed"
"324","Supermarkets (in excess of 10,000 sq. ft.)","0324","SUPERMKT","BLANK","Marion",0,FALSE,8,"mixed"
"325","Small Retail and Services stores (under 10,000 sq. ft.)","0325","RETAIL <10K M94","BLANK","Marion",0,FALSE,15,"mixed"
"326","Eating and Drinking Establishments - restaurants, diners, fast food establishments, bars, nightclubs","0326","REST/CLUBS","BLANK","Marion",0,FALSE,10,"mixed"
"330","Automotive Vehicles Sales and Service","0330","AUTO V S&S","BLANK","Marion",0,FALSE,10,"mixed"
"331","Automotive Supplies Sales and Service","0331","GARAGE","BLANK","Marion",0,FALSE,6,"mixed"
"333","Fuel Service Areas - providing only fuel products","0333","FUEL SV/PR","BLANK","Marion",0,FALSE,10,"mixed"
"334","Gasoline Service Stations - providing engine repair or maintenance services, and fuel products","0334","GAS ST SRV","BLANK","Marion",0,FALSE,10,"mixed"
"335","Car Wash Facilities","0335","CAR WASH","BLANK","Marion",0,FALSE,8,"mixed"
"336","Parking Garages","0336","PARK GAR","BLANK","Marion",0,FALSE,8,"mixed"
"337","Parking Lots - a commercial open parking lot for motor vehicles","0337","PARK LOT","BLANK","Marion",0,FALSE,8,"mixed"
"338","Other Motor Vehicles Sales and Services","0338","OTH MTR SS","BLANK","Marion",0,FALSE,10,"mixed"
"350","Property Used for Postal Services","0350","POST OFF","BLANK","Marion",0,FALSE,8,"mixed"
"351","Educational Properties","0351","EDUC BLDG","BLANK","Marion",0,FALSE,9,"mixed"
"352","Day Care Centers, Adult (see also Code 140)","0352","DAY CARE","BLANK","Marion",0,FALSE,8,"mixed"
"353","Fraternal Organizations","0353","FRATNL ORG","BLANK","Marion",0,FALSE,10,"mixed"
"354","Bus Transportation Facilities and Related Properties","0354","TRANSPORT","BLANK","Marion",0,FALSE,9,"mixed"
"355","Funeral Homes","0355","FUNERAL HM","BLANK","Marion",0,FALSE,10,"mixed"
"356","Miscellaneous Public Services - professional membership organizations, business associations, etc","0356","PROF ASSOC","BLANK","Marion",0,FALSE,10,"mixed"
"390","Developable Commercial Land","0390","DEVEL LAND","BLANK","Marion",0,FALSE,10,"mixed"
"391","Potentially Developable Commercial Land","0391","POT DEVEL","BLANK","Marion",0,FALSE,9,"mixed"
"392","Undevelopable Commercial Land","0392","UNDEV LAND","BLANK","Marion",0,FALSE,10,"mixed"
"393","Agricultural/Horticultural Land not included in Chapter 61A","0393","AH-NOT 61A","BLANK","Marion",0,FALSE,10,"mixed"
"420","Utility Tanks","0420","PUB TANKS","BLANK","Marion",0,FALSE,9,"mixed"
"421","Liquid Natural Gas Tanks","0421","TANKS LNG","BLANK","Marion",0,FALSE,9,"mixed"
"422","Electrical Plant","0422","ELEC PLANT","BLANK","Marion",0,FALSE,10,"mixed"
"423","Electric Transmission Right-of-Way","0423","ELEC ROW","BLANK","Marion",0,FALSE,8,"mixed"
"424","Electricity Regulating Substations","0424","ELECSUBSTA","BLANK","Marion",0,FALSE,10,"mixed"
"425","Gas Production Plants","0425","GAS PLANT","BLANK","Marion",0,FALSE,9,"mixed"
"426","Gas Pipeline Right-of-Way","0426","GAS ROW","BLANK","Marion",0,FALSE,7,"mixed"
"427","Natural or Manufactured Gas Storage","0427","GAS STG","BLANK","Marion",0,FALSE,7,"mixed"
"428","Gas Pressure Control Stations","0428","GAS SUBSTA","BLANK","Marion",0,FALSE,10,"mixed"
"440","Developable Industrial Land","0440","IND LD DV","BLANK","Marion",0,FALSE,9,"mixed"
"441","Potentially Developable Industrial Land","0441","IND LD PO","BLANK","Marion",0,FALSE,9,"mixed"
"442","Undevelopable Industrial Land","0442","IND LD UD","BLANK","Marion",0,FALSE,9,"mixed"
"501","Individuals, Partnerships, Associations and Trusts","0501","IND ASC TR","BLANK","Marion",0,FALSE,10,"mixed"
"502","Domestic Business Corporations or a Foreign Corporation, as defined in Ch. 63, Sec.30","0502","DOM/FOR CP","BLANK","Marion",0,FALSE,10,"mixed"
"503","Domestic and Foreign Corporations Classified Manufacturing, as defined in Ch. 63, Sec. 42B","0503","DOM/FOR ME","BLANK","Marion",0,FALSE,10,"mixed"
"504","Public Utilities -- Transmission and Distribution","0504","PUB UTIL","BLANK","Marion",0,FALSE,8,"mixed"
"505","Machinery, Poles, Wires, and Underground Conduits, Wires and Pipes of all Telephone and Telegraph Cos., per Comm. Of Rev","0505","MCH PL/WR","BLANK","Marion",0,FALSE,9,"mixed"
"506","Pipelines Of 25 Miles Or More In Length For Transmitting Natural Gas Or Petroleum, as determined by Comm. of Revenue","0506","PIPE LINES","BLANK","Marion",0,FALSE,10,"mixed"
"601","All land designated under Chapter 61 (not classified as Open Space)","0601","C61 TEN YR","BLANK","Marion",0,FALSE,10,"mixed"
"602","Christmas Trees (Ch. 61, not classified as Open Space)","0602","C61 5 YEAR","BLANK","Marion",0,FALSE,10,"mixed"
"720","Wet land, scrub land, rock land (Ch. 61A, not classified as Open Space)","0720","NONPRNECLD","BLANK","Marion",0,FALSE,10,"mixed"
"801","Hiking - trails or paths (Ch. 61B, not classified as OS)","0801","61B HIKE","BLANK","Marion",0,FALSE,8,"mixed"
"802","Camping - areas with sites for overnight camping (Ch. 61B, not classified as Open Space)","0802","61B CAMP","BLANK","Marion",0,FALSE,8,"mixed"
"803","Nature Study - areas specifically for nature study or observation (Ch. 61B, not classified as Open Space)","0803","61B NATURE","BLANK","Marion",0,FALSE,10,"mixed"
"804","Boating - areas for recreational boating and supporting land facilities (Ch. 61B, not classified as Open Space)","0804","61B BOAT","BLANK","Marion",0,FALSE,8,"mixed"
"805","Golfing - areas of land arranged as a golf course (Ch. 61B, not classified as Open Space)","0805","61B GOLF","BLANK","Marion",0,FALSE,8,"mixed"
"806","Horseback Riding - trails or areas (Ch. 61B, not classified as Open Space)","0806","61B HORSE","BLANK","Marion",0,FALSE,9,"mixed"
"807","Hunting - areas for the hunting of wildlife (Ch. 61B, not classified as Open Space)","0807","61B HUNT","BLANK","Marion",0,FALSE,8,"mixed"
"808","Fishing Areas (Ch. 61B, not classified as Open Space)","0808","61B FISH","BLANK","Marion",0,FALSE,8,"mixed"
"809","Alpine Skiing - areas for ""downhill"" skiiing (Ch. 61B, not classified as Open Space)","0809","61B AL-SKI","BLANK","Marion",0,FALSE,10,"mixed"
"900","United States Government","0900","US GOVT","BLANK","Marion",0,FALSE,7,"mixed"
"901","(formerly Commonwealth of Massachusetts.  Removed June 2009.)","0901","COMM-MASS","BLANK","Marion",0,FALSE,9,"mixed"
"902","(formerly Counties.  Removed June 2009.)","0902","COUNTY","BLANK","Marion",0,FALSE,6,"mixed"
"903","(formerly Municipalities/Districts.  Removed June 2009.)","0903","MUNICPAL","BLANK","Marion",0,FALSE,8,"mixed"
"905","(formerly Charitable Organizations (private hospitals, etc...).  Removed June 2009. )","0905","P/HOS CHAR","BLANK","Marion",0,FALSE,10,"mixed"
"906","(formerly Religious Organizations.  Removed June 2009.)","0906","CHURCH ETC","BLANK","Marion",0,FALSE,10,"mixed"
"907","(formerly 121A Corporations.  Removed June 2009.)","0907","121A CORP","BLANK","Marion",0,FALSE,9,"mixed"
"908","(formerly Housing Authority.  Removed June 2009.)","0908","HSNG AUTH","BLANK","Marion",0,FALSE,9,"mixed"
"910","Dept. of Conservation and Recreation (DCR), Division of State Parks and Recreation","0910","CHARITABLE","BLANK","Marion",0,FALSE,10,"mixed"
"920","Dept. of Conservation and Recreation (DCR) - Division of Urban Parks and Recreation (non-reimbursable)","0920","NON PROFIT","BLANK","Marion",0,FALSE,10,"mixed"
"101","Single Family Residential","0101","Single Fam  MDL-01","BLANK","Orange",0,FALSE,18,"mixed"
"111","Apartments with Four to Eight Units","0111","APT 4-UNIT","BLANK","Orange",0,FALSE,10,"mixed"
"326","Eating and Drinking Establishments - restaurants, diners, fast food establishments, bars, nightclubs","0326","REST/CLUBS","BLANK","Orange",0,FALSE,10,"mixed"
"101","Single Family Residential","0101","Single Family Residential","BLANK","Groton",0,FALSE,25,"mixed"
"104","Two-Family Residential","0104","Two-Family Residential","BLANK","Groton",0,FALSE,22,"mixed"
"105","Three-Family Residential","0105","Three-Family Residential","BLANK","Groton",0,FALSE,24,"mixed"
"601","All land designated under Chapter 61 (not classified as Open Space)","0601","IMPUTED - All land designated under Chapter 61 (not classified as Open Space)","BLANK","Groton",0,FALSE,77,"mixed"
"101","Single Family Residential","0101","Single Family Residential","BLANK","Palmer",0,FALSE,25,"mixed"
"104","Two-Family Residential","0104","Two-Family Residential","BLANK","Palmer",0,FALSE,22,"mixed"
"105","Three-Family Residential","0105","Three-Family Residential","BLANK","Palmer",0,FALSE,24,"mixed"
"322","Discount Stores, Junior Department Stores, Department Stores","0322","Discount Stores, Junior Department Stores, Department Stores","BLANK","Palmer",0,FALSE,60,"mixed"
"332","Auto Repair Facilities","0332","Auto Repair Facilities","BLANK","Palmer",0,FALSE,22,"mixed"
"355","Funeral Homes","0355","Funeral Homes","BLANK","Palmer",0,FALSE,13,"mixed"
"905","(formerly Charitable Organizations (private hospitals, etc...).  Removed June 2009. )","0905","P/HOS CHAR","BLANK","Palmer",0,FALSE,10,"mixed"
"103","Mobile Home (includes mobile home park land)","0103","MOBILE HOME","BLANK","Palmer",0,FALSE,11,"mixed"
"452","Electric Generation Plants, Agreement Value","0452","SOLAR SITE","BLANK","Palmer",0,FALSE,10,"mixed"
"000","Use code not known or nor provided.","039","Commercial-Other","BLANK","Danvers",0,TRUE,16,"mixed"
"101","Single Family Residential","0101","Single Family MDL-01","BLANK","Marlborough",0,FALSE,20,"mixed"
"104","Two-Family Residential","0104","Two Family MDL-01","BLANK","Marlborough",0,FALSE,17,"mixed"
"105","Three-Family Residential","0105","Three Family","BLANK","Marlborough",0,FALSE,12,"mixed"
"111","Apartments with Four to Eight Units","0111","Apartment 4-Unit","BLANK","Marlborough",0,FALSE,16,"mixed"
"322","Discount Stores, Junior Department Stores, Department Stores","0322","Store/Shop MDL-94","BLANK","Marlborough",0,FALSE,17,"mixed"
"325","Small Retail and Services stores (under 10,000 sq. ft.)","0325","Conv Food","BLANK","Marlborough",0,FALSE,9,"mixed"
"326","Eating and Drinking Establishments - restaurants, diners, fast food establishments, bars, nightclubs","0326","Restaurant/Clubs","BLANK","Marlborough",0,FALSE,16,"mixed"
"332","Auto Repair Facilities","0332","Auto Repair","BLANK","Marlborough",0,FALSE,11,"mixed"
"355","Funeral Homes","0355","Funeral Home","BLANK","Marlborough",0,FALSE,12,"mixed"
"390","Developable Commercial Land","0390","Developable Commercial Land","BLANK","Marlborough",0,FALSE,27,"mixed"
"101","Single Family Residential","0101","Single Family Residential","BLANK","Hudson",0,FALSE,25,"mixed"
"104","Two-Family Residential","0104","Two-Family Residential","BLANK","Hudson",0,FALSE,22,"mixed"
"101","Single Family Residential","0101","Single Family Residential","BLANK","Hubbardston",0,FALSE,25,"mixed"
"104","Two-Family Residential","0104","Two-Family Residential","BLANK","Hubbardston",0,FALSE,22,"mixed"
"105","Three-Family Residential","0105","Three-Family Residential","BLANK","Hubbardston",0,FALSE,24,"mixed"
"322","Discount Stores, Junior Department Stores, Department Stores","0322","Discount Stores, Junior Department Stores, Department Stores","BLANK","Hubbardston",0,FALSE,60,"mixed"
"109","Multiple Houses on one parcel","0109","Multi Hses","BLANK","Duxbury",0,FALSE,10,"mixed"
"322","Discount Stores, Junior Department Stores, Department Stores","0322","Condo - Vacant","BLANK","Duxbury",0,FALSE,14,"mixed"
"104","Two-Family Residential","0104","Two-Family Residential","BLANK","Duxbury",0,FALSE,22,"mixed"
"105","Three-Family Residential","0105","Three-Family Residential","BLANK","Duxbury",0,FALSE,24,"mixed"
"000","Use code not known or nor provided.","0332","Other","BLANK","Duxbury",0,TRUE,5,"mixed"
"000","Use code not known or nor provided.","0601","Other","BLANK","Duxbury",0,TRUE,5,"mixed"
"000","Use code not known or nor provided.","0720","Other","BLANK","Duxbury",0,TRUE,5,"mixed"
"000","Use code not known or nor provided.","0801","Other","BLANK","Duxbury",0,TRUE,5,"mixed"
"000","Use code not known or nor provided.","0803","Other","BLANK","Duxbury",0,TRUE,5,"mixed"
"000","Use code not known or nor provided.","0805","Other","BLANK","Duxbury",0,TRUE,5,"mixed"
"101","Single Family Residential","0101","Single Family Residential","BLANK","Wareham",0,FALSE,25,"mixed"
"111","Apartments with Four to Eight Units","0111","Four to Eight Units","BLANK","Wareham",0,FALSE,19,"mixed"
"322","Discount Stores, Junior Department Stores, Department Stores","0322","Discount Stores, Junior Department Stores, Department Stores","BLANK","Wareham",0,FALSE,60,"mixed"
"332","Auto Repair Facilities","0332","Auto Repair Facilities","BLANK","Wareham",0,FALSE,22,"mixed"
"355","Funeral Homes","0355","Funeral Homes","BLANK","Wareham",0,FALSE,13,"mixed"
"109","Multiple Houses on one parcel","0109","Multi-Houses","BLANK","Wareham",0,FALSE,12,"mixed"
"451","Electric Generation Plants, Transition Value","0451","ELEC GEN REN","BLANK","Wareham",0,FALSE,12,"mixed"
"102","Residential Condominium","0102","Apt-Ret Condo","BLANK","Hingham",0,FALSE,13,"mixed"
"106","Accessory Land with Improvement","0106","Accessory Land w Improvement","BLANK","Hingham",0,FALSE,28,"mixed"
"334","Gasoline Service Stations - providing engine repair or maintenance services, and fuel products","0334","Gas Station Service","BLANK","Hingham",0,FALSE,19,"mixed"
"931","Improved, Selectmen or City Council (Municipal)","0931","Improved, Selectmen or City Council","BLANK","Lynn",0,FALSE,35,"mixed"
"934","Improved, Education (Municipal or County)","0934","Improved, Education","BLANK","Lynn",0,FALSE,19,"mixed"
"101","Single Family Residential","0101","SINGLE FAM MDL R","BLANK","Middleborough",0,FALSE,16,"mixed"
"104","Two-Family Residential","0104","TWO FAM R","BLANK","Middleborough",0,FALSE,9,"mixed"
"105","Three-Family Residential","0105","THREE FAM R","BLANK","Middleborough",0,FALSE,11,"mixed"
"111","Apartments with Four to Eight Units","0111","4-8 FAM R","BLANK","Middleborough",0,FALSE,9,"mixed"
"112","Apartments with More than Eight Units","0112","OVER 8 R","BLANK","Middleborough",0,FALSE,8,"mixed"
"322","Discount Stores, Junior Department Stores, Department Stores","0322","STORE/SHOP MDL C","BLANK","Middleborough",0,FALSE,16,"mixed"
"326","Eating and Drinking Establishments - restaurants, diners, fast food establishments, bars, nightclubs","0326","RESTAURANT MDL C","BLANK","Middleborough",0,FALSE,16,"mixed"
"355","Funeral Homes","0355","FUNERAL HM MDL C","BLANK","Middleborough",0,FALSE,16,"mixed"
"109","Multiple Houses on one parcel","0109","MULTI HSES MDL-01","BLANK","Middleborough",0,FALSE,17,"mixed"
"325","Small Retail and Services stores (under 10,000 sq. ft.)","0325","CONV FOOD MDL-94","BLANK","Middleborough",0,FALSE,16,"mixed"
"393","Agricultural/Horticultural Land not included in Chapter 61A","0393","AH-NOT 61A MDL-96","BLANK","Middleborough",0,FALSE,17,"mixed"
"330","Automotive Vehicles Sales and Service","0330","AUTO V S&S MDL-96","BLANK","Middleborough",0,FALSE,17,"mixed"
"392","Undevelopable Commercial Land","0392","UNDEV LAND","BLANK","Middleborough",0,FALSE,10,"mixed"
"601","All land designated under Chapter 61 (not classified as Open Space)","0601","C61 TEN YR","BLANK","Middleborough",0,FALSE,10,"mixed"
"720","Wet land, scrub land, rock land (Ch. 61A, not classified as Open Space)","0720","NONPRNECLD","BLANK","Middleborough",0,FALSE,10,"mixed"
"803","Nature Study - areas specifically for nature study or observation (Ch. 61B, not classified as Open Space)","0803","61B NATURE","BLANK","Middleborough",0,FALSE,10,"mixed"
"321","Facilities providing building materials, hardware and farm equip, heating, hardware, plumbing, lumber supplies and equip","0321","HRDWARE ST","BLANK","Newburyport",0,FALSE,10,"mixed"
"322","Discount Stores, Junior Department Stores, Department Stores","0322","STORE/SHOP","BLANK","Newburyport",0,FALSE,10,"mixed"
"323","Shopping Centers/Malls","0323","SHOPNGMALL","BLANK","Newburyport",0,FALSE,10,"mixed"
"324","Supermarkets (in excess of 10,000 sq. ft.)","0324","SUPERMKT","BLANK","Newburyport",0,FALSE,8,"mixed"
"325","Small Retail and Services stores (under 10,000 sq. ft.)","0325","CONV FOOD","BLANK","Newburyport",0,FALSE,9,"mixed"
"326","Eating and Drinking Establishments - restaurants, diners, fast food establishments, bars, nightclubs","0326","REST/CLUBS","BLANK","Newburyport",0,FALSE,10,"mixed"
"330","Automotive Vehicles Sales and Service","0330","AUTO V S&S","BLANK","Newburyport",0,FALSE,10,"mixed"
"331","Automotive Supplies Sales and Service","0331","AUTO S S&S","BLANK","Newburyport",0,FALSE,10,"mixed"
"332","Auto Repair Facilities","0332","AUTO REPR","BLANK","Newburyport",0,FALSE,9,"mixed"
"333","Fuel Service Areas - providing only fuel products","0333","FUEL SV/PR","BLANK","Newburyport",0,FALSE,10,"mixed"
"334","Gasoline Service Stations - providing engine repair or maintenance services, and fuel products","0334","GAS ST SRV","BLANK","Newburyport",0,FALSE,10,"mixed"
"335","Car Wash Facilities","0335","CAR WASH","BLANK","Newburyport",0,FALSE,8,"mixed"
"336","Parking Garages","0336","PARK GAR","BLANK","Newburyport",0,FALSE,8,"mixed"
"337","Parking Lots - a commercial open parking lot for motor vehicles","0337","PARK LOT","BLANK","Newburyport",0,FALSE,8,"mixed"
"338","Other Motor Vehicles Sales and Services","0338","OTH MTR SS","BLANK","Newburyport",0,FALSE,10,"mixed"
"350","Property Used for Postal Services","0350","POST OFF","BLANK","Newburyport",0,FALSE,8,"mixed"
"351","Educational Properties","0351","EDUC BLDG","BLANK","Newburyport",0,FALSE,9,"mixed"
"352","Day Care Centers, Adult (see also Code 140)","0352","DAY CARE","BLANK","Newburyport",0,FALSE,8,"mixed"
"353","Fraternal Organizations","0353","FRATNL ORG","BLANK","Newburyport",0,FALSE,10,"mixed"
"354","Bus Transportation Facilities and Related Properties","0354","TRANSPORT","BLANK","Newburyport",0,FALSE,9,"mixed"
"355","Funeral Homes","0355","FUNERAL HM","BLANK","Newburyport",0,FALSE,10,"mixed"
"356","Miscellaneous Public Services - professional membership organizations, business associations, etc","0356","PROF ASSOC","BLANK","Newburyport",0,FALSE,10,"mixed"
"390","Developable Commercial Land","0390","DEVEL LAND","BLANK","Newburyport",0,FALSE,10,"mixed"
"391","Potentially Developable Commercial Land","0391","POT DEVEL","BLANK","Newburyport",0,FALSE,9,"mixed"
"392","Undevelopable Commercial Land","0392","UNDEV LAND","BLANK","Newburyport",0,FALSE,10,"mixed"
"000","Use code not known or nor provided.","049C","Other","BLANK","Worcester",0,TRUE,5,"mixed"
"393","Agricultural/Horticultural Land not included in Chapter 61A","0393","AH-NOT 61A","BLANK","Newburyport",0,FALSE,10,"mixed"
"420","Utility Tanks","0420","PUB TANKS","BLANK","Newburyport",0,FALSE,9,"mixed"
"421","Liquid Natural Gas Tanks","0421","TANKS LNG","BLANK","Newburyport",0,FALSE,9,"mixed"
"422","Electrical Plant","0422","ELEC PLANT","BLANK","Newburyport",0,FALSE,10,"mixed"
"423","Electric Transmission Right-of-Way","0423","ELEC ROW","BLANK","Newburyport",0,FALSE,8,"mixed"
"424","Electricity Regulating Substations","0424","ELECSUBSTA","BLANK","Newburyport",0,FALSE,10,"mixed"
"425","Gas Production Plants","0425","GAS PLANT","BLANK","Newburyport",0,FALSE,9,"mixed"
"426","Gas Pipeline Right-of-Way","0426","GAS ROW","BLANK","Newburyport",0,FALSE,7,"mixed"
"427","Natural or Manufactured Gas Storage","0427","GAS STG","BLANK","Newburyport",0,FALSE,7,"mixed"
"428","Gas Pressure Control Stations","0428","GAS SUBSTA","BLANK","Newburyport",0,FALSE,10,"mixed"
"440","Developable Industrial Land","0440","IND LD DV","BLANK","Newburyport",0,FALSE,9,"mixed"
"441","Potentially Developable Industrial Land","0441","IND LD PO","BLANK","Newburyport",0,FALSE,9,"mixed"
"442","Undevelopable Industrial Land","0442","IND LD UD","BLANK","Newburyport",0,FALSE,9,"mixed"
"501","Individuals, Partnerships, Associations and Trusts","0501","IND ASC TR","BLANK","Newburyport",0,FALSE,10,"mixed"
"502","Domestic Business Corporations or a Foreign Corporation, as defined in Ch. 63, Sec.30","0502","DOM/FOR CP","BLANK","Newburyport",0,FALSE,10,"mixed"
"503","Domestic and Foreign Corporations Classified Manufacturing, as defined in Ch. 63, Sec. 42B","0503","DOM/FOR ME","BLANK","Newburyport",0,FALSE,10,"mixed"
"504","Public Utilities -- Transmission and Distribution","0504","PUB UTIL","BLANK","Newburyport",0,FALSE,8,"mixed"
"505","Machinery, Poles, Wires, and Underground Conduits, Wires and Pipes of all Telephone and Telegraph Cos., per Comm. Of Rev","0505","MCH PL/WR","BLANK","Newburyport",0,FALSE,9,"mixed"
"506","Pipelines Of 25 Miles Or More In Length For Transmitting Natural Gas Or Petroleum, as determined by Comm. of Revenue","0506","PIPE LINES","BLANK","Newburyport",0,FALSE,10,"mixed"
"601","All land designated under Chapter 61 (not classified as Open Space)","0601","C61 TEN YR","BLANK","Newburyport",0,FALSE,10,"mixed"
"602","Christmas Trees (Ch. 61, not classified as Open Space)","0602","C61 5 YEAR","BLANK","Newburyport",0,FALSE,10,"mixed"
"720","Wet land, scrub land, rock land (Ch. 61A, not classified as Open Space)","0720","NONPRNECLD","BLANK","Newburyport",0,FALSE,10,"mixed"
"801","Hiking - trails or paths (Ch. 61B, not classified as OS)","0801","61B HIKE","BLANK","Newburyport",0,FALSE,8,"mixed"
"802","Camping - areas with sites for overnight camping (Ch. 61B, not classified as Open Space)","0802","61B CAMP","BLANK","Newburyport",0,FALSE,8,"mixed"
"803","Nature Study - areas specifically for nature study or observation (Ch. 61B, not classified as Open Space)","0803","61B NATURE","BLANK","Newburyport",0,FALSE,10,"mixed"
"804","Boating - areas for recreational boating and supporting land facilities (Ch. 61B, not classified as Open Space)","0804","61B BOAT","BLANK","Newburyport",0,FALSE,8,"mixed"
"805","Golfing - areas of land arranged as a golf course (Ch. 61B, not classified as Open Space)","0805","61B GOLF","BLANK","Newburyport",0,FALSE,8,"mixed"
"806","Horseback Riding - trails or areas (Ch. 61B, not classified as Open Space)","0806","61B HORSE","BLANK","Newburyport",0,FALSE,9,"mixed"
"807","Hunting - areas for the hunting of wildlife (Ch. 61B, not classified as Open Space)","0807","61B HUNT","BLANK","Newburyport",0,FALSE,8,"mixed"
"808","Fishing Areas (Ch. 61B, not classified as Open Space)","0808","61B FISH","BLANK","Newburyport",0,FALSE,8,"mixed"
"809","Alpine Skiing - areas for ""downhill"" skiiing (Ch. 61B, not classified as Open Space)","0809","61B AL-SKI","BLANK","Newburyport",0,FALSE,10,"mixed"
"900","United States Government","0900","US GOVT","BLANK","Newburyport",0,FALSE,7,"mixed"
"901","(formerly Commonwealth of Massachusetts.  Removed June 2009.)","0901","COMM-MASS","BLANK","Newburyport",0,FALSE,9,"mixed"
"902","(formerly Counties.  Removed June 2009.)","0902","COUNTY","BLANK","Newburyport",0,FALSE,6,"mixed"
"903","(formerly Municipalities/Districts.  Removed June 2009.)","0903","MUNICPAL","BLANK","Newburyport",0,FALSE,8,"mixed"
"905","(formerly Charitable Organizations (private hospitals, etc...).  Removed June 2009. )","0905","P/HOS CHAR","BLANK","Newburyport",0,FALSE,10,"mixed"
"906","(formerly Religious Organizations.  Removed June 2009.)","0906","CHURCH ETC","BLANK","Newburyport",0,FALSE,10,"mixed"
"907","(formerly 121A Corporations.  Removed June 2009.)","0907","121A CORP","BLANK","Newburyport",0,FALSE,9,"mixed"
"908","(formerly Housing Authority.  Removed June 2009.)","0908","HSNG AUTH","BLANK","Newburyport",0,FALSE,9,"mixed"
"910","Dept. of Conservation and Recreation (DCR), Division of State Parks and Recreation","0910","CHARITABLE","BLANK","Newburyport",0,FALSE,10,"mixed"
"920","Dept. of Conservation and Recreation (DCR) - Division of Urban Parks and Recreation (non-reimbursable)","0920","NON PROFIT","BLANK","Newburyport",0,FALSE,10,"mixed"
"321","Facilities providing building materials, hardware and farm equip, heating, hardware, plumbing, lumber supplies and equip","0321","Retail Trade Code","BLANK","Ashburnham",0,FALSE,17,"mixed"
"332","Auto Repair Facilities","0332","Auto Repair Facilities","BLANK","Ashburnham",0,FALSE,22,"mixed"
"334","Gasoline Service Stations - providing engine repair or maintenance services, and fuel products","0334","Gasoline Service Stations Providing Engine Repair Services, etc.","BLANK","Ashburnham",0,FALSE,64,"mixed"
"601","All land designated under Chapter 61 (not classified as Open Space)","0601","IMPUTED - Forestry","BLANK","Ashburnham",0,FALSE,18,"mixed"
"104","Two-Family Residential","0104","Two Family","BLANK","Mattapoisett",0,FALSE,10,"mixed"
"105","Three-Family Residential","0105","Three Family","BLANK","Mattapoisett",0,FALSE,12,"mixed"
"325","Small Retail and Services stores (under 10,000 sq. ft.)","0325","Retail <10k SF","BLANK","Mattapoisett",0,FALSE,14,"mixed"
"326","Eating and Drinking Establishments - restaurants, diners, fast food establishments, bars, nightclubs","0326","Rest/Clubs","BLANK","Mattapoisett",0,FALSE,10,"mixed"
"601","All land designated under Chapter 61 (not classified as Open Space)","0601","All Land Chapter 61","BLANK","Mattapoisett",0,FALSE,19,"mixed"
"720","Wet land, scrub land, rock land (Ch. 61A, not classified as Open Space)","0720","Nonprnecld","BLANK","Mattapoisett",0,FALSE,10,"mixed"
"801","Hiking - trails or paths (Ch. 61B, not classified as OS)","0801","61B Hiking Trails","BLANK","Mattapoisett",0,FALSE,17,"mixed"
"803","Nature Study - areas specifically for nature study or observation (Ch. 61B, not classified as Open Space)","0803","61B Nature Study","BLANK","Mattapoisett",0,FALSE,16,"mixed"
"805","Golfing - areas of land arranged as a golf course (Ch. 61B, not classified as Open Space)","0805","61B Golf","BLANK","Mattapoisett",0,FALSE,8,"mixed"
"101","Single Family Residential","0101","Single Family","BLANK","Lowell",0,FALSE,13,"mixed"
"114","Affordable Housing Units (Greater than 50% of the units qualify)","0114","Apt 4 to 8 Units C","BLANK","Lowell",0,FALSE,18,"mixed"
"121","Rooming and Boarding Houses","0121","Boarding House C","BLANK","Lowell",0,FALSE,16,"mixed"
"123","Residence Halls or Dormitories","0123","Dormitory","BLANK","Lowell",0,FALSE,9,"mixed"
"322","Discount Stores, Junior Department Stores, Department Stores","0322","Retail > 10,000 SF","BLANK","Lowell",0,FALSE,18,"mixed"
"323","Shopping Centers/Malls","0323","Shopping Mall","BLANK","Lowell",0,FALSE,13,"mixed"
"325","Small Retail and Services stores (under 10,000 sq. ft.)","0325","Retail < 10,000 SF","BLANK","Lowell",0,FALSE,18,"mixed"
"326","Eating and Drinking Establishments - restaurants, diners, fast food establishments, bars, nightclubs","0326","Restaurant/Club","BLANK","Lowell",0,FALSE,15,"mixed"
"331","Automotive Supplies Sales and Service","0331","Car Dealer Small","BLANK","Lowell",0,FALSE,16,"mixed"
"101","Single Family Residential","0101","Single Fam","BLANK","Rehoboth",0,FALSE,10,"mixed"
"104","Two-Family Residential","0104","2 FAM MU
2 FAM MU","BLANK","Rehoboth",0,FALSE,18,"mixed"
"109","Multiple Houses on one parcel","0109","MULTI HSES","BLANK","Rehoboth",0,FALSE,10,"mixed"
"111","Apartments with Four to Eight Units","0111","APT 4-UNI","BLANK","Rehoboth",0,FALSE,9,"mixed"
"112","Apartments with More than Eight Units","0112","APT OVER 8","BLANK","Rehoboth",0,FALSE,10,"mixed"
"322","Discount Stores, Junior Department Stores, Department Stores","0322","STORE/SHOP","BLANK","Rehoboth",0,FALSE,10,"mixed"
"326","Eating and Drinking Establishments - restaurants, diners, fast food establishments, bars, nightclubs","0326","REST/CLUBS","BLANK","Rehoboth",0,FALSE,10,"mixed"
"330","Automotive Vehicles Sales and Service","0330","AUTO V S&S","BLANK","Rehoboth",0,FALSE,10,"mixed"
"331","Automotive Supplies Sales and Service","0331","AUTO S S&S","BLANK","Rehoboth",0,FALSE,10,"mixed"
"332","Auto Repair Facilities","0332","SERVC SHOP","BLANK","Rehoboth",0,FALSE,10,"mixed"
"601","All land designated under Chapter 61 (not classified as Open Space)","0601","C61 TEN YR","BLANK","Rehoboth",0,FALSE,10,"mixed"
"392","Undevelopable Commercial Land","0392","UNDEV LAND","BLANK","Rehoboth",0,FALSE,10,"mixed"
"805","Golfing - areas of land arranged as a golf course (Ch. 61B, not classified as Open Space)","0805","61B GOLF","BLANK","Rehoboth",0,FALSE,8,"mixed"
"803","Nature Study - areas specifically for nature study or observation (Ch. 61B, not classified as Open Space)","0803","61B HORSE","BLANK","Rehoboth",0,FALSE,9,"mixed"
"332","Auto Repair Facilities","0332","Auto Repair","BLANK","Lowell",0,FALSE,11,"mixed"
"353","Fraternal Organizations","0353","Fraternal Org","BLANK","Lowell",0,FALSE,13,"mixed"
"355","Funeral Homes","0355","Funeral Home","BLANK","Lowell",0,FALSE,12,"mixed"
"101","Single Family Residential","0101","Single Fam  MDL-01","BLANK","Easthampton",0,FALSE,18,"mixed"
"104","Two-Family Residential","0104","Two Family  MDL-01","BLANK","Easthampton",0,FALSE,18,"mixed"
"105","Three-Family Residential","0105","THREE FAM","BLANK","Easthampton",0,FALSE,9,"mixed"
"111","Apartments with Four to Eight Units","0111","APT 4-UNIT","BLANK","Easthampton",0,FALSE,10,"mixed"
"124","Rectories, Convents, Monasteries","0124","APT 4-UNIT","BLANK","Easthampton",0,FALSE,10,"mixed"
"322","Discount Stores, Junior Department Stores, Department Stores","0322","STORE/SHOP  MDL-94","BLANK","Easthampton",0,FALSE,18,"mixed"
"326","Eating and Drinking Establishments - restaurants, diners, fast food establishments, bars, nightclubs","0326","REST/CLUBS","BLANK","Easthampton",0,FALSE,10,"mixed"
"355","Funeral Homes","0355","FUNERAL HM","BLANK","Easthampton",0,FALSE,10,"mixed"
"104","Two-Family Residential","0104","Two Family","BLANK","Lowell",0,FALSE,10,"mixed"
"105","Three-Family Residential","0105","Three Family","BLANK","Lowell",0,FALSE,12,"mixed"
"000","Use code not known or nor provided.","010C","Other - Stores/Apt Com","BLANK","Lowell",0,TRUE,22,"mixed"
"000","Use code not known or nor provided.","010J","Other - Stores/Apt Com","BLANK","Lowell",0,TRUE,22,"mixed"
"000","Use code not known or nor provided.","010Z","Other - Stores/Apt Com","BLANK","Lowell",0,TRUE,22,"mixed"
"000","Use code not known or nor provided.","093","Use code not known or nor provided.","BLANK","Montague",0,FALSE,35,"mixed"
"000","Use code not known or nor provided.","039","Use code not known or nor provided.","BLANK","Montague",0,FALSE,35,"mixed"
"101","Single Family Residential","0101","Single Fam","BLANK","Plympton",0,FALSE,10,"mixed"
"101","Single Family Residential","0101","Single Family Residential","BLANK","Wrentham",0,FALSE,25,"mixed"
"104","Two-Family Residential","0104","Two-Family Residential","BLANK","Wrentham",0,FALSE,22,"mixed"
"109","Multiple Houses on one parcel","0109","Multi-Family residential","BLANK","Wrentham",0,FALSE,24,"mixed"
"101","Single Family Residential","0101","Single Family","BLANK","Northbridge",0,FALSE,13,"mixed"
"104","Two-Family Residential","0104","Two Family","BLANK","Northbridge",0,FALSE,10,"mixed"
"106","Accessory Land with Improvement","0106","AC LND IMP","BLANK","Northbridge",0,FALSE,10,"mixed"
"111","Apartments with Four to Eight Units","0111","APT 4-8 UNIT","BLANK","Northbridge",0,FALSE,12,"mixed"
"322","Discount Stores, Junior Department Stores, Department Stores","0322","STORE/SHP M94","BLANK","Northbridge",0,FALSE,13,"mixed"
"326","Eating and Drinking Establishments - restaurants, diners, fast food establishments, bars, nightclubs","0326","REST/CLUBS","BLANK","Northbridge",0,FALSE,10,"mixed"
"355","Funeral Homes","0355","FUNERAL HM M94","BLANK","Northbridge",0,FALSE,14,"mixed"
"805","Golfing - areas of land arranged as a golf course (Ch. 61B, not classified as Open Space)","0805","61B GOLF","BLANK","Northbridge",0,FALSE,8,"mixed"
"000","Use code not known or nor provided.","094","Unknown","BLANK","Leicester",0,FALSE,7,"mixed"
"601","All land designated under Chapter 61 (not classified as Open Space)","0601","Chapter 61 Forestry - 10 year plan","BLANK","Petersham",0,FALSE,34,"mixed"
"326","Eating and Drinking Establishments - restaurants, diners, fast food establishments, bars, nightclubs","0326","IMPUTED - REST/CLUBS","BLANK","Petersham",0,FALSE,20,"mixed"
"101","Single Family Residential","0101","Single Fam","BLANK","Berlin",0,FALSE,10,"mixed"
"109","Multiple Houses on one parcel","0109","Multi Hses","BLANK","Berlin",0,FALSE,10,"mixed"
"322","Discount Stores, Junior Department Stores, Department Stores","0322","Store/Shop","BLANK","Berlin",0,FALSE,10,"mixed"
"101","Single Family Residential","0101","Single Family","BLANK","Gosnold",0,FALSE,13,"mixed"
"322","Discount Stores, Junior Department Stores, Department Stores","0322","Store","BLANK","Gosnold",0,FALSE,5,"mixed"
"101","Single Family Residential","0101","Single Fam","BLANK","Blackstone",0,FALSE,10,"mixed"
"104","Two-Family Residential","0104","Two Family","BLANK","Blackstone",0,FALSE,10,"mixed"
"325","Small Retail and Services stores (under 10,000 sq. ft.)","0325","SM RETAIL","BLANK","Blackstone",0,FALSE,9,"mixed"
"326","Eating and Drinking Establishments - restaurants, diners, fast food establishments, bars, nightclubs","0326","REST/CLUBS","BLANK","Blackstone",0,FALSE,10,"mixed"
"334","Gasoline Service Stations - providing engine repair or maintenance services, and fuel products","0334","GAS ST SRV","BLANK","Blackstone",0,FALSE,10,"mixed"
"111","Apartments with Four to Eight Units","0111","APT 4 TO 8","BLANK","Blackstone",0,FALSE,10,"mixed"
"101","Single Family Residential","0101","SINGLE FAMILY","BLANK","Gloucester",0,FALSE,13,"mixed"
"102","Residential Condominium","0102","CONDO MDL-05","BLANK","Gloucester",0,FALSE,12,"mixed"
"105","Three-Family Residential","0105","THREE FAMILY","BLANK","Gloucester",0,FALSE,12,"mixed"
"111","Apartments with Four to Eight Units","0111","APT 4 TO 8 UNITS","BLANK","Gloucester",0,FALSE,16,"mixed"
"322","Discount Stores, Junior Department Stores, Department Stores","0322","RETAIL > 10,000 SF","BLANK","Gloucester",0,FALSE,18,"mixed"
"325","Small Retail and Services stores (under 10,000 sq. ft.)","0325","RETAIL < 10,000 SF","BLANK","Gloucester",0,FALSE,18,"mixed"
"326","Eating and Drinking Establishments - restaurants, diners, fast food establishments, bars, nightclubs","0326","REST/CLUBS","BLANK","Gloucester",0,FALSE,10,"mixed"
"350","Property Used for Postal Services","0350","POST OFFICE","BLANK","Gloucester",0,FALSE,11,"mixed"
"355","Funeral Homes","0355","FUNERAL HOME","BLANK","Gloucester",0,FALSE,12,"mixed"
"112","Apartments with More than Eight Units","0112","APT OVER 8","BLANK","Gloucester",0,FALSE,10,"mixed"
"352","Day Care Centers, Adult (see also Code 140)","0352","DAY CARE","BLANK","Gloucester",0,FALSE,8,"mixed"
"112","Apartments with More than Eight Units","0112","APT OVER 8","BLANK","Newburyport",0,FALSE,10,"mixed"
"121","Rooming and Boarding Houses","0121","BOARDNG HS","BLANK","Newburyport",0,FALSE,10,"mixed"
"122","Fraternity and Sorority Houses","0122","FRAT/SOROR","BLANK","Newburyport",0,FALSE,10,"mixed"
"123","Residence Halls or Dormitories","0123","DORMITORY","BLANK","Newburyport",0,FALSE,9,"mixed"
"124","Rectories, Convents, Monasteries","0124","REC/CONVEN","BLANK","Newburyport",0,FALSE,10,"mixed"
"101","Single Family Residential","0101","Single Fam  MDL-01","BLANK","Newburyport",0,FALSE,18,"mixed"
"102","Residential Condominium","0102","Condo","BLANK","Newburyport",0,FALSE,5,"mixed"
"103","Mobile Home (includes mobile home park land)","0103","Mobile Hom","BLANK","Newburyport",0,FALSE,10,"mixed"
"104","Two-Family Residential","0104","Two Family  MDL-01","BLANK","Newburyport",0,FALSE,18,"mixed"
"105","Three-Family Residential","0105","THREE FAM  MDL-01","BLANK","Newburyport",0,FALSE,17,"mixed"
"106","Accessory Land with Improvement","0106","AC LND IMP","BLANK","Newburyport",0,FALSE,10,"mixed"
"109","Multiple Houses on one parcel","0109","MULTI HSES","BLANK","Newburyport",0,FALSE,10,"mixed"
"111","Apartments with Four to Eight Units","0111","APT 4-UNIT","BLANK","Newburyport",0,FALSE,10,"mixed"
"201","Residential Open Land","0201","SFR OPEN","BLANK","Newburyport",0,FALSE,8,"mixed"
"202","Underwater Land or Marshes not under public ownership, located in residential area","0202","WET RES PV","BLANK","Newburyport",0,FALSE,10,"mixed"
"322","Discount Stores, Junior Department Stores, Department Stores","0322","store/shop","BLANK","Wenham",0,FALSE,10,"mixed"
"903","(formerly Municipalities/Districts.  Removed June 2009.)","0903","municipal","BLANK","Wenham",0,FALSE,9,"mixed"
"904","(formerly Colleges, Schools(private).  Removed June 2009. )","0904","private school","BLANK","Wenham",0,FALSE,14,"mixed"
"101","Single Family Residential","0101","Conventional","BLANK","Norwood",0,FALSE,12,"mixed"
"105","Three-Family Residential","0105","Three Family","BLANK","Norwood",0,FALSE,12,"mixed"
"109","Multiple Houses on one parcel","0109","Bungalow","BLANK","Norwood",0,FALSE,8,"mixed"
"111","Apartments with Four to Eight Units","0111","Apartment, Old Style","BLANK","Norwood",0,FALSE,20,"mixed"
"325","Small Retail and Services stores (under 10,000 sq. ft.)","0325","Store","BLANK","Norwood",0,FALSE,5,"mixed"
"322","Discount Stores, Junior Department Stores, Department Stores","0322","Discount, junion department","BLANK","Norwood",0,FALSE,27,"mixed"
"101","Single Family Residential","0101","Single Family","BLANK","Rutland",0,FALSE,13,"mixed"
"104","Two-Family Residential","0104","Two Family","BLANK","Rutland",0,FALSE,10,"mixed"
"105","Three-Family Residential","0105","Three Family","BLANK","Rutland",0,FALSE,12,"mixed"
"109","Multiple Houses on one parcel","0109","Multiple Houses","BLANK","Rutland",0,FALSE,15,"mixed"
"111","Apartments with Four to Eight Units","0111","Apt 4 Units","BLANK","Rutland",0,FALSE,11,"mixed"
"903","(formerly Municipalities/Districts.  Removed June 2009.)","0903","Municipality","BLANK","Norwood",0,FALSE,12,"mixed"
"440","Developable Industrial Land","0440","Developable Industrial Land","BLANK","Norwood",0,FALSE,27,"mixed"
"101","Single Family Residential","0101","Single Family","BLANK","Southwick",0,FALSE,13,"mixed"
"104","Two-Family Residential","0104","Two-Family","BLANK","Southwick",0,FALSE,10,"mixed"
"322","Discount Stores, Junior Department Stores, Department Stores","0322","Discount Stores, Junior Department Stores, Department Stores","BLANK","Southwick",0,FALSE,60,"mixed"
"332","Auto Repair Facilities","0332","Auto Repair Facility","BLANK","Southwick",0,FALSE,20,"mixed"
"424","Electricity Regulating Substations","0424","Electricity Regulating Substations","BLANK","Southwick",0,FALSE,34,"mixed"
"601","All land designated under Chapter 61 (not classified as Open Space)","0601","All land designated under Chapter 61","BLANK","Southwick",0,FALSE,36,"mixed"
"720","Wet land, scrub land, rock land (Ch. 61A, not classified as Open Space)","0720","Wet land, scrub land, rock land","BLANK","Southwick",0,FALSE,31,"mixed"
"801","Hiking - trails or paths (Ch. 61B, not classified as OS)","0801","Hiking - trails or paths","BLANK","Southwick",0,FALSE,24,"mixed"
"806","Horseback Riding - trails or areas (Ch. 61B, not classified as Open Space)","0806","Horseback Riding - trails or areas","BLANK","Southwick",0,FALSE,34,"mixed"
"808","Fishing Areas (Ch. 61B, not classified as Open Space)","0808","Fishing Areas","BLANK","Southwick",0,FALSE,13,"mixed"
"103","Mobile Home (includes mobile home park land)","0103","IMPUTED - Mobile Home","BLANK","Southwick",0,FALSE,21,"mixed"
"908","(formerly Housing Authority.  Removed June 2009.)","0908","IMPUTED - Housing Authority","BLANK","Southwick",0,FALSE,27,"mixed"
"000","Use code not known or nor provided.","039","Other","BLANK","Greenfield",0,TRUE,5,"mixed"
"000","Use code not known or nor provided.","094","Other","BLANK","Greenfield",0,TRUE,5,"mixed"
"101","Single Family Residential","0101","Single Family Residential","BLANK","Shutesbury",0,FALSE,25,"mixed"
"109","Multiple Houses on one parcel","0109","MULTI HSES","BLANK","Shutesbury",0,FALSE,10,"mixed"
"101","Single Family Residential","0101","RESIDNTL","BLANK","Norwell",0,FALSE,8,"mixed"
"322","Discount Stores, Junior Department Stores, Department Stores","0322","COMMERC.","BLANK","Norwell",0,FALSE,8,"mixed"
"000","Use code not known or nor provided.","032R","Unknown","BLANK","Norwell",0,FALSE,7,"mixed"
"000","Use code not known or nor provided.","0332","Unknown","BLANK","Norwell",0,FALSE,7,"mixed"
"000","Use code not known or nor provided.","0104","Unknown","BLANK","Norwell",0,FALSE,7,"mixed"
"351","Educational Properties","0351","educational bldg","BLANK","Oakham",0,FALSE,16,"mixed"
"802","Camping - areas with sites for overnight camping (Ch. 61B, not classified as Open Space)","0802","recreational land- camping","BLANK","Oakham",0,FALSE,26,"mixed"
"803","Nature Study - areas specifically for nature study or observation (Ch. 61B, not classified as Open Space)","0803","recreational land- nature","BLANK","Oakham",0,FALSE,25,"mixed"
"805","Golfing - areas of land arranged as a golf course (Ch. 61B, not classified as Open Space)","0805","recreational land golf course","BLANK","Oakham",0,FALSE,29,"mixed"
"806","Horseback Riding - trails or areas (Ch. 61B, not classified as Open Space)","0806","recreational land horses","BLANK","Oakham",0,FALSE,24,"mixed"
"000","Use code not known or nor provided.","0601","Other","BLANK","South Hadley",0,TRUE,5,"mixed"
"000","Use code not known or nor provided.","0803","Other","BLANK","South Hadley",0,TRUE,5,"mixed"
"000","Use code not known or nor provided.","0101","Unknown","BLANK","Holland",0,FALSE,7,"mixed"
"000","Use code not known or nor provided.","0326","Unknown","BLANK","Holland",0,FALSE,7,"mixed"
"000","Use code not known or nor provided.","032I","Unknown","BLANK","Sutton",0,FALSE,7,"mixed"
"101","Single Family Residential","0101","SINGLE FAMILY M01","BLANK","Sutton",0,FALSE,17,"mixed"
"103","Mobile Home (includes mobile home park land)","0103","MOBILE HOME","BLANK","Sutton",0,FALSE,11,"mixed"
"106","Accessory Land with Improvement","0106","AC LAND IMP","BLANK","Sutton",0,FALSE,11,"mixed"
"109","Multiple Houses on one parcel","0109","MULTI HOUSES","BLANK","Sutton",0,FALSE,12,"mixed"
"442","Undevelopable Industrial Land","0442","VACANT LAND UND","BLANK","Sutton",0,FALSE,15,"mixed"
"720","Wet land, scrub land, rock land (Ch. 61A, not classified as Open Space)","0720","NONPRNECLD","BLANK","Sutton",0,FALSE,10,"mixed"
"104","Two-Family Residential","0104","TWO FAMILY M01","BLANK","Sutton",0,FALSE,14,"mixed"
"601","All land designated under Chapter 61 (not classified as Open Space)","0601","WOODLAND","BLANK","Sutton",0,FALSE,8,"mixed"
"000","Use code not known or nor provided.","011C","Unknown","BLANK","Sutton",0,FALSE,7,"mixed"
"101","Single Family Residential","0101","Single Family Residential","BLANK","Oak Bluffs",0,FALSE,25,"mixed"
"102","Residential Condominium","0102","Residential Condominium","BLANK","Oak Bluffs",0,FALSE,23,"mixed"
"322","Discount Stores, Junior Department Stores, Department Stores","0322","Discount Stores, Junior Department Stores, Department Stores","BLANK","Oak Bluffs",0,FALSE,60,"mixed"
"393","Agricultural/Horticultural Land not included in Chapter 61A","0393","Commercial Horticultural","BLANK","Aquinnah",0,FALSE,24,"mixed"
"321","Facilities providing building materials, hardware and farm equip, heating, hardware, plumbing, lumber supplies and equip","0321","HRDWARE ST","BLANK","Millbury",0,FALSE,10,"mixed"
"101","Single Family Residential","0101","SINGLE FAM","BLANK","Easton",0,FALSE,10,"mixed"
"103","Mobile Home (includes mobile home park land)","0103","MOBILE HM","BLANK","Easton",0,FALSE,9,"mixed"
"104","Two-Family Residential","0104","TWO FAMILY MDL-01","BLANK","Easton",0,FALSE,17,"mixed"
"105","Three-Family Residential","0105","THREE FAM","BLANK","Easton",0,FALSE,9,"mixed"
"109","Multiple Houses on one parcel","0109","MULTI HSES","BLANK","Easton",0,FALSE,10,"mixed"
"111","Apartments with Four to Eight Units","0111","APT 4-8 MDL-03","BLANK","Easton",0,FALSE,14,"mixed"
"112","Apartments with More than Eight Units","0112","APT OVER 8","BLANK","Easton",0,FALSE,10,"mixed"
"322","Discount Stores, Junior Department Stores, Department Stores","0322","STORE/SHOP MDL-94","BLANK","Easton",0,FALSE,17,"mixed"
"326","Eating and Drinking Establishments - restaurants, diners, fast food establishments, bars, nightclubs","0326","REST/CLUBS","BLANK","Easton",0,FALSE,10,"mixed"
"355","Funeral Homes","0355","FUNERAL HM MDL-94","BLANK","Easton",0,FALSE,17,"mixed"
"920","Dept. of Conservation and Recreation (DCR) - Division of Urban Parks and Recreation (non-reimbursable)","0920","NON PROFIT","BLANK","Easton",0,FALSE,10,"mixed"
"106","Accessory Land with Improvement","0106","AC LND IMP","BLANK","Easton",0,FALSE,10,"mixed"
"805","Golfing - areas of land arranged as a golf course (Ch. 61B, not classified as Open Space)","0805","61B GOLF","BLANK","Boxford",0,FALSE,8,"mixed"
"106","Accessory Land with Improvement","0106","AC LAND IMP","BLANK","Boxford",0,FALSE,11,"mixed"
"109","Multiple Houses on one parcel","0109","MULTI HSES","BLANK","Boxford",0,FALSE,10,"mixed"
"322","Discount Stores, Junior Department Stores, Department Stores","0322","STORE/SHOP","BLANK","Boxford",0,FALSE,10,"mixed"
"101","Single Family Residential","0101","SINGLE FAM","BLANK","Boxford",0,FALSE,10,"mixed"
"000","Use code not known or nor provided.","098","Vacant, Selectmen or City Council, Other City or Town (Municipal)","BLANK","Hopkinton",0,TRUE,65,"mixed"
"000","Use code not known or nor provided.","093","Other, Theater","BLANK","New Bedford",0,TRUE,14,"mixed"
"270","Cranberry Bog (classified as Open Space)","0270","Cranberry Bog","BLANK","Ludlow",0,FALSE,13,"mixed"
"101","Single Family Residential","0101","Single Family Residential","BLANK","Otis",0,FALSE,25,"mixed"
"322","Discount Stores, Junior Department Stores, Department Stores","0322","Discount Stores, Junior Department Stores, Department Stores","BLANK","Otis",0,FALSE,60,"mixed"
"106","Accessory Land with Improvement","0106","Ac Lnd Imp","BLANK","Otis",0,FALSE,10,"mixed"
"450","Electric Generation Plants","0450","electric generation (solar farm)","BLANK","Dartmouth",0,FALSE,32,"mixed"
"101","Single Family Residential","0101","Single Fam MDL-01","BLANK","Paxton",0,FALSE,17,"mixed"
"109","Multiple Houses on one parcel","0109","MULTI HSES","BLANK","Paxton",0,FALSE,10,"mixed"
"101","Single Family Residential","0101","Single Fam MDL-01","BLANK","East Brookfield",0,FALSE,17,"mixed"
"103","Mobile Home (includes mobile home park land)","0103","Mobile Home","BLANK","East Brookfield",0,FALSE,11,"mixed"
"106","Accessory Land with Improvement","0106","Accessory Land Improvement","BLANK","East Brookfield",0,FALSE,26,"mixed"
"322","Discount Stores, Junior Department Stores, Department Stores","0322","Store/Shop","BLANK","East Brookfield",0,FALSE,10,"mixed"
"326","Eating and Drinking Establishments - restaurants, diners, fast food establishments, bars, nightclubs","0326","Rest/Club","BLANK","East Brookfield",0,FALSE,9,"mixed"
"337","Parking Lots - a commercial open parking lot for motor vehicles","0337","Park Lot","BLANK","East Brookfield",0,FALSE,8,"mixed"
"104","Two-Family Residential","0104","Two Family","BLANK","East Brookfield",0,FALSE,10,"mixed"
"105","Three-Family Residential","0105","THREE FAM","BLANK","East Brookfield",0,FALSE,9,"mixed"
"352","Day Care Centers, Adult (see also Code 140)","0352","DAY CARE","BLANK","East Brookfield",0,FALSE,8,"mixed"
"101","Single Family Residential","0101","Single Family Residential","BLANK","Acton",0,FALSE,25,"mixed"
"104","Two-Family Residential","0104","Two-Family Residential","BLANK","Acton",0,FALSE,22,"mixed"
"322","Discount Stores, Junior Department Stores, Department Stores","0322","Discount Stores, Junior Department Stores, Department Stores","BLANK","Acton",0,FALSE,60,"mixed"
"332","Auto Repair Facilities","0332","Auto Repair Facilities","BLANK","Acton",0,FALSE,22,"mixed"
"906","(formerly Religious Organizations.  Removed June 2009.)","0906","Church ETC MDL-96","BLANK","Acton",0,FALSE,17,"mixed"
"903","(formerly Municipalities/Districts.  Removed June 2009.)","0903","Municipal","BLANK","Acton",0,FALSE,9,"mixed"
"601","All land designated under Chapter 61 (not classified as Open Space)","0601","C61 TEN YR","BLANK","Leominster",0,FALSE,10,"mixed"
"801","Hiking - trails or paths (Ch. 61B, not classified as OS)","0801","61B HIKE","BLANK","Leominster",0,FALSE,8,"mixed"
"803","Nature Study - areas specifically for nature study or observation (Ch. 61B, not classified as Open Space)","0803","61B NATURE","BLANK","Leominster",0,FALSE,10,"mixed"
"805","Golfing - areas of land arranged as a golf course (Ch. 61B, not classified as Open Space)","0805","61B GOLF","BLANK","Leominster",0,FALSE,8,"mixed"
"720","Wet land, scrub land, rock land (Ch. 61A, not classified as Open Space)","0720","NONPRNECLD","BLANK","Leominster",0,FALSE,10,"mixed"
"101","Single Family Residential","0101","Single Family Residential","BLANK","Westminster",0,FALSE,25,"mixed"
"322","Discount Stores, Junior Department Stores, Department Stores","0322","Discount Stores, Junior Department Stores, Department Stores","BLANK","Westminster",0,FALSE,60,"mixed"
"106","Accessory Land with Improvement","0106","Vacant w/OBs","BLANK","Westminster",0,FALSE,12,"mixed"
"440","Developable Industrial Land","0440","Developable Industrial Land","BLANK","Westminster",0,FALSE,27,"mixed"
"101","Single Family Residential","0101","One-Family Residential","BLANK","Tewksbury",0,FALSE,22,"mixed"
"104","Two-Family Residential","0104","Two-Family Residential","BLANK","Tewksbury",0,FALSE,22,"mixed"
"322","Discount Stores, Junior Department Stores, Department Stores","0322","Discount Stores, Junior Department Stores, Department Stores","BLANK","Tewksbury",0,FALSE,60,"mixed"
"332","Auto Repair Facilities","0332","Auto Repair Facilities","BLANK","Tewksbury",0,FALSE,22,"mixed"
"335","Car Wash Facilities","0335","Car Wash Facilities","BLANK","Tewksbury",0,FALSE,19,"mixed"
"391","Potentially Developable Commercial Land","0391","Potentially Developable Commercial Land","BLANK","Tewksbury",0,FALSE,39,"mixed"
"355","Funeral Homes","0355","Funeral Homes","BLANK","Tewksbury",0,FALSE,13,"mixed"
"105","Three-Family Residential","0105","Three-Family Residential","BLANK","Tewksbury",0,FALSE,24,"mixed"
"125","Other Congregate Housing (includes non-transient shared living arrangements)","0125","Assisted Living","BLANK","Tewksbury",0,FALSE,15,"mixed"
"322","Discount Stores, Junior Department Stores, Department Stores","0322","STORE/SHOP  MDL-96","BLANK","West Springfield",0,FALSE,18,"mixed"
"104","Two-Family Residential","0104","TWO FAMILY  MDL-01","BLANK","West Springfield",0,FALSE,18,"mixed"
"105","Three-Family Residential","0105","THREE FAM  MDL-01","BLANK","West Springfield",0,FALSE,17,"mixed"
"356","Miscellaneous Public Services - professional membership organizations, business associations, etc","0356","PROF ASSOC","BLANK","West Springfield",0,FALSE,10,"mixed"
"101","Single Family Residential","0101","SINGLE FAM  MDL-01","BLANK","West Springfield",0,FALSE,18,"mixed"
"326","Eating and Drinking Establishments - restaurants, diners, fast food establishments, bars, nightclubs","0326","APT 4-UNIT","BLANK","West Springfield",0,FALSE,10,"mixed"
"111","Apartments with Four to Eight Units","0111","APT 4-UNIT","BLANK","West Springfield",0,FALSE,10,"mixed"
"920","Dept. of Conservation and Recreation (DCR) - Division of Urban Parks and Recreation (non-reimbursable)","0920","OFFICE BLD  MDL-96","BLANK","West Springfield",0,FALSE,18,"mixed"
"101","Single Family Residential","0101","SINGLE FAM MDL R","BLANK","Chelmsford",0,FALSE,16,"mixed"
"104","Two-Family Residential","0104","TWO FAM R","BLANK","Chelmsford",0,FALSE,9,"mixed"
"105","Three-Family Residential","0105","THREE FAM R","BLANK","Chelmsford",0,FALSE,11,"mixed"
"111","Apartments with Four to Eight Units","0111","4-8 FAM R","BLANK","Chelmsford",0,FALSE,9,"mixed"
"112","Apartments with More than Eight Units","0112","OVER 8 R","BLANK","Chelmsford",0,FALSE,8,"mixed"
"322","Discount Stores, Junior Department Stores, Department Stores","0322","STORE/SHOP MDL C","BLANK","Chelmsford",0,FALSE,16,"mixed"
"326","Eating and Drinking Establishments - restaurants, diners, fast food establishments, bars, nightclubs","0326","RESTAURANT MDL C","BLANK","Chelmsford",0,FALSE,16,"mixed"
"355","Funeral Homes","0355","FUNERAL HM MDL C","BLANK","Chelmsford",0,FALSE,16,"mixed"
"106","Accessory Land with Improvement","0106","RESIDNTL","BLANK","Chelmsford",0,FALSE,8,"mixed"
"109","Multiple Houses on one parcel","0109","RESIDNTL","BLANK","Chelmsford",0,FALSE,8,"mixed"
"903","(formerly Municipalities/Districts.  Removed June 2009.)","0903","EXEMPT","BLANK","Chelmsford",0,FALSE,6,"mixed"
"908","(formerly Housing Authority.  Removed June 2009.)","0908","EXEMPT","BLANK","Chelmsford",0,FALSE,6,"mixed"
"103","Mobile Home (includes mobile home park land)","0103","Mobile Home","BLANK","Chelmsford",0,FALSE,11,"mixed"
"331","Automotive Supplies Sales and Service","0331","Auto Sales S&S","BLANK","Chelmsford",0,FALSE,14,"mixed"
"391","Potentially Developable Commercial Land","0391","Pot Develop","BLANK","Chelmsford",0,FALSE,11,"mixed"
"601","All land designated under Chapter 61 (not classified as Open Space)","0601","C61 Ten year","BLANK","Chelmsford",0,FALSE,12,"mixed"
"351","Educational Properties","0351","Educational Properties","BLANK","Truro",0,FALSE,22,"mixed"
"101","Single Family Residential","0101","Residential","BLANK","Stow",0,FALSE,11,"mixed"
"101","Single Family Residential","0101","Single Fam MDL - 01","BLANK","Attleboro",0,FALSE,19,"mixed"
"322","Discount Stores, Junior Department Stores, Department Stores","0322","Store/Shop MDL - 94","BLANK","Attleboro",0,FALSE,19,"mixed"
"104","Two-Family Residential","0104","Two Family MDL - 01","BLANK","Attleboro",0,FALSE,19,"mixed"
"105","Three-Family Residential","0105","Three Fam MDL - 01","BLANK","Attleboro",0,FALSE,18,"mixed"
"109","Multiple Houses on one parcel","0109","Multi Hses","BLANK","Attleboro",0,FALSE,10,"mixed"
"111","Apartments with Four to Eight Units","0111","Apt 4-Unit MDL - 01","BLANK","Attleboro",0,FALSE,19,"mixed"
"112","Apartments with More than Eight Units","0112","Apt Over 8","BLANK","Attleboro",0,FALSE,10,"mixed"
"326","Eating and Drinking Establishments - restaurants, diners, fast food establishments, bars, nightclubs","0326","Rest/Clubs","BLANK","Attleboro",0,FALSE,10,"mixed"
"332","Auto Repair Facilities","0332","Auto Repr","BLANK","Attleboro",0,FALSE,9,"mixed"
"353","Fraternal Organizations","0353","FRATNL ORG","BLANK","Attleboro",0,FALSE,10,"mixed"
"355","Funeral Homes","0355","Funeral Home","BLANK","Attleboro",0,FALSE,12,"mixed"
"910","Dept. of Conservation and Recreation (DCR), Division of State Parks and Recreation","0910","Charitable","BLANK","Attleboro",0,FALSE,10,"mixed"
"920","Dept. of Conservation and Recreation (DCR) - Division of Urban Parks and Recreation (non-reimbursable)","0920","Non Profit","BLANK","Attleboro",0,FALSE,10,"mixed"
"334","Gasoline Service Stations - providing engine repair or maintenance services, and fuel products","0334","GAS ST SRV MDL-96","BLANK","Attleboro",0,FALSE,17,"mixed"
"801","Hiking - trails or paths (Ch. 61B, not classified as OS)","0801","61B HIKE","BLANK","Attleboro",0,FALSE,8,"mixed"
"805","Golfing - areas of land arranged as a golf course (Ch. 61B, not classified as Open Space)","0805","61B GOLF","BLANK","Attleboro",0,FALSE,8,"mixed"
"121","Rooming and Boarding Houses","0121","Condo NL  MDL-05","BLANK","Sharon",0,FALSE,16,"mixed"
"322","Discount Stores, Junior Department Stores, Department Stores","0322","STORE/SHOP  MDL-94","BLANK","Sharon",0,FALSE,18,"mixed"
"332","Auto Repair Facilities","0332","AUTO REPR","BLANK","Sharon",0,FALSE,9,"mixed"
"101","Single Family Residential","0101","Single Fam  MDL-01","BLANK","Sharon",0,FALSE,18,"mixed"
"337","Parking Lots - a commercial open parking lot for motor vehicles","0337","PARK LOT","BLANK","Sharon",0,FALSE,8,"mixed"
"101","Single Family Residential","0101","Single Family Residential","BLANK","Woburn",0,FALSE,25,"mixed"
"104","Two-Family Residential","0104","Two-Family Residential","BLANK","Woburn",0,FALSE,22,"mixed"
"105","Three-Family Residential","0105","Three-Family Residential","BLANK","Woburn",0,FALSE,24,"mixed"
"000","Use code not known or nor provided.","0121","Other","BLANK","Avon",0,TRUE,5,"mixed"
"000","Use code not known or nor provided.","0326","Other","BLANK","Avon",0,TRUE,5,"mixed"
"440","Developable Industrial Land","0440","IND LD DV","BLANK","Agawam",0,FALSE,9,"mixed"
"805","Golfing - areas of land arranged as a golf course (Ch. 61B, not classified as Open Space)","0805","61B GOLF","BLANK","Agawam",0,FALSE,8,"mixed"
"910","Dept. of Conservation and Recreation (DCR), Division of State Parks and Recreation","0910","CHARITABLE","BLANK","Agawam",0,FALSE,10,"mixed"
"913","Dept. of Public Health (DPH) - Soldiers' Homes","0913","Dept. of Public Health (DPH) - Soldiers' Homes","BLANK","Randolph",0,FALSE,46,"mixed"
"101","Single Family Residential","0101","Single Fam MDL-01","BLANK","Barnstable",0,FALSE,17,"mixed"
"325","Small Retail and Services stores (under 10,000 sq. ft.)","0325","STORE/APTS  MDL-94","BLANK","Barnstable",0,FALSE,18,"mixed"
"109","Multiple Houses on one parcel","0109","MULTI HSES  MDL-01","BLANK","Barnstable",0,FALSE,18,"mixed"
"334","Gasoline Service Stations - providing engine repair or maintenance services, and fuel products","0334","GAS ST SRV  MDL-96","BLANK","Barnstable",0,FALSE,18,"mixed"
"321","Facilities providing building materials, hardware and farm equip, heating, hardware, plumbing, lumber supplies and equip","0321","HRDWARE ST  MDL-96","BLANK","Barnstable",0,FALSE,18,"mixed"
"323","Shopping Centers/Malls","0323","SHOPNGMALL","BLANK","Barnstable",0,FALSE,10,"mixed"
"326","Eating and Drinking Establishments - restaurants, diners, fast food establishments, bars, nightclubs","0326","REST/CLUBS  MDL-94","BLANK","Barnstable",0,FALSE,18,"mixed"
"330","Automotive Vehicles Sales and Service","0330","AUTO V S&S  MDL-96","BLANK","Barnstable",0,FALSE,18,"mixed"
"322","Discount Stores, Junior Department Stores, Department Stores","0322","Store/Shop","BLANK","Rutland",0,FALSE,10,"mixed"
"332","Auto Repair Facilities","0332","Auto Repair","BLANK","Rutland",0,FALSE,11,"mixed"
"106","Accessory Land with Improvement","0106","residential chapter 61","BLANK","Rutland",0,FALSE,22,"mixed"
"601","All land designated under Chapter 61 (not classified as Open Space)","0601","forestry land","BLANK","Rutland",0,FALSE,13,"mixed"
"112","Apartments with More than Eight Units","0112","APT OVER 8  MDL-94","BLANK","Barnstable",0,FALSE,18,"mixed"
"322","Discount Stores, Junior Department Stores, Department Stores","0322","STORE/APTS-Large","BLANK","Barnstable",0,FALSE,16,"mixed"
"910","Dept. of Conservation and Recreation (DCR), Division of State Parks and Recreation","0910","CHARITABLE","BLANK","Barnstable",0,FALSE,10,"mixed"
"105","Three-Family Residential","0105","THREE FAM  MDL-94","BLANK","Barnstable",0,FALSE,17,"mixed"
"000","Use code not known or nor provided.","032Y","Unknown - calling Jim Benoit","BLANK","Barnstable",0,FALSE,28,"mixed"
"111","Apartments with Four to Eight Units","0111","APTS UP TO 4-UNIT  MDL-01","BLANK","Barnstable",0,FALSE,25,"mixed"
"920","Dept. of Conservation and Recreation (DCR) - Division of Urban Parks and Recreation (non-reimbursable)","0920","NON PROFIT","BLANK","Barnstable",0,FALSE,10,"mixed"
"905","(formerly Charitable Organizations (private hospitals, etc...).  Removed June 2009. )","0905","P/HOS CHAR","BLANK","Barnstable",0,FALSE,10,"mixed"
"806","Horseback Riding - trails or areas (Ch. 61B, not classified as Open Space)","0806","61B HORSEBACK","BLANK","Barnstable",0,FALSE,13,"mixed"
"803","Nature Study - areas specifically for nature study or observation (Ch. 61B, not classified as Open Space)","0803","61B NATURE","BLANK","Barnstable",0,FALSE,10,"mixed"
"805","Golfing - areas of land arranged as a golf course (Ch. 61B, not classified as Open Space)","0805","61B GOLF","BLANK","Barnstable",0,FALSE,8,"mixed"
"101","Single Family Residential","0101","Single Fam MDL","BLANK","Boylston",0,FALSE,14,"mixed"
"102","Residential Condominium","0102","Condo","BLANK","Boylston",0,FALSE,5,"mixed"
"104","Two-Family Residential","0104","Two Family","BLANK","Boylston",0,FALSE,10,"mixed"
"601","All land designated under Chapter 61 (not classified as Open Space)","0601","IMPUTED - All land designated under Chapter 61 (not classified as Open Space)","BLANK","Granby",0,FALSE,77,"mixed"
"101","Single Family Residential","0101","Single Family House","BLANK","Lakeville",0,FALSE,19,"mixed"
"601","All land designated under Chapter 61 (not classified as Open Space)","0601","Chapter 61 Land Ten Year","BLANK","Lakeville",0,FALSE,24,"mixed"
"801","Hiking - trails or paths (Ch. 61B, not classified as OS)","0801","61B Hike","BLANK","Lakeville",0,FALSE,8,"mixed"
"803","Nature Study - areas specifically for nature study or observation (Ch. 61B, not classified as Open Space)","0803","61B Nature","BLANK","Lakeville",0,FALSE,10,"mixed"
"805","Golfing - areas of land arranged as a golf course (Ch. 61B, not classified as Open Space)","0805","61B Golf","BLANK","Lakeville",0,FALSE,8,"mixed"
"808","Fishing Areas (Ch. 61B, not classified as Open Space)","0808","61B Fish","BLANK","Lakeville",0,FALSE,8,"mixed"
"101","Single Family Residential","0101","Single Family Residential","BLANK","Dudley",0,FALSE,25,"mixed"
"105","Three-Family Residential","0105","Three-Family Residential","BLANK","Dudley",0,FALSE,24,"mixed"
"322","Discount Stores, Junior Department Stores, Department Stores","0322","Discount Stores, Junior Department Stores, Department Stores","BLANK","Dudley",0,FALSE,60,"mixed"
"332","Auto Repair Facilities","0332","Auto Repair Facilities","BLANK","Dudley",0,FALSE,22,"mixed"
"355","Funeral Homes","0355","Funeral Homes","BLANK","Dudley",0,FALSE,13,"mixed"
"104","Two-Family Residential","0104","TWO FAMILY","BLANK","Dudley",0,FALSE,10,"mixed"
"106","Accessory Land with Improvement","0106","AC LND IMP","BLANK","Dudley",0,FALSE,10,"mixed"
"109","Multiple Houses on one parcel","0109","MULTI HSES","BLANK","Dudley",0,FALSE,10,"mixed"
"000","Use code not known or nor provided.","039","Other","BLANK","Belchertown",0,TRUE,5,"mixed"
"000","Use code not known or nor provided.","093","Other","BLANK","Belchertown",0,TRUE,5,"mixed"
"101","Single Family Residential","0101","Single Fam MDL-01","BLANK","Rochester",0,FALSE,17,"mixed"
"803","Nature Study - areas specifically for nature study or observation (Ch. 61B, not classified as Open Space)","0803","61B NATURE","BLANK","Rochester",0,FALSE,10,"mixed"
"101","Single Family Residential","0101","Single Fam","BLANK","Wilbraham",0,FALSE,10,"mixed"
"101","Single Family Residential","0101","Bungalow","BLANK","Dracut",0,FALSE,8,"mixed"
"104","Two-Family Residential","0104","2 Family","BLANK","Dracut",0,FALSE,8,"mixed"
"105","Three-Family Residential","0105","3 Family","BLANK","Dracut",0,FALSE,8,"mixed"
"111","Apartments with Four to Eight Units","0111","4 To 8 Unit","BLANK","Dracut",0,FALSE,11,"mixed"
"322","Discount Stores, Junior Department Stores, Department Stores","0322","Shop Center LO","BLANK","Dracut",0,FALSE,14,"mixed"
"326","Eating and Drinking Establishments - restaurants, diners, fast food establishments, bars, nightclubs","0326","Fast Food","BLANK","Dracut",0,FALSE,9,"mixed"
"330","Automotive Vehicles Sales and Service","0330","Stores/Apt Com","BLANK","Dracut",0,FALSE,14,"mixed"
"332","Auto Repair Facilities","0332","Service Shop","BLANK","Dracut",0,FALSE,12,"mixed"
"803","Nature Study - areas specifically for nature study or observation (Ch. 61B, not classified as Open Space)","0803","Conventional","BLANK","Dracut",0,FALSE,12,"mixed"
"805","Golfing - areas of land arranged as a golf course (Ch. 61B, not classified as Open Space)","0805","Pre-Eng Warehs","BLANK","Dracut",0,FALSE,14,"mixed"
"000","Use code not known or nor provided.","091","Other Charitable","BLANK","Fall River",0,TRUE,16,"mixed"
"000","Use code not known or nor provided.","093","Other Charitable","BLANK","Fall River",0,TRUE,16,"mixed"
"101","Single Family Residential","0101","Single Family Residential","BLANK","Russell",0,FALSE,25,"mixed"
"601","All land designated under Chapter 61 (not classified as Open Space)","0601","IMPUTED - All land designated under Chapter 61 (not classified as Open Space)","BLANK","Russell",0,FALSE,77,"mixed"
"801","Hiking - trails or paths (Ch. 61B, not classified as OS)","0801","IMPUTED - Hiking - trails or paths","BLANK","Russell",0,FALSE,34,"mixed"
"101","Single Family Residential","0101","Single Family Residential","BLANK","Weston",0,FALSE,25,"mixed"
"102","Residential Condominium","0102","CONDO MU","BLANK","Somerville",0,FALSE,8,"mixed"
"109","Multiple Houses on one parcel","0109","MULTI HSES","BLANK","Somerville",0,FALSE,10,"mixed"
"111","Apartments with Four to Eight Units","0111","APT 4-8 MDL-01","BLANK","Somerville",0,FALSE,14,"mixed"
"112","Apartments with More than Eight Units","0112","APT OVER 8","BLANK","Somerville",0,FALSE,10,"mixed"
"322","Discount Stores, Junior Department Stores, Department Stores","0322","STORE/SHOP MDL-94","BLANK","Somerville",0,FALSE,17,"mixed"
"324","Supermarkets (in excess of 10,000 sq. ft.)","0324","SUPERMKT","BLANK","Somerville",0,FALSE,8,"mixed"
"325","Small Retail and Services stores (under 10,000 sq. ft.)","0325","CONV FOOD","BLANK","Somerville",0,FALSE,9,"mixed"
"326","Eating and Drinking Establishments - restaurants, diners, fast food establishments, bars, nightclubs","0326","REST/CLUBS MDL-94","BLANK","Somerville",0,FALSE,17,"mixed"
"332","Auto Repair Facilities","0332","AUTO REPR","BLANK","Somerville",0,FALSE,9,"mixed"
"336","Parking Garages","0336","PARK GAR","BLANK","Somerville",0,FALSE,8,"mixed"
"351","Educational Properties","0351","EDUC BLDG","BLANK","Somerville",0,FALSE,9,"mixed"
"355","Funeral Homes","0355","FUNERAL HM","BLANK","Somerville",0,FALSE,10,"mixed"
"104","Two-Family Residential","0104","TWO FAMILY","BLANK","Mansfield",0,FALSE,10,"mixed"
"325","Small Retail and Services stores (under 10,000 sq. ft.)","0325","STORE/SHOP  M-94","BLANK","Mansfield",0,FALSE,16,"mixed"
"121","Rooming and Boarding Houses","0121","BOARDNG HS","BLANK","Mansfield",0,FALSE,10,"mixed"
"105","Three-Family Residential","0105","THREE FAM","BLANK","Mansfield",0,FALSE,9,"mixed"
"109","Multiple Houses on one parcel","0109","MULTI HSES","BLANK","Mansfield",0,FALSE,10,"mixed"
"101","Single Family Residential","0101","SINGLE FAM","BLANK","Mansfield",0,FALSE,10,"mixed"
"393","Agricultural/Horticultural Land not included in Chapter 61A","0393","AH-NOT 61A","BLANK","Mansfield",0,FALSE,10,"mixed"
"807","Hunting - areas for the hunting of wildlife (Ch. 61B, not classified as Open Space)","0807","61B HUNT","BLANK","Mansfield",0,FALSE,8,"mixed"
"391","Potentially Developable Commercial Land","0391","POT DEVEL","BLANK","Mansfield",0,FALSE,9,"mixed"
"720","Wet land, scrub land, rock land (Ch. 61A, not classified as Open Space)","0720","NONPRNECLD","BLANK","Mansfield",0,FALSE,10,"mixed"
"111","Apartments with Four to Eight Units","0111","APT 4-UNIT  MDL-01","BLANK","Mansfield",0,FALSE,18,"mixed"
"806","Horseback Riding - trails or areas (Ch. 61B, not classified as Open Space)","0806","61B HORSE","BLANK","Mansfield",0,FALSE,9,"mixed"
"961","Rectory or Parsonage","0961","RES TYPE EXEMPT","BLANK","Mansfield",0,FALSE,15,"mixed"
"326","Eating and Drinking Establishments - restaurants, diners, fast food establishments, bars, nightclubs","0326","REST/CLUBS","BLANK","Mansfield",0,FALSE,10,"mixed"
"601","All land designated under Chapter 61 (not classified as Open Space)","0601","61 LAND","BLANK","Mansfield",0,FALSE,7,"mixed"
"000","Use code not known or nor provided.","0101","Unknown","BLANK","Sterling",0,FALSE,7,"mixed"
"000","Use code not known or nor provided.","0103","Unknown","BLANK","Sterling",0,FALSE,7,"mixed"
"104","Two-Family Residential","0104","Two Family MDL-01","BLANK","Dedham",0,FALSE,17,"mixed"
"105","Three-Family Residential","0105","THREE FAM","BLANK","Dedham",0,FALSE,9,"mixed"
"111","Apartments with Four to Eight Units","0111","APT 4-UNIT","BLANK","Dedham",0,FALSE,10,"mixed"
"112","Apartments with More than Eight Units","0112","APT OVER 8","BLANK","Dedham",0,FALSE,10,"mixed"
"325","Small Retail and Services stores (under 10,000 sq. ft.)","0325","STORE","BLANK","Dedham",0,FALSE,5,"mixed"
"326","Eating and Drinking Establishments - restaurants, diners, fast food establishments, bars, nightclubs","0326","REST/CLUBS","BLANK","Dedham",0,FALSE,10,"mixed"
"391","Potentially Developable Commercial Land","0391","POT DEVEL","BLANK","Dedham",0,FALSE,9,"mixed"
"101","Single Family Residential","0101","Single Fam","BLANK","Amherst",0,FALSE,10,"mixed"
"104","Two-Family Residential","0104","Two Fam","BLANK","Amherst",0,FALSE,7,"mixed"
"105","Three-Family Residential","0105","Three Fam","BLANK","Amherst",0,FALSE,9,"mixed"
"322","Discount Stores, Junior Department Stores, Department Stores","0322","Store/Shop  Com","BLANK","Amherst",0,FALSE,15,"mixed"
"326","Eating and Drinking Establishments - restaurants, diners, fast food establishments, bars, nightclubs","0326","Restaurant","BLANK","Amherst",0,FALSE,10,"mixed"
"355","Funeral Homes","0355","Funeral Hm","BLANK","Amherst",0,FALSE,10,"mixed"
"112","Apartments with More than Eight Units","0112","Over 8","BLANK","Amherst",0,FALSE,6,"mixed"
"111","Apartments with Four to Eight Units","0111","4-8 Fam","BLANK","Amherst",0,FALSE,7,"mixed"
"355","Funeral Homes","0355","FUNERAL HM","BLANK","Dedham",0,FALSE,10,"mixed"
"102","Residential Condominium","0102","Condo","BLANK","Dedham",0,FALSE,5,"mixed"
"106","Accessory Land with Improvement","0106","Accessory land w improvement","BLANK","Lunenburg",0,FALSE,28,"mixed"
"326","Eating and Drinking Establishments - restaurants, diners, fast food establishments, bars, nightclubs","0326","Restaurant/eating establishment","BLANK","Lunenburg",0,FALSE,31,"mixed"
"332","Auto Repair Facilities","0332","Auto repair","BLANK","Lunenburg",0,FALSE,11,"mixed"
"104","Two-Family Residential","0104","TWO FAM R","BLANK","Clinton",0,FALSE,9,"mixed"
"112","Apartments with More than Eight Units","0112","OVER 8 R
","BLANK","Clinton",0,FALSE,10,"mixed"
"111","Apartments with Four to Eight Units","0111","4-8 FAM R","BLANK","Clinton",0,FALSE,9,"mixed"
"105","Three-Family Residential","0105","THREE FAM R","BLANK","Clinton",0,FALSE,11,"mixed"
"104","Two-Family Residential","0104","Two Family","BLANK","Norfolk",0,FALSE,10,"mixed"
"109","Multiple Houses on one parcel","0109","Multi Hses","BLANK","Norfolk",0,FALSE,10,"mixed"
"000","Use code not known or nor provided.","093","Unknown","BLANK","Malden",0,FALSE,7,"mixed"
"101","Single Family Residential","0101","Single Fam MDL-01","BLANK","Princeton",0,FALSE,17,"mixed"
"106","Accessory Land with Improvement","0106","AC LND IMP","BLANK","Princeton",0,FALSE,10,"mixed"
"109","Multiple Houses on one parcel","0109","MULTI HSES","BLANK","Princeton",0,FALSE,10,"mixed"
"601","All land designated under Chapter 61 (not classified as Open Space)","0601","C61 TEN YR","BLANK","Princeton",0,FALSE,10,"mixed"
"322","Discount Stores, Junior Department Stores, Department Stores","0322","STORE/SHOP MDL-94","BLANK","Norfolk",0,FALSE,17,"mixed"
"331","Automotive Supplies Sales and Service","0331","AUTO S S&S","BLANK","Norfolk",0,FALSE,10,"mixed"
"601","All land designated under Chapter 61 (not classified as Open Space)","0601","C61 TEN YR","BLANK","Norfolk",0,FALSE,10,"mixed"
"720","Wet land, scrub land, rock land (Ch. 61A, not classified as Open Space)","0720","NONPRNECLD","BLANK","Norfolk",0,FALSE,10,"mixed"
"801","Hiking - trails or paths (Ch. 61B, not classified as OS)","0801","61B HIKE","BLANK","Norfolk",0,FALSE,8,"mixed"
"803","Nature Study - areas specifically for nature study or observation (Ch. 61B, not classified as Open Space)","0803","61B NATURE","BLANK","Norfolk",0,FALSE,10,"mixed"
"806","Horseback Riding - trails or areas (Ch. 61B, not classified as Open Space)","0806","61B HORSE","BLANK","Norfolk",0,FALSE,9,"mixed"
"601","All land designated under Chapter 61 (not classified as Open Space)","0601","C61 TEN YR","BLANK","Grafton",0,FALSE,10,"mixed"
"720","Wet land, scrub land, rock land (Ch. 61A, not classified as Open Space)","0720","NONPRNECLD","BLANK","Grafton",0,FALSE,10,"mixed"
"801","Hiking - trails or paths (Ch. 61B, not classified as OS)","0801","61B HIKE","BLANK","Grafton",0,FALSE,8,"mixed"
"803","Nature Study - areas specifically for nature study or observation (Ch. 61B, not classified as Open Space)","0803","61B NATURE","BLANK","Grafton",0,FALSE,10,"mixed"
"806","Horseback Riding - trails or areas (Ch. 61B, not classified as Open Space)","0806","61B HORSE","BLANK","Grafton",0,FALSE,9,"mixed"
"903","(formerly Municipalities/Districts.  Removed June 2009.)","0903","MUNICPAL","BLANK","Grafton",0,FALSE,8,"mixed"
"906","(formerly Religious Organizations.  Removed June 2009.)","0906","CHURCH ETC","BLANK","Grafton",0,FALSE,10,"mixed"
"601","All land designated under Chapter 61 (not classified as Open Space)","0601","IMPUTED - C61 Ten Year","BLANK","West Brookfield",0,FALSE,22,"mixed"
"720","Wet land, scrub land, rock land (Ch. 61A, not classified as Open Space)","0720","IMPUTED - Nonpre NEC Land","BLANK","West Brookfield",0,FALSE,25,"mixed"
"803","Nature Study - areas specifically for nature study or observation (Ch. 61B, not classified as Open Space)","0803","IMPUTED - 61B Nature","BLANK","West Brookfield",0,FALSE,20,"mixed"
"901","(formerly Commonwealth of Massachusetts.  Removed June 2009.)","0901","IMPUTED - Commonwealth of Mass","BLANK","West Brookfield",0,FALSE,30,"mixed"
"903","(formerly Municipalities/Districts.  Removed June 2009.)","0903","IMPUTED - Tax Exempt","BLANK","West Brookfield",0,FALSE,20,"mixed"
"101","Single Family Residential","0101","IMPUTED - Single Family Residential","BLANK","Medford",0,FALSE,35,"mixed"
"104","Two-Family Residential","0104","IMPUTED - Two-Family Residential","BLANK","Medford",0,FALSE,32,"mixed"
"105","Three-Family Residential","0105","IMPUTED - Three-Family Residential","BLANK","Medford",0,FALSE,34,"mixed"
"322","Discount Stores, Junior Department Stores, Department Stores","0322","IMPUTED - Discount Stores, Junior Department Stores, Department Stores","BLANK","Medford",0,FALSE,70,"mixed"
"332","Auto Repair Facilities","0332","IMPUTED - Auto Repair Facilities","BLANK","Medford",0,FALSE,32,"mixed"
"355","Funeral Homes","0355","IMPUTED - Funeral Homes","BLANK","Medford",0,FALSE,23,"mixed"
"112","Apartments with More than Eight Units","0112","Apartment Over 8","BLANK","Millis",0,FALSE,16,"mixed"
"101","Single Family Residential","0101","One Family","BLANK","Walpole",0,FALSE,10,"mixed"
"104","Two-Family Residential","0104","Two Family","BLANK","Walpole",0,FALSE,10,"mixed"
"109","Multiple Houses on one parcel","0109","Multi Hses","BLANK","Walpole",0,FALSE,10,"mixed"
"111","Apartments with Four to Eight Units","0111","Apts 4-Unit M-0","BLANK","Walpole",0,FALSE,15,"mixed"
"322","Discount Stores, Junior Department Stores, Department Stores","0322","STORE/SHOP M-94","BLANK","Walpole",0,FALSE,15,"mixed"
"326","Eating and Drinking Establishments - restaurants, diners, fast food establishments, bars, nightclubs","0326","REST/CLUBS","BLANK","Walpole",0,FALSE,10,"mixed"
"355","Funeral Homes","0355","FUNERAL HM","BLANK","Walpole",0,FALSE,10,"mixed"
"000","Use code not known or nor provided.","010C","Other","BLANK","Walpole",0,TRUE,5,"mixed"
"101","Single Family Residential","0101","Single Fam","BLANK","Auburn",0,FALSE,10,"mixed"
"104","Two-Family Residential","0104","Two Family","BLANK","Auburn",0,FALSE,10,"mixed"
"105","Three-Family Residential","0105","THREE FAM","BLANK","Auburn",0,FALSE,9,"mixed"
"109","Multiple Houses on one parcel","0109","MULTI HSES","BLANK","Auburn",0,FALSE,10,"mixed"
"322","Discount Stores, Junior Department Stores, Department Stores","0322","STORE/SHOP","BLANK","Auburn",0,FALSE,10,"mixed"
"326","Eating and Drinking Establishments - restaurants, diners, fast food establishments, bars, nightclubs","0326","REST/CLUBS","BLANK","Auburn",0,FALSE,10,"mixed"
"332","Auto Repair Facilities","0332","AUTO REPR","BLANK","Auburn",0,FALSE,9,"mixed"
"334","Gasoline Service Stations - providing engine repair or maintenance services, and fuel products","0334","GAS ST SRV","BLANK","Auburn",0,FALSE,10,"mixed"
"355","Funeral Homes","0355","FUNERAL HM","BLANK","Auburn",0,FALSE,10,"mixed"
"101","Single Family Residential","0101","Single Family Residential","BLANK","Kingston",0,FALSE,25,"mixed"
"104","Two-Family Residential","0104","Two-Family Residential","BLANK","Kingston",0,FALSE,22,"mixed"
"105","Three-Family Residential","0105","Three-Family Residential","BLANK","Kingston",0,FALSE,24,"mixed"
"322","Discount Stores, Junior Department Stores, Department Stores","0322","Discount Stores, Junior Department Stores, Department Stores","BLANK","Kingston",0,FALSE,60,"mixed"
"332","Auto Repair Facilities","0332","Auto Repair Facilities","BLANK","Kingston",0,FALSE,22,"mixed"
"101","Single Family Residential","0101","Single Family M01","BLANK","Nantucket",0,FALSE,17,"mixed"
"109","Multiple Houses on one parcel","0109","Multiple Houses M01","BLANK","Nantucket",0,FALSE,19,"mixed"
"111","Apartments with Four to Eight Units","0111","Apartment, 4 - 8 Units M01","BLANK","Nantucket",0,FALSE,26,"mixed"
"123","Residence Halls or Dormitories","0123","Dormitory M01","BLANK","Nantucket",0,FALSE,13,"mixed"
"322","Discount Stores, Junior Department Stores, Department Stores","0322","Store/Shop M94","BLANK","Nantucket",0,FALSE,14,"mixed"
"324","Supermarkets (in excess of 10,000 sq. ft.)","0324","Supermarket","BLANK","Nantucket",0,FALSE,11,"mixed"
"325","Small Retail and Services stores (under 10,000 sq. ft.)","0325","Store/Shop M94","BLANK","Nantucket",0,FALSE,14,"mixed"
"332","Auto Repair Facilities","0332","Auto Repair M94","BLANK","Nantucket",0,FALSE,15,"mixed"
"334","Gasoline Service Stations - providing engine repair or maintenance services, and fuel products","0334","Gas Station SRV","BLANK","Nantucket",0,FALSE,15,"mixed"
"337","Parking Lots - a commercial open parking lot for motor vehicles","0337","Parking Lot","BLANK","Nantucket",0,FALSE,11,"mixed"
"000","Use code not known or nor provided.","0101","Other","BLANK","Tisbury",0,TRUE,5,"mixed"
"000","Use code not known or nor provided.","0104","Other","BLANK","Tisbury",0,TRUE,5,"mixed"
"000","Use code not known or nor provided.","0109","Other","BLANK","Tisbury",0,TRUE,5,"mixed"
"000","Use code not known or nor provided.","010J","Other","BLANK","Tisbury",0,TRUE,5,"mixed"
"000","Use code not known or nor provided.","0111","Other","BLANK","Tisbury",0,TRUE,5,"mixed"
"000","Use code not known or nor provided.","0322","Other","BLANK","Tisbury",0,TRUE,5,"mixed"
"000","Use code not known or nor provided.","0326","Other","BLANK","Tisbury",0,TRUE,5,"mixed"
"000","Use code not known or nor provided.","032I","Other","BLANK","Tisbury",0,TRUE,5,"mixed"
"000","Use code not known or nor provided.","0350","Other","BLANK","Tisbury",0,TRUE,5,"mixed"
"000","Use code not known or nor provided.","0351","Other","BLANK","Tisbury",0,TRUE,5,"mixed"
"350","Property Used for Postal Services","0350","Post Office","BLANK","Nantucket",0,FALSE,11,"mixed"
"326","Eating and Drinking Establishments - restaurants, diners, fast food establishments, bars, nightclubs","0326","Restaurant/Clubs M01","BLANK","Nantucket",0,FALSE,20,"mixed"
"321","Facilities providing building materials, hardware and farm equip, heating, hardware, plumbing, lumber supplies and equip","0321","hardware store","BLANK","Tisbury",0,FALSE,14,"mixed"
"101","Single Family Residential","0101","Single Family Residential","BLANK","Templeton",0,FALSE,25,"mixed"
"103","Mobile Home (includes mobile home park land)","0103","Mobile Home (includes mobile home park land)","BLANK","Templeton",0,FALSE,44,"mixed"
"104","Two-Family Residential","0104","Two-Family Residential","BLANK","Templeton",0,FALSE,22,"mixed"
"322","Discount Stores, Junior Department Stores, Department Stores","0322","Discount Stores, Junior Department Stores, Department Stores","BLANK","Templeton",0,FALSE,60,"mixed"
"332","Auto Repair Facilities","0332","Auto Repair Facilities","BLANK","Templeton",0,FALSE,22,"mixed"
"105","Three-Family Residential","0105","Three Family Residential","BLANK","Templeton",0,FALSE,24,"mixed"
"106","Accessory Land with Improvement","0106","Access Land w/ Improvements","BLANK","Templeton",0,FALSE,27,"mixed"
"109","Multiple Houses on one parcel","0109","Multi-family Residential (4 family)","BLANK","Templeton",0,FALSE,35,"mixed"
"601","All land designated under Chapter 61 (not classified as Open Space)","0601","Forest Land (Chapter)","BLANK","Templeton",0,FALSE,21,"mixed"
"101","Single Family Residential","0101","Single Family Residential","BLANK","Plainville",0,FALSE,25,"mixed"
"322","Discount Stores, Junior Department Stores, Department Stores","0322","Discount Stores, Junior Department Stores, Department Stores","BLANK","Plainville",0,FALSE,60,"mixed"
"104","Two-Family Residential","0104","Two-Family Residential","BLANK","Plainville",0,FALSE,22,"mixed"
"601","All land designated under Chapter 61 (not classified as Open Space)","0601","Chapter 61A 10 Year","BLANK","Plainville",0,FALSE,19,"mixed"
"720","Wet land, scrub land, rock land (Ch. 61A, not classified as Open Space)","0720","Non-productive NEC Land","BLANK","Plainville",0,FALSE,23,"mixed"
"806","Horseback Riding - trails or areas (Ch. 61B, not classified as Open Space)","0806","61B Horse","BLANK","Plainville",0,FALSE,9,"mixed"
"101","Single Family Residential","0101","Single Family Residential","BLANK","Stockbridge",0,FALSE,25,"mixed"
"104","Two-Family Residential","0104","Two-Family Residential","BLANK","Stockbridge",0,FALSE,22,"mixed"
"105","Three-Family Residential","0105","Three-Family Residential","BLANK","Stockbridge",0,FALSE,24,"mixed"
"332","Auto Repair Facilities","0332","Auto Repair Facilities","BLANK","Stockbridge",0,FALSE,22,"mixed"
"601","All land designated under Chapter 61 (not classified as Open Space)","0601","All land designated under Chapter 61 (not classified as Open Space)","BLANK","Stockbridge",0,FALSE,67,"mixed"
"805","Golfing - areas of land arranged as a golf course (Ch. 61B, not classified as Open Space)","0805","Golfing - areas of land arranged as a golf course (Ch. 61B, not classified as Open Space)","BLANK","Stockbridge",0,FALSE,89,"mixed"
"322","Discount Stores, Junior Department Stores, Department Stores","0322","Discount Stores, Junior Department Stores, Department Stores","BLANK","Stockbridge",0,FALSE,60,"mixed"
"351","Educational Properties","0351","IMPUTED - Education Building","BLANK","Stockbridge",0,FALSE,28,"mixed"
"106","Accessory Land with Improvement","0106","Acc Land Improvement","BLANK","Taunton",0,FALSE,20,"mixed"
"336","Parking Garages","0336","PARKING GARAGE","BLANK","Taunton",0,FALSE,14,"mixed"
"101","Single Family Residential","0101","Single Family Residential","BLANK","Hampden",0,FALSE,25,"mixed"
"104","Two-Family Residential","0104","Two-Family Residential","BLANK","Hampden",0,FALSE,22,"mixed"
"322","Discount Stores, Junior Department Stores, Department Stores","0322","Store/Shop","BLANK","Hampden",0,FALSE,10,"mixed"
"332","Auto Repair Facilities","0332","Auto Repair Facilities","BLANK","Gardner",0,FALSE,22,"mixed"
"101","Single Family Residential","0101","Single Family","BLANK","Foxborough",0,FALSE,13,"mixed"
"601","All land designated under Chapter 61 (not classified as Open Space)","0601","All land designated under chapter land","BLANK","Foxborough",0,FALSE,38,"mixed"
"326","Eating and Drinking Establishments - restaurants, diners, fast food establishments, bars, nightclubs","0326","Restaurant","BLANK","Foxborough",0,FALSE,10,"mixed"
"000","Use code not known or nor provided.","093","Other","BLANK","Southborough",0,TRUE,5,"mixed"
"390","Developable Commercial Land","0390","Commercial Exemption","BLANK","Holyoke",0,FALSE,20,"mixed"
"914","Dept. of Mental Health (DMH) - Dept. of Mental Retardation","0914","State - Dept of Mental Health","BLANK","Holyoke",0,FALSE,29,"mixed"
"000","Use code not known or nor provided.","091","Use code not known or nor provided","BLANK","West Bridgewater",0,FALSE,34,"mixed"
"000","Use code not known or nor provided.","0101","Other","BLANK","Georgetown",0,TRUE,5,"mixed"
"000","Use code not known or nor provided.","0105","Other","BLANK","Georgetown",0,TRUE,5,"mixed"
"000","Use code not known or nor provided.","0322","Other","BLANK","Georgetown",0,TRUE,5,"mixed"
"000","Use code not known or nor provided.","0325","Other","BLANK","Georgetown",0,TRUE,5,"mixed"
"000","Use code not known or nor provided.","0326","Other","BLANK","Georgetown",0,TRUE,5,"mixed"
"000","Use code not known or nor provided.","0355","Other","BLANK","Georgetown",0,TRUE,5,"mixed"
"000","Use code not known or nor provided.","0601","Other","BLANK","Georgetown",0,TRUE,5,"mixed"
"101","Single Family Residential","0101","SINGLE FAM M01","BLANK","Taunton",0,FALSE,14,"mixed"
"104","Two-Family Residential","0104","TWO FAMILY M01","BLANK","Taunton",0,FALSE,14,"mixed"
"105","Three-Family Residential","0105","THREE FAM M01","BLANK","Taunton",0,FALSE,13,"mixed"
"111","Apartments with Four to Eight Units","0111","APT 4-8 UNIT M01","BLANK","Taunton",0,FALSE,16,"mixed"
"112","Apartments with More than Eight Units","0112","APT OVER 8","BLANK","Taunton",0,FALSE,10,"mixed"
"121","Rooming and Boarding Houses","0121","APT 4-8 UNIT M94","BLANK","Taunton",0,FALSE,16,"mixed"
"325","Small Retail and Services stores (under 10,000 sq. ft.)","0325","STORES/SHOP M94","BLANK","Taunton",0,FALSE,15,"mixed"
"326","Eating and Drinking Establishments - restaurants, diners, fast food establishments, bars, nightclubs","0326","REST/CLUBS","BLANK","Taunton",0,FALSE,10,"mixed"
"334","Gasoline Service Stations - providing engine repair or maintenance services, and fuel products","0334","GAS ST SRV","BLANK","Taunton",0,FALSE,10,"mixed"
"355","Funeral Homes","0355","FUNERAL HM","BLANK","Taunton",0,FALSE,10,"mixed"
"805","Golfing - areas of land arranged as a golf course (Ch. 61B, not classified as Open Space)","0805","Recreational Land Golfing","BLANK","Longmeadow",0,FALSE,25,"mixed"
"101","Single Family Residential","0101","Single Family","BLANK","Wayland",0,FALSE,13,"mixed"
"322","Discount Stores, Junior Department Stores, Department Stores","0322","Discount Stores, Junior Department Stores, Department Stores","BLANK","Wayland",0,FALSE,60,"mixed"
"352","Day Care Centers, Adult (see also Code 140)","0352","Day Care Centers, Adult (see also Code 140)","BLANK","Wayland",0,FALSE,43,"mixed"
"355","Funeral Homes","0355","Funeral Homes","BLANK","Wayland",0,FALSE,13,"mixed"
"000","Use code not known or nor provided.","097","Other","BLANK","Newbury",0,TRUE,5,"mixed"
"000","Use code not known or nor provided.","091","Other","BLANK","Newbury",0,TRUE,5,"mixed"
"101","Single Family Residential","0101","SINGLE FAM MDL","BLANK","Yarmouth",0,FALSE,14,"mixed"
"104","Two-Family Residential","0104","TWO FAMILY MDL","BLANK","Yarmouth",0,FALSE,14,"mixed"
"105","Three-Family Residential","0105","THREE FAM MDL","BLANK","Yarmouth",0,FALSE,13,"mixed"
"109","Multiple Houses on one parcel","0109","MULTI HSES","BLANK","Yarmouth",0,FALSE,10,"mixed"
"111","Apartments with Four to Eight Units","0111","APT 4-UNIT MDL0","BLANK","Yarmouth",0,FALSE,15,"mixed"
"112","Apartments with More than Eight Units","0112","APT OVER 8","BLANK","Yarmouth",0,FALSE,10,"mixed"
"322","Discount Stores, Junior Department Stores, Department Stores","0322","STORE/SHOP M94","BLANK","Yarmouth",0,FALSE,14,"mixed"
"326","Eating and Drinking Establishments - restaurants, diners, fast food establishments, bars, nightclubs","0326","REST/CLUBS","BLANK","Yarmouth",0,FALSE,10,"mixed"
"332","Auto Repair Facilities","0332","AUTO REPAIR M96","BLANK","Yarmouth",0,FALSE,15,"mixed"
"355","Funeral Homes","0355","FUNERAL HM","BLANK","Yarmouth",0,FALSE,10,"mixed"
"000","Use code not known or nor provided.","012","Other","BLANK","New Ashford",0,TRUE,5,"mixed"
"104","Two-Family Residential","0104","Two-Family Residential","BLANK","West Boylston",0,FALSE,22,"mixed"
"105","Three-Family Residential","0105","Three-Family Residential","BLANK","West Boylston",0,FALSE,24,"mixed"
"803","Nature Study - areas specifically for nature study or observation (Ch. 61B, not classified as Open Space)","0803","Nature Study - areas specifically for nature study or observation (Ch. 61B, not classified as Open Space)","BLANK","West Boylston",0,FALSE,105,"mixed"
"601","All land designated under Chapter 61 (not classified as Open Space)","0601","IMPUTED - C61 Ten Year","BLANK","West Boylston",0,FALSE,22,"mixed"
